TrainID,priority,TrainType,StationOrder,halt_time_minutes,distance_travelled_km,distance_remaining_km,speed_kmph,hour_of_day,is_peak_hour,DayOfWeek,is_weekend,temperature_c,rainfall_intensity_mmh,visibility_km,weather_risk_score,Weather,trains_in_section,preceding_delay_minutes,target_delay_minutes,target_congestion_level
TR001,2,Superfast,1,,0.0,1445.0,128.75560007963762,16,0,Monday,0,18.0,0.0,9.0,10,Clear,2,0.0,0.0,LOW
TR001,2,Superfast,2,,150.0,1295.0,119.97611549688749,18,1,Monday,0,18.0,0.0,9.0,10,Clear,5,2.8,5.0,MEDIUM
TR001,2,Superfast,3,,330.0,1115.0,116.1955580748508,21,1,Monday,0,15.0,0.0,9.0,10,Clear,3,10.8,13.0,MEDIUM
TR001,2,Superfast,4,,465.0,980.0,115.78642018276867,23,0,Monday,0,12.0,0.0,1.5,65,Foggy,2,11.6,17.0,MEDIUM
TR001,2,Superfast,5,,785.0,660.0,116.09977800321654,3,0,Tuesday,0,8.0,0.0,1.5,65,Foggy,3,15.7,20.0,MEDIUM
TR001,2,Superfast,6,,945.0,500.0,113.76471809102144,5,0,Tuesday,0,7.0,0.0,1.5,65,Foggy,1,13.3,18.0,MEDIUM
TR001,2,Superfast,7,,1445.0,10.0,121.3711792748606,12,0,Tuesday,0,22.0,0.0,9.0,25,Cloudy,2,8.8,15.0,LOW
TR002,2,Superfast,1,,0.0,1384.0,126.10882085949962,20,1,Tuesday,0,16.0,0.0,9.0,10,Clear,4,0.2,0.0,MEDIUM
TR002,2,Superfast,2,,685.0,699.0,126.70895034957474,4,0,Wednesday,0,14.0,0.0,9.0,10,Clear,3,5.0,8.0,LOW
TR002,2,Superfast,3,,865.0,519.0,128.86109514498042,6,1,Wednesday,0,20.0,0.0,9.0,10,Clear,3,12.2,15.0,MEDIUM
TR002,2,Superfast,4,,1384.0,10.0,120.84165586015999,12,0,Wednesday,0,28.0,0.0,9.0,25,Cloudy,2,5.8,10.0,LOW
TR003,2,Superfast,1,,0.0,308.0,121.98427033982479,6,1,Wednesday,0,12.0,0.0,9.0,10,Clear,4,0.0,0.0,MEDIUM
TR003,2,Superfast,2,,308.0,10.0,126.58618782295287,12,0,Wednesday,0,22.0,0.0,9.0,10,Clear,3,2.2,5.0,LOW
TR004,3,Mail,1,,0.0,2180.0,102.62311559487128,22,0,Thursday,0,16.0,0.0,9.0,10,Clear,2,0.6,0.0,LOW
TR004,3,Mail,2,,195.0,1985.0,83.92407866424205,1,0,Friday,0,10.0,0.0,1.5,65,Foggy,3,7.1,7.0,LOW
TR004,3,Mail,3,,405.0,1775.0,91.94237080505116,4,0,Friday,0,8.0,0.0,1.5,65,Foggy,1,9.6,15.0,LOW
TR004,3,Mail,4,,780.0,1400.0,106.868133510538,10,1,Friday,0,22.0,0.0,9.0,10,Clear,4,12.3,20.0,MEDIUM
TR004,3,Mail,5,,1160.0,1020.0,100.58875902692665,16,0,Friday,0,26.0,0.0,9.0,25,Cloudy,3,12.5,18.0,LOW
TR004,3,Mail,6,,1445.0,735.0,105.16372176666623,20,1,Friday,0,24.0,0.0,9.0,10,Clear,3,15.4,22.0,MEDIUM
TR004,3,Mail,7,,2180.0,10.0,96.44111473193021,12,0,Saturday,1,32.0,0.0,9.0,25,Cloudy,2,16.0,20.0,LOW
TR005,4,Passenger,1,,0.0,495.0,74.51203528845738,5,0,Saturday,1,14.0,0.0,9.0,10,Clear,2,2.7,0.0,LOW
TR005,4,Passenger,2,,90.0,405.0,62.780749738866895,7,1,Saturday,1,15.0,0.0,9.0,10,Clear,5,4.7,5.0,MEDIUM
TR005,4,Passenger,3,,165.0,330.0,67.5931532161795,8,1,Saturday,1,16.0,0.0,9.0,10,Clear,3,4.4,10.0,MEDIUM
TR005,4,Passenger,4,,240.0,255.0,66.88815481877948,10,1,Saturday,1,17.0,0.0,9.0,10,Clear,4,6.4,12.0,MEDIUM
TR005,4,Passenger,5,,345.0,150.0,65.85267476828534,12,0,Saturday,1,18.0,0.0,9.0,10,Clear,3,11.4,15.0,LOW
TR005,4,Passenger,6,,495.0,10.0,60.55917169538701,12,0,Saturday,1,19.0,0.0,9.0,10,Clear,1,8.0,10.0,LOW
TR006,2,Superfast,1,,0.0,195.0,127.6159734953734,6,1,Sunday,1,13.0,0.0,9.0,10,Clear,4,0.0,0.0,MEDIUM
TR006,2,Superfast,2,,150.0,45.0,126.99408862451871,8,1,Sunday,1,15.0,0.0,9.0,10,Clear,5,5.7,4.0,MEDIUM
TR006,2,Superfast,3,,195.0,10.0,124.25353928996044,12,0,Sunday,1,18.0,0.0,9.0,10,Clear,1,0.9,5.0,LOW
TR007,2,Superfast,1,,0.0,985.0,129.20215624859554,15,0,Monday,0,26.0,0.0,9.0,10,Clear,2,0.0,0.0,LOW
TR007,2,Superfast,2,,120.0,865.0,122.61721684750216,18,1,Monday,0,22.0,0.0,9.0,10,Clear,5,4.2,10.0,MEDIUM
TR007,2,Superfast,3,,485.0,500.0,125.9221640032875,1,0,Tuesday,0,18.0,0.0,9.0,10,Clear,1,7.0,13.0,LOW
TR007,2,Superfast,4,,680.0,305.0,131.89232780205168,4,0,Tuesday,0,20.0,0.0,9.0,10,Clear,2,7.4,15.0,LOW
TR007,2,Superfast,5,,985.0,10.0,120.7134924152102,12,0,Tuesday,0,24.0,0.0,9.0,25,Cloudy,3,11.7,15.0,LOW
TR008,2,Superfast,1,,0.0,120.0,123.96889970516719,5,0,Tuesday,0,24.0,0.0,9.0,10,Clear,2,1.7,0.0,LOW
TR008,2,Superfast,2,,120.0,10.0,126.76739668966309,12,0,Tuesday,0,23.0,0.0,9.0,10,Clear,3,0.9,3.0,LOW
TR009,3,Express,1,,0.0,492.0,98.15954636768024,14,0,Wednesday,0,27.0,0.0,9.0,10,Clear,2,0.0,0.0,LOW
TR009,3,Express,2,,340.0,152.0,103.27655500213278,17,1,Wednesday,0,19.0,0.0,9.0,10,Clear,5,5.2,7.0,LOW
TR009,3,Express,3,,492.0,10.0,105.47352894934082,12,0,Wednesday,0,16.0,0.0,9.0,10,Clear,1,7.4,10.0,LOW
TR010,2,Superfast,1,,0.0,1215.0,127.43359743153142,18,1,Thursday,0,24.0,2.5,3.0,20,Rainy,4,1.4,0.0,MEDIUM
TR010,2,Superfast,2,,160.0,1055.0,126.86195991134531,20,1,Thursday,0,22.0,2.5,3.0,20,Rainy,5,9.0,12.0,MEDIUM
TR010,2,Superfast,3,,275.0,940.0,122.56501251145134,22,0,Thursday,0,21.0,2.5,3.0,20,Rainy,1,12.5,15.0,LOW
TR010,2,Superfast,4,,395.0,820.0,116.92738676949868,0,0,Friday,0,19.0,2.5,3.0,20,Rainy,2,13.7,20.0,MEDIUM
TR010,2,Superfast,5,,740.0,475.0,131.30793578429856,6,1,Friday,0,25.0,2.5,3.0,20,Rainy,5,10.9,18.0,HIGH
TR010,2,Superfast,6,,950.0,265.0,124.13222977800461,10,1,Friday,0,28.0,0.0,9.0,25,Cloudy,3,10.7,15.0,MEDIUM
TR010,2,Superfast,7,,1215.0,10.0,125.22462526236114,12,0,Friday,0,27.0,0.0,9.0,25,Cloudy,2,13.1,20.0,MEDIUM
TR011,2,Superfast,1,,0.0,150.0,132.29098630342972,15,0,Saturday,1,17.0,0.0,9.0,10,Clear,2,0.0,0.0,LOW
TR011,2,Superfast,2,,150.0,10.0,126.47673027816491,12,0,Saturday,1,16.0,0.0,9.0,10,Clear,3,1.0,3.0,LOW
TR012,2,Superfast,1,,0.0,449.0,113.23622302078887,22,0,Sunday,1,11.0,0.0,1.5,65,Foggy,2,0.2,0.0,LOW
TR012,2,Superfast,2,,449.0,10.0,111.0640591169965,12,0,Monday,0,8.0,0.0,1.5,65,Foggy,3,12.8,20.0,MEDIUM
TR013,2,Superfast,1,,0.0,280.0,124.77652228598443,23,0,Monday,0,28.0,0.0,9.0,10,Clear,2,0.0,0.0,LOW
TR013,2,Superfast,2,,280.0,10.0,132.31314249224098,12,0,Tuesday,0,26.0,0.0,9.0,10,Clear,3,5.0,10.0,LOW
TR014,2,Superfast,1,,0.0,765.0,125.01492419696547,11,0,Tuesday,0,18.0,0.0,9.0,10,Clear,2,0.5,0.0,LOW
TR014,2,Superfast,2,,150.0,615.0,133.11160031160327,13,0,Tuesday,0,19.0,0.0,9.0,10,Clear,3,1.1,3.0,LOW
TR014,2,Superfast,3,,330.0,435.0,129.60692784891378,16,0,Tuesday,0,17.0,0.0,9.0,10,Clear,1,4.9,10.0,LOW
TR014,2,Superfast,4,,765.0,10.0,107.64038326523516,12,0,Wednesday,0,10.0,0.0,1.5,65,Foggy,2,11.5,15.0,LOW
TR015,3,Express,1,,0.0,495.0,103.2804594459182,17,1,Thursday,0,16.0,0.0,9.0,10,Clear,4,0.0,0.0,LOW
TR015,3,Express,2,,150.0,345.0,107.63199201880313,19,1,Thursday,0,15.0,0.0,9.0,10,Clear,5,6.7,8.0,LOW
TR015,3,Express,3,,225.0,270.0,103.44406616306946,20,1,Thursday,0,14.0,0.0,9.0,10,Clear,3,4.3,10.0,LOW
TR015,3,Express,4,,300.0,195.0,102.81216731674155,21,1,Thursday,0,13.0,0.0,9.0,10,Clear,4,6.4,8.0,LOW
TR015,3,Express,5,,405.0,90.0,102.870548868494,12,0,Thursday,0,13.0,0.0,9.0,10,Clear,3,3.5,5.0,LOW
TR016,3,Double Decker,1,,0.0,495.0,98.63525169195863,5,0,Friday,0,27.0,0.0,9.0,10,Clear,2,1.0,0.0,LOW
TR016,3,Double Decker,2,,495.0,10.0,103.76434920391019,12,0,Friday,0,29.0,0.0,9.0,10,Clear,3,5.9,12.0,LOW
TR017,3,Express,1,,0.0,308.0,95.20397162430072,15,0,Saturday,1,20.0,0.0,9.0,10,Clear,2,1.9,0.0,LOW
TR017,3,Express,2,,308.0,10.0,100.87973400049313,12,0,Saturday,1,16.0,0.0,9.0,10,Clear,3,5.9,7.0,LOW
TR018,3,Express,1,,0.0,545.0,88.9382131369105,6,1,Sunday,1,10.0,0.0,1.5,65,Foggy,4,2.1,0.0,LOW
TR018,3,Express,2,,185.0,360.0,90.41879689614328,8,1,Sunday,1,9.0,0.0,1.5,65,Foggy,5,8.8,12.0,LOW
TR018,3,Express,3,,545.0,10.0,90.77902773646443,12,0,Sunday,1,8.0,0.0,1.5,65,Foggy,1,9.7,15.0,LOW
TR019,3,Mail,1,,0.0,560.0,102.88766337661967,20,1,Monday,0,22.0,0.0,9.0,10,Clear,4,0.9,0.0,LOW
TR019,3,Mail,2,,560.0,10.0,100.20686331650491,12,0,Tuesday,0,19.0,0.0,9.0,10,Clear,3,12.7,18.0,LOW
TR020,2,Superfast,1,,0.0,685.0,127.21378271231818,22,0,Tuesday,0,25.0,0.0,9.0,10,Clear,2,2.3,0.0,LOW
TR020,2,Superfast,2,,685.0,10.0,126.20479327301365,12,0,Wednesday,0,21.0,0.0,9.0,10,Clear,3,9.5,13.0,LOW
IR-12423,2,SUPERFAST,1,5.0,45.0,555.0,110.20207221428012,8,1,Monday,0,20.8,0.0,1.5,65,Foggy,3,12.7,19.6,HIGH
IR-12423,2,SUPERFAST,1,5.0,45.0,555.0,115.33744158523683,11,0,Monday,0,23.2,1.5,4.0,40,Light Rain,1,6.1,9.3,LOW
IR-12423,2,SUPERFAST,1,5.0,45.0,555.0,116.233141810663,14,0,Monday,0,25.6,1.5,4.0,40,Light Rain,1,4.9,7.5,LOW
IR-12423,2,SUPERFAST,1,5.0,45.0,555.0,112.26335152122236,18,1,Monday,0,28.8,1.5,4.0,40,Light Rain,3,10.1,15.5,HIGH
IR-12423,2,SUPERFAST,1,5.0,45.0,555.0,112.98639006037266,22,0,Monday,0,32.0,1.5,4.0,40,Light Rain,1,9.1,14.0,MEDIUM
IR-12423,2,SUPERFAST,1,5.0,45.0,555.0,112.64350366662471,8,1,Tuesday,0,20.8,0.0,9.0,10,Clear,3,9.6,14.7,MEDIUM
IR-12423,2,SUPERFAST,1,5.0,45.0,555.0,117.22600028747827,11,0,Tuesday,0,23.2,0.0,9.0,10,Clear,1,3.6,5.5,LOW
IR-12423,2,SUPERFAST,1,5.0,45.0,555.0,116.05270085597176,14,0,Tuesday,0,25.6,0.0,9.0,10,Clear,1,5.1,7.9,LOW
IR-12423,2,SUPERFAST,1,5.0,45.0,555.0,110.29068467260109,18,1,Tuesday,0,28.8,0.0,9.0,10,Clear,3,12.6,19.4,HIGH
IR-12423,2,SUPERFAST,1,5.0,45.0,555.0,117.65738583038446,22,0,Tuesday,0,32.0,0.0,9.0,10,Clear,1,3.0,4.7,LOW
IR-12423,2,SUPERFAST,1,5.0,45.0,555.0,114.62054028373369,8,1,Wednesday,0,20.8,0.0,9.0,10,Clear,3,7.0,10.8,MEDIUM
IR-12423,2,SUPERFAST,1,5.0,45.0,555.0,114.66507559926525,11,0,Wednesday,0,23.2,0.0,9.0,10,Clear,1,6.9,10.7,MEDIUM
IR-12423,2,SUPERFAST,1,5.0,45.0,555.0,116.42592320280481,14,0,Wednesday,0,25.6,0.0,9.0,10,Clear,1,4.6,7.1,LOW
IR-12423,2,SUPERFAST,1,5.0,45.0,555.0,113.37750327858703,18,1,Wednesday,0,28.8,0.0,9.0,10,Clear,3,8.6,13.2,MEDIUM
IR-12423,2,SUPERFAST,1,5.0,45.0,555.0,114.84165458436914,22,0,Wednesday,0,32.0,0.0,9.0,10,Clear,1,6.7,10.3,MEDIUM
IR-12423,2,SUPERFAST,1,5.0,45.0,555.0,110.93732049430099,8,1,Thursday,0,20.8,0.0,1.5,65,Foggy,3,11.8,18.1,HIGH
IR-12423,2,SUPERFAST,1,5.0,45.0,555.0,114.9390313880111,11,0,Thursday,0,23.2,1.5,4.0,40,Light Rain,1,6.6,10.1,MEDIUM
IR-12423,2,SUPERFAST,1,5.0,45.0,555.0,114.3926008891473,14,0,Thursday,0,25.6,1.5,4.0,40,Light Rain,1,7.3,11.2,MEDIUM
IR-12423,2,SUPERFAST,1,5.0,45.0,555.0,113.37005602928728,18,1,Thursday,0,28.8,1.5,4.0,40,Light Rain,3,8.6,13.3,MEDIUM
IR-12423,2,SUPERFAST,1,5.0,45.0,555.0,113.51272098999027,22,0,Thursday,0,32.0,1.5,4.0,40,Light Rain,1,8.4,13.0,MEDIUM
IR-12423,2,SUPERFAST,1,5.0,45.0,555.0,111.60239609960269,8,1,Friday,0,20.8,0.0,9.0,10,Clear,3,10.9,16.8,HIGH
IR-12423,2,SUPERFAST,1,5.0,45.0,555.0,114.3048958914479,11,0,Friday,0,23.2,0.0,9.0,10,Clear,1,7.4,11.4,MEDIUM
IR-12423,2,SUPERFAST,1,5.0,45.0,555.0,115.67933200329462,14,0,Friday,0,25.6,0.0,9.0,10,Clear,1,5.6,8.6,LOW
IR-12423,2,SUPERFAST,1,5.0,45.0,555.0,111.69356857943106,18,1,Friday,0,28.8,0.0,9.0,10,Clear,3,10.8,16.6,HIGH
IR-12423,2,SUPERFAST,1,5.0,45.0,555.0,117.77511775941174,22,0,Friday,0,32.0,0.0,9.0,10,Clear,1,2.9,4.4,LOW
IR-12423,2,SUPERFAST,1,5.0,45.0,555.0,111.78009729005441,8,1,Saturday,1,20.8,0.0,9.0,10,Clear,3,10.7,16.4,HIGH
IR-12423,2,SUPERFAST,1,5.0,45.0,555.0,116.43573624953788,11,0,Saturday,1,23.2,0.0,9.0,10,Clear,1,4.6,7.1,LOW
IR-12423,2,SUPERFAST,1,5.0,45.0,555.0,114.89045662562278,14,0,Saturday,1,25.6,0.0,9.0,10,Clear,1,6.6,10.2,MEDIUM
IR-12423,2,SUPERFAST,1,5.0,45.0,555.0,111.5567788138987,18,1,Saturday,1,28.8,0.0,9.0,10,Clear,3,11.0,16.9,HIGH
IR-12423,2,SUPERFAST,1,5.0,45.0,555.0,115.11352652227556,22,0,Saturday,1,32.0,0.0,9.0,10,Clear,1,6.4,9.8,LOW
IR-12423,2,SUPERFAST,1,5.0,45.0,555.0,110.62827071162086,8,1,Sunday,1,20.8,0.0,1.5,65,Foggy,3,12.2,18.7,HIGH
IR-12423,2,SUPERFAST,1,5.0,45.0,555.0,117.2481393099767,11,0,Sunday,1,23.2,1.5,4.0,40,Light Rain,1,3.6,5.5,LOW
IR-12423,2,SUPERFAST,1,5.0,45.0,555.0,117.51961671609232,14,0,Sunday,1,25.6,1.5,4.0,40,Light Rain,1,3.2,5.0,LOW
IR-12423,2,SUPERFAST,1,5.0,45.0,555.0,112.1883120007129,18,1,Sunday,1,28.8,1.5,4.0,40,Light Rain,3,10.2,15.6,HIGH
IR-12423,2,SUPERFAST,1,5.0,45.0,555.0,115.07656913369425,22,0,Sunday,1,32.0,1.5,4.0,40,Light Rain,1,6.4,9.8,LOW
IR-12423,2,SUPERFAST,2,5.0,90.0,510.0,114.89070425247465,8,1,Monday,0,20.8,0.0,1.5,65,Foggy,3,6.6,10.2,MEDIUM
IR-12423,2,SUPERFAST,2,5.0,90.0,510.0,117.13806490619541,11,0,Monday,0,23.2,1.5,4.0,40,Light Rain,1,3.7,5.7,LOW
IR-12423,2,SUPERFAST,2,5.0,90.0,510.0,116.22376901380252,14,0,Monday,0,25.6,1.5,4.0,40,Light Rain,1,4.9,7.6,LOW
IR-12423,2,SUPERFAST,2,5.0,90.0,510.0,114.84584092988781,18,1,Monday,0,28.8,1.5,4.0,40,Light Rain,3,6.7,10.3,MEDIUM
IR-12423,2,SUPERFAST,2,5.0,90.0,510.0,118.77207535422374,22,0,Monday,0,32.0,1.5,4.0,40,Light Rain,1,1.6,2.5,LOW
IR-12423,2,SUPERFAST,2,5.0,90.0,510.0,114.45175292162526,8,1,Tuesday,0,20.8,0.0,9.0,10,Clear,3,7.2,11.1,MEDIUM
IR-12423,2,SUPERFAST,2,5.0,90.0,510.0,117.48804710298008,11,0,Tuesday,0,23.2,0.0,9.0,10,Clear,1,3.3,5.0,LOW
IR-12423,2,SUPERFAST,2,5.0,90.0,510.0,118.36016647993144,14,0,Tuesday,0,25.6,0.0,9.0,10,Clear,1,2.1,3.3,LOW
IR-12423,2,SUPERFAST,2,5.0,90.0,510.0,115.08034813552736,18,1,Tuesday,0,28.8,0.0,9.0,10,Clear,3,6.4,9.8,LOW
IR-12423,2,SUPERFAST,2,5.0,90.0,510.0,119.08869635752292,22,0,Tuesday,0,32.0,0.0,9.0,10,Clear,1,1.2,1.8,LOW
IR-12423,2,SUPERFAST,2,5.0,90.0,510.0,115.92926296968461,8,1,Wednesday,0,20.8,0.0,9.0,10,Clear,3,5.3,8.1,LOW
IR-12423,2,SUPERFAST,2,5.0,90.0,510.0,117.35348029430233,11,0,Wednesday,0,23.2,0.0,9.0,10,Clear,1,3.4,5.3,LOW
IR-12423,2,SUPERFAST,2,5.0,90.0,510.0,117.24911876086483,14,0,Wednesday,0,25.6,0.0,9.0,10,Clear,1,3.6,5.5,LOW
IR-12423,2,SUPERFAST,2,5.0,90.0,510.0,115.2721091187168,18,1,Wednesday,0,28.8,0.0,9.0,10,Clear,3,6.1,9.5,LOW
IR-12423,2,SUPERFAST,2,5.0,90.0,510.0,119.89071115413037,22,0,Wednesday,0,32.0,0.0,9.0,10,Clear,1,0.1,0.2,LOW
IR-12423,2,SUPERFAST,2,5.0,90.0,510.0,114.72656125969613,8,1,Thursday,0,20.8,0.0,1.5,65,Foggy,3,6.9,10.5,MEDIUM
IR-12423,2,SUPERFAST,2,5.0,90.0,510.0,118.41983817853162,11,0,Thursday,0,23.2,1.5,4.0,40,Light Rain,1,2.1,3.2,LOW
IR-12423,2,SUPERFAST,2,5.0,90.0,510.0,118.01875819477505,14,0,Thursday,0,25.6,1.5,4.0,40,Light Rain,1,2.6,4.0,LOW
IR-12423,2,SUPERFAST,2,5.0,90.0,510.0,116.04975817677438,18,1,Thursday,0,28.8,1.5,4.0,40,Light Rain,3,5.1,7.9,LOW
IR-12423,2,SUPERFAST,2,5.0,90.0,510.0,116.67954695172205,22,0,Thursday,0,32.0,1.5,4.0,40,Light Rain,1,4.3,6.6,LOW
IR-12423,2,SUPERFAST,2,5.0,90.0,510.0,113.20111030202649,8,1,Friday,0,20.8,0.0,9.0,10,Clear,3,8.8,13.6,MEDIUM
IR-12423,2,SUPERFAST,2,5.0,90.0,510.0,116.0303394901597,11,0,Friday,0,23.2,0.0,9.0,10,Clear,1,5.2,7.9,LOW
IR-12423,2,SUPERFAST,2,5.0,90.0,510.0,117.32364312924861,14,0,Friday,0,25.6,0.0,9.0,10,Clear,1,3.5,5.4,LOW
IR-12423,2,SUPERFAST,2,5.0,90.0,510.0,115.51518073735163,18,1,Friday,0,28.8,0.0,9.0,10,Clear,3,5.8,9.0,LOW
IR-12423,2,SUPERFAST,2,5.0,90.0,510.0,117.15202960437296,22,0,Friday,0,32.0,0.0,9.0,10,Clear,1,3.7,5.7,LOW
IR-12423,2,SUPERFAST,2,5.0,90.0,510.0,115.88858679182556,8,1,Saturday,1,20.8,0.0,9.0,10,Clear,3,5.3,8.2,LOW
IR-12423,2,SUPERFAST,2,5.0,90.0,510.0,117.54339974933703,11,0,Saturday,1,23.2,0.0,9.0,10,Clear,1,3.2,4.9,LOW
IR-12423,2,SUPERFAST,2,5.0,90.0,510.0,119.80361801156366,14,0,Saturday,1,25.6,0.0,9.0,10,Clear,1,0.3,0.4,LOW
IR-12423,2,SUPERFAST,2,5.0,90.0,510.0,115.8759292746051,18,1,Saturday,1,28.8,0.0,9.0,10,Clear,3,5.4,8.2,LOW
IR-12423,2,SUPERFAST,2,5.0,90.0,510.0,119.90998999612553,22,0,Saturday,1,32.0,0.0,9.0,10,Clear,1,0.1,0.2,LOW
IR-12423,2,SUPERFAST,2,5.0,90.0,510.0,114.67765748968779,8,1,Sunday,1,20.8,0.0,1.5,65,Foggy,3,6.9,10.6,MEDIUM
IR-12423,2,SUPERFAST,2,5.0,90.0,510.0,116.5297611110572,11,0,Sunday,1,23.2,1.5,4.0,40,Light Rain,1,4.5,6.9,LOW
IR-12423,2,SUPERFAST,2,5.0,90.0,510.0,119.6282531290269,14,0,Sunday,1,25.6,1.5,4.0,40,Light Rain,1,0.5,0.7,LOW
IR-12423,2,SUPERFAST,2,5.0,90.0,510.0,114.47329111333983,18,1,Sunday,1,28.8,1.5,4.0,40,Light Rain,3,7.2,11.1,MEDIUM
IR-12423,2,SUPERFAST,2,5.0,90.0,510.0,119.62386309270116,22,0,Sunday,1,32.0,1.5,4.0,40,Light Rain,1,0.5,0.8,LOW
IR-12423,2,SUPERFAST,3,5.0,135.0,465.0,112.4530297870636,8,1,Monday,0,20.8,0.0,1.5,65,Foggy,3,9.8,15.1,HIGH
IR-12423,2,SUPERFAST,3,5.0,135.0,465.0,115.18786739471074,11,0,Monday,0,23.2,1.5,4.0,40,Light Rain,1,6.3,9.6,LOW
IR-12423,2,SUPERFAST,3,5.0,135.0,465.0,115.65832606284008,14,0,Monday,0,25.6,1.5,4.0,40,Light Rain,1,5.6,8.7,LOW
IR-12423,2,SUPERFAST,3,5.0,135.0,465.0,114.0026819061138,18,1,Monday,0,28.8,1.5,4.0,40,Light Rain,3,7.8,12.0,MEDIUM
IR-12423,2,SUPERFAST,3,5.0,135.0,465.0,116.5677163380651,22,0,Monday,0,32.0,1.5,4.0,40,Light Rain,1,4.5,6.9,LOW
IR-12423,2,SUPERFAST,3,5.0,135.0,465.0,110.00874964318548,8,1,Tuesday,0,20.8,0.0,9.0,10,Clear,3,13.0,20.0,HIGH
IR-12423,2,SUPERFAST,3,5.0,135.0,465.0,115.30179956375773,11,0,Tuesday,0,23.2,0.0,9.0,10,Clear,1,6.1,9.4,LOW
IR-12423,2,SUPERFAST,3,5.0,135.0,465.0,115.93776994531213,14,0,Tuesday,0,25.6,0.0,9.0,10,Clear,1,5.3,8.1,LOW
IR-12423,2,SUPERFAST,3,5.0,135.0,465.0,111.40199570575803,18,1,Tuesday,0,28.8,0.0,9.0,10,Clear,3,11.2,17.2,HIGH
IR-12423,2,SUPERFAST,3,5.0,135.0,465.0,112.61678101986648,22,0,Tuesday,0,32.0,0.0,9.0,10,Clear,1,9.6,14.8,MEDIUM
IR-12423,2,SUPERFAST,3,5.0,135.0,465.0,112.74922245353137,8,1,Wednesday,0,20.8,0.0,9.0,10,Clear,3,9.4,14.5,MEDIUM
IR-12423,2,SUPERFAST,3,5.0,135.0,465.0,115.91888628062065,11,0,Wednesday,0,23.2,0.0,9.0,10,Clear,1,5.3,8.2,LOW
IR-12423,2,SUPERFAST,3,5.0,135.0,465.0,111.85603099141586,14,0,Wednesday,0,25.6,0.0,9.0,10,Clear,1,10.6,16.3,MEDIUM
IR-12423,2,SUPERFAST,3,5.0,135.0,465.0,113.26671029416629,18,1,Wednesday,0,28.8,0.0,9.0,10,Clear,3,8.8,13.5,MEDIUM
IR-12423,2,SUPERFAST,3,5.0,135.0,465.0,114.39320450368238,22,0,Wednesday,0,32.0,0.0,9.0,10,Clear,1,7.3,11.2,MEDIUM
IR-12423,2,SUPERFAST,3,5.0,135.0,465.0,109.1261017460406,8,1,Thursday,0,20.8,0.0,1.5,65,Foggy,3,14.1,21.7,HIGH
IR-12423,2,SUPERFAST,3,5.0,135.0,465.0,114.13216011362131,11,0,Thursday,0,23.2,1.5,4.0,40,Light Rain,1,7.6,11.7,MEDIUM
IR-12423,2,SUPERFAST,3,5.0,135.0,465.0,113.86522899431296,14,0,Thursday,0,25.6,1.5,4.0,40,Light Rain,1,8.0,12.3,MEDIUM
IR-12423,2,SUPERFAST,3,5.0,135.0,465.0,111.33119850697037,18,1,Thursday,0,28.8,1.5,4.0,40,Light Rain,3,11.3,17.3,HIGH
IR-12423,2,SUPERFAST,3,5.0,135.0,465.0,114.82762924575252,22,0,Thursday,0,32.0,1.5,4.0,40,Light Rain,1,6.7,10.3,MEDIUM
IR-12423,2,SUPERFAST,3,5.0,135.0,465.0,112.6440100684801,8,1,Friday,0,20.8,0.0,9.0,10,Clear,3,9.6,14.7,MEDIUM
IR-12423,2,SUPERFAST,3,5.0,135.0,465.0,114.25687020866364,11,0,Friday,0,23.2,0.0,9.0,10,Clear,1,7.5,11.5,MEDIUM
IR-12423,2,SUPERFAST,3,5.0,135.0,465.0,113.86415158004951,14,0,Friday,0,25.6,0.0,9.0,10,Clear,1,8.0,12.3,MEDIUM
IR-12423,2,SUPERFAST,3,5.0,135.0,465.0,109.74152832498835,18,1,Friday,0,28.8,0.0,9.0,10,Clear,3,13.3,20.5,HIGH
IR-12423,2,SUPERFAST,3,5.0,135.0,465.0,115.62466992930763,22,0,Friday,0,32.0,0.0,9.0,10,Clear,1,5.7,8.8,LOW
IR-12423,2,SUPERFAST,3,5.0,135.0,465.0,112.34877123202124,8,1,Saturday,1,20.8,0.0,9.0,10,Clear,3,9.9,15.3,HIGH
IR-12423,2,SUPERFAST,3,5.0,135.0,465.0,114.48731128545208,11,0,Saturday,1,23.2,0.0,9.0,10,Clear,1,7.2,11.0,MEDIUM
IR-12423,2,SUPERFAST,3,5.0,135.0,465.0,114.13719996587648,14,0,Saturday,1,25.6,0.0,9.0,10,Clear,1,7.6,11.7,MEDIUM
IR-12423,2,SUPERFAST,3,5.0,135.0,465.0,110.19995534669756,18,1,Saturday,1,28.8,0.0,9.0,10,Clear,3,12.7,19.6,HIGH
IR-12423,2,SUPERFAST,3,5.0,135.0,465.0,116.57859648817202,22,0,Saturday,1,32.0,0.0,9.0,10,Clear,1,4.4,6.8,LOW
IR-12423,2,SUPERFAST,3,5.0,135.0,465.0,111.93794571029433,8,1,Sunday,1,20.8,0.0,1.5,65,Foggy,3,10.5,16.1,HIGH
IR-12423,2,SUPERFAST,3,5.0,135.0,465.0,115.73639845906476,11,0,Sunday,1,23.2,1.5,4.0,40,Light Rain,1,5.5,8.5,LOW
IR-12423,2,SUPERFAST,3,5.0,135.0,465.0,114.3261714311247,14,0,Sunday,1,25.6,1.5,4.0,40,Light Rain,1,7.4,11.3,MEDIUM
IR-12423,2,SUPERFAST,3,5.0,135.0,465.0,110.76153645971524,18,1,Sunday,1,28.8,1.5,4.0,40,Light Rain,3,12.0,18.5,HIGH
IR-12423,2,SUPERFAST,3,5.0,135.0,465.0,115.70756262216558,22,0,Sunday,1,32.0,1.5,4.0,40,Light Rain,1,5.6,8.6,LOW
IR-12423,2,SUPERFAST,4,5.0,180.0,420.0,107.58621929072106,8,1,Monday,0,20.8,0.0,1.5,65,Foggy,3,16.1,24.8,HIGH
IR-12423,2,SUPERFAST,4,5.0,180.0,420.0,110.35885956683369,11,0,Monday,0,23.2,1.5,4.0,40,Light Rain,1,12.5,19.3,MEDIUM
IR-12423,2,SUPERFAST,4,5.0,180.0,420.0,108.81157376384931,14,0,Monday,0,25.6,1.5,4.0,40,Light Rain,1,14.5,22.4,MEDIUM
IR-12423,2,SUPERFAST,4,5.0,180.0,420.0,104.49888504187143,18,1,Monday,0,28.8,1.5,4.0,40,Light Rain,3,20.2,31.0,HIGH
IR-12423,2,SUPERFAST,4,5.0,180.0,420.0,109.70403729498506,22,0,Monday,0,32.0,1.5,4.0,40,Light Rain,1,13.4,20.6,MEDIUM
IR-12423,2,SUPERFAST,4,5.0,180.0,420.0,105.14138064080566,8,1,Tuesday,0,20.8,0.0,9.0,10,Clear,3,19.3,29.7,HIGH
IR-12423,2,SUPERFAST,4,5.0,180.0,420.0,109.16676726393702,11,0,Tuesday,0,23.2,0.0,9.0,10,Clear,1,14.1,21.7,MEDIUM
IR-12423,2,SUPERFAST,4,5.0,180.0,420.0,109.06459492262893,14,0,Tuesday,0,25.6,0.0,9.0,10,Clear,1,14.2,21.9,MEDIUM
IR-12423,2,SUPERFAST,4,5.0,180.0,420.0,106.25787097155522,18,1,Tuesday,0,28.8,0.0,9.0,10,Clear,3,17.9,27.5,HIGH
IR-12423,2,SUPERFAST,4,5.0,180.0,420.0,108.55605065204381,22,0,Tuesday,0,32.0,0.0,9.0,10,Clear,1,14.9,22.9,MEDIUM
IR-12423,2,SUPERFAST,4,5.0,180.0,420.0,109.31464879009653,8,1,Wednesday,0,20.8,0.0,9.0,10,Clear,3,13.9,21.4,HIGH
IR-12423,2,SUPERFAST,4,5.0,180.0,420.0,109.29994503967035,11,0,Wednesday,0,23.2,0.0,9.0,10,Clear,1,13.9,21.4,MEDIUM
IR-12423,2,SUPERFAST,4,5.0,180.0,420.0,109.94137376006061,14,0,Wednesday,0,25.6,0.0,9.0,10,Clear,1,13.1,20.1,MEDIUM
IR-12423,2,SUPERFAST,4,5.0,180.0,420.0,107.04347343545207,18,1,Wednesday,0,28.8,0.0,9.0,10,Clear,3,16.8,25.9,HIGH
IR-12423,2,SUPERFAST,4,5.0,180.0,420.0,110.9721349011696,22,0,Wednesday,0,32.0,0.0,9.0,10,Clear,1,11.7,18.1,MEDIUM
IR-12423,2,SUPERFAST,4,5.0,180.0,420.0,105.18901913664614,8,1,Thursday,0,20.8,0.0,1.5,65,Foggy,3,19.3,29.6,HIGH
IR-12423,2,SUPERFAST,4,5.0,180.0,420.0,108.66097373786774,11,0,Thursday,0,23.2,1.5,4.0,40,Light Rain,1,14.7,22.7,MEDIUM
IR-12423,2,SUPERFAST,4,5.0,180.0,420.0,109.29291504587057,14,0,Thursday,0,25.6,1.5,4.0,40,Light Rain,1,13.9,21.4,MEDIUM
IR-12423,2,SUPERFAST,4,5.0,180.0,420.0,107.5603235296455,18,1,Thursday,0,28.8,1.5,4.0,40,Light Rain,3,16.2,24.9,HIGH
IR-12423,2,SUPERFAST,4,5.0,180.0,420.0,110.745267563211,22,0,Thursday,0,32.0,1.5,4.0,40,Light Rain,1,12.0,18.5,MEDIUM
IR-12423,2,SUPERFAST,4,5.0,180.0,420.0,106.22218225611978,8,1,Friday,0,20.8,0.0,9.0,10,Clear,3,17.9,27.6,HIGH
IR-12423,2,SUPERFAST,4,5.0,180.0,420.0,107.5476651162898,11,0,Friday,0,23.2,0.0,9.0,10,Clear,1,16.2,24.9,MEDIUM
IR-12423,2,SUPERFAST,4,5.0,180.0,420.0,108.12240491524047,14,0,Friday,0,25.6,0.0,9.0,10,Clear,1,15.4,23.8,MEDIUM
IR-12423,2,SUPERFAST,4,5.0,180.0,420.0,105.43015849788345,18,1,Friday,0,28.8,0.0,9.0,10,Clear,3,18.9,29.1,HIGH
IR-12423,2,SUPERFAST,4,5.0,180.0,420.0,107.42680441685802,22,0,Friday,0,32.0,0.0,9.0,10,Clear,1,16.3,25.1,HIGH
IR-12423,2,SUPERFAST,4,5.0,180.0,420.0,109.00037058185063,8,1,Saturday,1,20.8,0.0,9.0,10,Clear,3,14.3,22.0,HIGH
IR-12423,2,SUPERFAST,4,5.0,180.0,420.0,109.1451079583479,11,0,Saturday,1,23.2,0.0,9.0,10,Clear,1,14.1,21.7,MEDIUM
IR-12423,2,SUPERFAST,4,5.0,180.0,420.0,111.28933915082806,14,0,Saturday,1,25.6,0.0,9.0,10,Clear,1,11.3,17.4,MEDIUM
IR-12423,2,SUPERFAST,4,5.0,180.0,420.0,105.47496073048708,18,1,Saturday,1,28.8,0.0,9.0,10,Clear,3,18.9,29.1,HIGH
IR-12423,2,SUPERFAST,4,5.0,180.0,420.0,111.1931044864921,22,0,Saturday,1,32.0,0.0,9.0,10,Clear,1,11.4,17.6,MEDIUM
IR-12423,2,SUPERFAST,4,5.0,180.0,420.0,103.1746772219067,8,1,Sunday,1,20.8,0.0,1.5,65,Foggy,3,21.9,33.7,HIGH
IR-12423,2,SUPERFAST,4,5.0,180.0,420.0,111.40729734049542,11,0,Sunday,1,23.2,1.5,4.0,40,Light Rain,1,11.2,17.2,MEDIUM
IR-12423,2,SUPERFAST,4,5.0,180.0,420.0,109.25841040547337,14,0,Sunday,1,25.6,1.5,4.0,40,Light Rain,1,14.0,21.5,MEDIUM
IR-12423,2,SUPERFAST,4,5.0,180.0,420.0,104.55631305676171,18,1,Sunday,1,28.8,1.5,4.0,40,Light Rain,3,20.1,30.9,HIGH
IR-12423,2,SUPERFAST,4,5.0,180.0,420.0,109.26859638703945,22,0,Sunday,1,32.0,1.5,4.0,40,Light Rain,1,14.0,21.5,MEDIUM
IR-12423,2,SUPERFAST,5,5.0,225.0,375.0,102.4391520044443,8,1,Monday,0,20.8,0.0,1.5,65,Foggy,3,22.8,35.1,HIGH
IR-12423,2,SUPERFAST,5,5.0,225.0,375.0,104.06871015054858,11,0,Monday,0,23.2,1.5,4.0,40,Light Rain,1,20.7,31.9,HIGH
IR-12423,2,SUPERFAST,5,5.0,225.0,375.0,104.4876028259707,14,0,Monday,0,25.6,1.5,4.0,40,Light Rain,1,20.2,31.0,HIGH
IR-12423,2,SUPERFAST,5,5.0,225.0,375.0,103.89701472961156,18,1,Monday,0,28.8,1.5,4.0,40,Light Rain,3,20.9,32.2,HIGH
IR-12423,2,SUPERFAST,5,5.0,225.0,375.0,105.53148555695508,22,0,Monday,0,32.0,1.5,4.0,40,Light Rain,1,18.8,28.9,HIGH
IR-12423,2,SUPERFAST,5,5.0,225.0,375.0,104.50299288716394,8,1,Tuesday,0,20.8,0.0,9.0,10,Clear,3,20.1,31.0,HIGH
IR-12423,2,SUPERFAST,5,5.0,225.0,375.0,104.4291050360849,11,0,Tuesday,0,23.2,0.0,9.0,10,Clear,1,20.2,31.1,HIGH
IR-12423,2,SUPERFAST,5,5.0,225.0,375.0,105.17525972163776,14,0,Tuesday,0,25.6,0.0,9.0,10,Clear,1,19.3,29.6,HIGH
IR-12423,2,SUPERFAST,5,5.0,225.0,375.0,102.07509901283535,18,1,Tuesday,0,28.8,0.0,9.0,10,Clear,3,23.3,35.8,HIGH
IR-12423,2,SUPERFAST,5,5.0,225.0,375.0,105.85029720542605,22,0,Tuesday,0,32.0,0.0,9.0,10,Clear,1,18.4,28.3,HIGH
IR-12423,2,SUPERFAST,5,5.0,225.0,375.0,102.55949037868308,8,1,Wednesday,0,20.8,0.0,9.0,10,Clear,3,22.7,34.9,HIGH
IR-12423,2,SUPERFAST,5,5.0,225.0,375.0,106.80895726624134,11,0,Wednesday,0,23.2,0.0,9.0,10,Clear,1,17.1,26.4,HIGH
IR-12423,2,SUPERFAST,5,5.0,225.0,375.0,106.52874302514041,14,0,Wednesday,0,25.6,0.0,9.0,10,Clear,1,17.5,26.9,HIGH
IR-12423,2,SUPERFAST,5,5.0,225.0,375.0,105.81591831331754,18,1,Wednesday,0,28.8,0.0,9.0,10,Clear,3,18.4,28.4,HIGH
IR-12423,2,SUPERFAST,5,5.0,225.0,375.0,107.48187255271895,22,0,Wednesday,0,32.0,0.0,9.0,10,Clear,1,16.3,25.0,HIGH
IR-12423,2,SUPERFAST,5,5.0,225.0,375.0,100.97683441077108,8,1,Thursday,0,20.8,0.0,1.5,65,Foggy,3,24.7,38.0,HIGH
IR-12423,2,SUPERFAST,5,5.0,225.0,375.0,107.33395365457031,11,0,Thursday,0,23.2,1.5,4.0,40,Light Rain,1,16.5,25.3,HIGH
IR-12423,2,SUPERFAST,5,5.0,225.0,375.0,104.50240111437317,14,0,Thursday,0,25.6,1.5,4.0,40,Light Rain,1,20.1,31.0,HIGH
IR-12423,2,SUPERFAST,5,5.0,225.0,375.0,106.70955139844958,18,1,Thursday,0,28.8,1.5,4.0,40,Light Rain,3,17.3,26.6,HIGH
IR-12423,2,SUPERFAST,5,5.0,225.0,375.0,109.43361216184934,22,0,Thursday,0,32.0,1.5,4.0,40,Light Rain,1,13.7,21.1,MEDIUM
IR-12423,2,SUPERFAST,5,5.0,225.0,375.0,105.43092785548772,8,1,Friday,0,20.8,0.0,9.0,10,Clear,3,18.9,29.1,HIGH
IR-12423,2,SUPERFAST,5,5.0,225.0,375.0,107.01557509667786,11,0,Friday,0,23.2,0.0,9.0,10,Clear,1,16.9,26.0,HIGH
IR-12423,2,SUPERFAST,5,5.0,225.0,375.0,106.58076192618759,14,0,Friday,0,25.6,0.0,9.0,10,Clear,1,17.4,26.8,HIGH
IR-12423,2,SUPERFAST,5,5.0,225.0,375.0,105.3886792967297,18,1,Friday,0,28.8,0.0,9.0,10,Clear,3,19.0,29.2,HIGH
IR-12423,2,SUPERFAST,5,5.0,225.0,375.0,106.74671907948445,22,0,Friday,0,32.0,0.0,9.0,10,Clear,1,17.2,26.5,HIGH
IR-12423,2,SUPERFAST,5,5.0,225.0,375.0,104.13866925239134,8,1,Saturday,1,20.8,0.0,9.0,10,Clear,3,20.6,31.7,HIGH
IR-12423,2,SUPERFAST,5,5.0,225.0,375.0,105.6469005964866,11,0,Saturday,1,23.2,0.0,9.0,10,Clear,1,18.7,28.7,HIGH
IR-12423,2,SUPERFAST,5,5.0,225.0,375.0,106.51160622461296,14,0,Saturday,1,25.6,0.0,9.0,10,Clear,1,17.5,27.0,HIGH
IR-12423,2,SUPERFAST,5,5.0,225.0,375.0,101.94273843963309,18,1,Saturday,1,28.8,0.0,9.0,10,Clear,3,23.5,36.1,HIGH
IR-12423,2,SUPERFAST,5,5.0,225.0,375.0,106.74464851150398,22,0,Saturday,1,32.0,0.0,9.0,10,Clear,1,17.2,26.5,HIGH
IR-12423,2,SUPERFAST,5,5.0,225.0,375.0,101.64770177428795,8,1,Sunday,1,20.8,0.0,1.5,65,Foggy,3,23.9,36.7,HIGH
IR-12423,2,SUPERFAST,5,5.0,225.0,375.0,106.57958756899924,11,0,Sunday,1,23.2,1.5,4.0,40,Light Rain,1,17.4,26.8,HIGH
IR-12423,2,SUPERFAST,5,5.0,225.0,375.0,106.22502543532096,14,0,Sunday,1,25.6,1.5,4.0,40,Light Rain,1,17.9,27.5,HIGH
IR-12423,2,SUPERFAST,5,5.0,225.0,375.0,104.41424905379306,18,1,Sunday,1,28.8,1.5,4.0,40,Light Rain,3,20.3,31.2,HIGH
IR-12423,2,SUPERFAST,5,5.0,225.0,375.0,104.2429579366606,22,0,Sunday,1,32.0,1.5,4.0,40,Light Rain,1,20.5,31.5,HIGH
IR-12423,2,SUPERFAST,6,5.0,270.0,330.0,97.78187077068836,8,1,Monday,0,20.8,0.0,1.5,65,Foggy,3,28.9,44.4,HIGH
IR-12423,2,SUPERFAST,6,5.0,270.0,330.0,101.03220967749809,11,0,Monday,0,23.2,1.5,4.0,40,Light Rain,1,24.7,37.9,HIGH
IR-12423,2,SUPERFAST,6,5.0,270.0,330.0,101.45657052139755,14,0,Monday,0,25.6,1.5,4.0,40,Light Rain,1,24.1,37.1,HIGH
IR-12423,2,SUPERFAST,6,5.0,270.0,330.0,96.35960656679482,18,1,Monday,0,28.8,1.5,4.0,40,Light Rain,3,30.7,47.3,HIGH
IR-12423,2,SUPERFAST,6,5.0,270.0,330.0,100.75307403133033,22,0,Monday,0,32.0,1.5,4.0,40,Light Rain,1,25.0,38.5,HIGH
IR-12423,2,SUPERFAST,6,5.0,270.0,330.0,98.49326183718426,8,1,Tuesday,0,20.8,0.0,9.0,10,Clear,3,28.0,43.0,HIGH
IR-12423,2,SUPERFAST,6,5.0,270.0,330.0,103.36324618446476,11,0,Tuesday,0,23.2,0.0,9.0,10,Clear,1,21.6,33.3,HIGH
IR-12423,2,SUPERFAST,6,5.0,270.0,330.0,102.44030089745783,14,0,Tuesday,0,25.6,0.0,9.0,10,Clear,1,22.8,35.1,HIGH
IR-12423,2,SUPERFAST,6,5.0,270.0,330.0,99.11007650550894,18,1,Tuesday,0,28.8,0.0,9.0,10,Clear,3,27.2,41.8,HIGH
IR-12423,2,SUPERFAST,6,5.0,270.0,330.0,102.08945536291654,22,0,Tuesday,0,32.0,0.0,9.0,10,Clear,1,23.3,35.8,HIGH
IR-12423,2,SUPERFAST,6,5.0,270.0,330.0,98.55317241358955,8,1,Wednesday,0,20.8,0.0,9.0,10,Clear,3,27.9,42.9,HIGH
IR-12423,2,SUPERFAST,6,5.0,270.0,330.0,102.98400772317423,11,0,Wednesday,0,23.2,0.0,9.0,10,Clear,1,22.1,34.0,HIGH
IR-12423,2,SUPERFAST,6,5.0,270.0,330.0,104.39354150609557,14,0,Wednesday,0,25.6,0.0,9.0,10,Clear,1,20.3,31.2,HIGH
IR-12423,2,SUPERFAST,6,5.0,270.0,330.0,100.19838616244752,18,1,Wednesday,0,28.8,0.0,9.0,10,Clear,3,25.7,39.6,HIGH
IR-12423,2,SUPERFAST,6,5.0,270.0,330.0,102.42219509715227,22,0,Wednesday,0,32.0,0.0,9.0,10,Clear,1,22.9,35.2,HIGH
IR-12423,2,SUPERFAST,6,5.0,270.0,330.0,97.19118133874835,8,1,Thursday,0,20.8,0.0,1.5,65,Foggy,3,29.7,45.6,HIGH
IR-12423,2,SUPERFAST,6,5.0,270.0,330.0,103.44967128783954,11,0,Thursday,0,23.2,1.5,4.0,40,Light Rain,1,21.5,33.1,HIGH
IR-12423,2,SUPERFAST,6,5.0,270.0,330.0,102.207674106856,14,0,Thursday,0,25.6,1.5,4.0,40,Light Rain,1,23.1,35.6,HIGH
IR-12423,2,SUPERFAST,6,5.0,270.0,330.0,97.33358486381496,18,1,Thursday,0,28.8,1.5,4.0,40,Light Rain,3,29.5,45.3,HIGH
IR-12423,2,SUPERFAST,6,5.0,270.0,330.0,99.86586357964052,22,0,Thursday,0,32.0,1.5,4.0,40,Light Rain,1,26.2,40.3,HIGH
IR-12423,2,SUPERFAST,6,5.0,270.0,330.0,97.66424386321744,8,1,Friday,0,20.8,0.0,9.0,10,Clear,3,29.0,44.7,HIGH
IR-12423,2,SUPERFAST,6,5.0,270.0,330.0,103.4336246273705,11,0,Friday,0,23.2,0.0,9.0,10,Clear,1,21.5,33.1,HIGH
IR-12423,2,SUPERFAST,6,5.0,270.0,330.0,102.01697742640867,14,0,Friday,0,25.6,0.0,9.0,10,Clear,1,23.4,36.0,HIGH
IR-12423,2,SUPERFAST,6,5.0,270.0,330.0,98.06725317176857,18,1,Friday,0,28.8,0.0,9.0,10,Clear,3,28.5,43.9,HIGH
IR-12423,2,SUPERFAST,6,5.0,270.0,330.0,104.62281896956814,22,0,Friday,0,32.0,0.0,9.0,10,Clear,1,20.0,30.8,HIGH
IR-12423,2,SUPERFAST,6,5.0,270.0,330.0,99.47542430045428,8,1,Saturday,1,20.8,0.0,9.0,10,Clear,3,26.7,41.0,HIGH
IR-12423,2,SUPERFAST,6,5.0,270.0,330.0,102.32237385546969,11,0,Saturday,1,23.2,0.0,9.0,10,Clear,1,23.0,35.4,HIGH
IR-12423,2,SUPERFAST,6,5.0,270.0,330.0,104.86425412739737,14,0,Saturday,1,25.6,0.0,9.0,10,Clear,1,19.7,30.3,HIGH
IR-12423,2,SUPERFAST,6,5.0,270.0,330.0,99.37110409664643,18,1,Saturday,1,28.8,0.0,9.0,10,Clear,3,26.8,41.3,HIGH
IR-12423,2,SUPERFAST,6,5.0,270.0,330.0,102.06536563479946,22,0,Saturday,1,32.0,0.0,9.0,10,Clear,1,23.3,35.9,HIGH
IR-12423,2,SUPERFAST,6,5.0,270.0,330.0,94.9259424566552,8,1,Sunday,1,20.8,0.0,1.5,65,Foggy,3,32.6,50.1,HIGH
IR-12423,2,SUPERFAST,6,5.0,270.0,330.0,100.83371693328463,11,0,Sunday,1,23.2,1.5,4.0,40,Light Rain,1,24.9,38.3,HIGH
IR-12423,2,SUPERFAST,6,5.0,270.0,330.0,102.41162487087173,14,0,Sunday,1,25.6,1.5,4.0,40,Light Rain,1,22.9,35.2,HIGH
IR-12423,2,SUPERFAST,6,5.0,270.0,330.0,98.32352399039621,18,1,Sunday,1,28.8,1.5,4.0,40,Light Rain,3,28.2,43.4,HIGH
IR-12423,2,SUPERFAST,6,5.0,270.0,330.0,102.0094840379541,22,0,Sunday,1,32.0,1.5,4.0,40,Light Rain,1,23.4,36.0,HIGH
IR-12423,2,SUPERFAST,7,5.0,315.0,285.0,92.20613893548727,8,1,Monday,0,20.8,0.0,1.5,65,Foggy,3,36.1,55.6,HIGH
IR-12423,2,SUPERFAST,7,5.0,315.0,285.0,97.84162150897484,11,0,Monday,0,23.2,1.5,4.0,40,Light Rain,1,28.8,44.3,HIGH
IR-12423,2,SUPERFAST,7,5.0,315.0,285.0,96.89853755237085,14,0,Monday,0,25.6,1.5,4.0,40,Light Rain,1,30.0,46.2,HIGH
IR-12423,2,SUPERFAST,7,5.0,315.0,285.0,94.39273322988929,18,1,Monday,0,28.8,1.5,4.0,40,Light Rain,3,33.3,51.2,HIGH
IR-12423,2,SUPERFAST,7,5.0,315.0,285.0,94.8751780639251,22,0,Monday,0,32.0,1.5,4.0,40,Light Rain,1,32.7,50.2,HIGH
IR-12423,2,SUPERFAST,7,5.0,315.0,285.0,93.58274278115624,8,1,Tuesday,0,20.8,0.0,9.0,10,Clear,3,34.3,52.8,HIGH
IR-12423,2,SUPERFAST,7,5.0,315.0,285.0,98.83645545208216,11,0,Tuesday,0,23.2,0.0,9.0,10,Clear,1,27.5,42.3,HIGH
IR-12423,2,SUPERFAST,7,5.0,315.0,285.0,99.06965155178594,14,0,Tuesday,0,25.6,0.0,9.0,10,Clear,1,27.2,41.9,HIGH
IR-12423,2,SUPERFAST,7,5.0,315.0,285.0,95.74434444873934,18,1,Tuesday,0,28.8,0.0,9.0,10,Clear,3,31.5,48.5,HIGH
IR-12423,2,SUPERFAST,7,5.0,315.0,285.0,98.6463827712184,22,0,Tuesday,0,32.0,0.0,9.0,10,Clear,1,27.8,42.7,HIGH
IR-12423,2,SUPERFAST,7,5.0,315.0,285.0,96.11757172442057,8,1,Wednesday,0,20.8,0.0,9.0,10,Clear,3,31.0,47.8,HIGH
IR-12423,2,SUPERFAST,7,5.0,315.0,285.0,98.09354954750877,11,0,Wednesday,0,23.2,0.0,9.0,10,Clear,1,28.5,43.8,HIGH
IR-12423,2,SUPERFAST,7,5.0,315.0,285.0,99.09354736979175,14,0,Wednesday,0,25.6,0.0,9.0,10,Clear,1,27.2,41.8,HIGH
IR-12423,2,SUPERFAST,7,5.0,315.0,285.0,96.52372141281825,18,1,Wednesday,0,28.8,0.0,9.0,10,Clear,3,30.5,47.0,HIGH
IR-12423,2,SUPERFAST,7,5.0,315.0,285.0,98.88735080958944,22,0,Wednesday,0,32.0,0.0,9.0,10,Clear,1,27.4,42.2,HIGH
IR-12423,2,SUPERFAST,7,5.0,315.0,285.0,95.62357128940226,8,1,Thursday,0,20.8,0.0,1.5,65,Foggy,3,31.7,48.8,HIGH
IR-12423,2,SUPERFAST,7,5.0,315.0,285.0,97.08192851747538,11,0,Thursday,0,23.2,1.5,4.0,40,Light Rain,1,29.8,45.8,HIGH
IR-12423,2,SUPERFAST,7,5.0,315.0,285.0,97.4034069129419,14,0,Thursday,0,25.6,1.5,4.0,40,Light Rain,1,29.4,45.2,HIGH
IR-12423,2,SUPERFAST,7,5.0,315.0,285.0,94.07063729457647,18,1,Thursday,0,28.8,1.5,4.0,40,Light Rain,3,33.7,51.9,HIGH
IR-12423,2,SUPERFAST,7,5.0,315.0,285.0,99.89781400780632,22,0,Thursday,0,32.0,1.5,4.0,40,Light Rain,1,26.1,40.2,HIGH
IR-12423,2,SUPERFAST,7,5.0,315.0,285.0,93.96663420849167,8,1,Friday,0,20.8,0.0,9.0,10,Clear,3,33.8,52.1,HIGH
IR-12423,2,SUPERFAST,7,5.0,315.0,285.0,99.61738794389912,11,0,Friday,0,23.2,0.0,9.0,10,Clear,1,26.5,40.8,HIGH
IR-12423,2,SUPERFAST,7,5.0,315.0,285.0,99.61644376640794,14,0,Friday,0,25.6,0.0,9.0,10,Clear,1,26.5,40.8,HIGH
IR-12423,2,SUPERFAST,7,5.0,315.0,285.0,98.08830664527099,18,1,Friday,0,28.8,0.0,9.0,10,Clear,3,28.5,43.8,HIGH
IR-12423,2,SUPERFAST,7,5.0,315.0,285.0,97.46306128176417,22,0,Friday,0,32.0,0.0,9.0,10,Clear,1,29.3,45.1,HIGH
IR-12423,2,SUPERFAST,7,5.0,315.0,285.0,93.52919710591858,8,1,Saturday,1,20.8,0.0,9.0,10,Clear,3,34.4,52.9,HIGH
IR-12423,2,SUPERFAST,7,5.0,315.0,285.0,100.09871925611893,11,0,Saturday,1,23.2,0.0,9.0,10,Clear,1,25.9,39.8,HIGH
IR-12423,2,SUPERFAST,7,5.0,315.0,285.0,96.28315133764352,14,0,Saturday,1,25.6,0.0,9.0,10,Clear,1,30.8,47.4,HIGH
IR-12423,2,SUPERFAST,7,5.0,315.0,285.0,94.88157420581399,18,1,Saturday,1,28.8,0.0,9.0,10,Clear,3,32.7,50.2,HIGH
IR-12423,2,SUPERFAST,7,5.0,315.0,285.0,98.9917509364924,22,0,Saturday,1,32.0,0.0,9.0,10,Clear,1,27.3,42.0,HIGH
IR-12423,2,SUPERFAST,7,5.0,315.0,285.0,96.06250928624291,8,1,Sunday,1,20.8,0.0,1.5,65,Foggy,3,31.1,47.9,HIGH
IR-12423,2,SUPERFAST,7,5.0,315.0,285.0,97.407714482499,11,0,Sunday,1,23.2,1.5,4.0,40,Light Rain,1,29.4,45.2,HIGH
IR-12423,2,SUPERFAST,7,5.0,315.0,285.0,98.76085142737938,14,0,Sunday,1,25.6,1.5,4.0,40,Light Rain,1,27.6,42.5,HIGH
IR-12423,2,SUPERFAST,7,5.0,315.0,285.0,94.39240195846644,18,1,Sunday,1,28.8,1.5,4.0,40,Light Rain,3,33.3,51.2,HIGH
IR-12423,2,SUPERFAST,7,5.0,315.0,285.0,97.9885512138824,22,0,Sunday,1,32.0,1.5,4.0,40,Light Rain,1,28.6,44.0,HIGH
IR-12423,2,SUPERFAST,8,5.0,360.0,240.0,98.14941391864201,8,1,Monday,0,20.8,0.0,1.5,65,Foggy,3,28.4,43.7,HIGH
IR-12423,2,SUPERFAST,8,5.0,360.0,240.0,100.65019984316142,11,0,Monday,0,23.2,1.5,4.0,40,Light Rain,1,25.2,38.7,HIGH
IR-12423,2,SUPERFAST,8,5.0,360.0,240.0,102.42208029236559,14,0,Monday,0,25.6,1.5,4.0,40,Light Rain,1,22.9,35.2,HIGH
IR-12423,2,SUPERFAST,8,5.0,360.0,240.0,99.55437375998953,18,1,Monday,0,28.8,1.5,4.0,40,Light Rain,3,26.6,40.9,HIGH
IR-12423,2,SUPERFAST,8,5.0,360.0,240.0,102.67824772955487,22,0,Monday,0,32.0,1.5,4.0,40,Light Rain,1,22.5,34.6,HIGH
IR-12423,2,SUPERFAST,8,5.0,360.0,240.0,98.633487632769,8,1,Tuesday,0,20.8,0.0,9.0,10,Clear,3,27.8,42.7,HIGH
IR-12423,2,SUPERFAST,8,5.0,360.0,240.0,99.86582954830848,11,0,Tuesday,0,23.2,0.0,9.0,10,Clear,1,26.2,40.3,HIGH
IR-12423,2,SUPERFAST,8,5.0,360.0,240.0,101.06870576896729,14,0,Tuesday,0,25.6,0.0,9.0,10,Clear,1,24.6,37.9,HIGH
IR-12423,2,SUPERFAST,8,5.0,360.0,240.0,98.23056226394073,18,1,Tuesday,0,28.8,0.0,9.0,10,Clear,3,28.3,43.5,HIGH
IR-12423,2,SUPERFAST,8,5.0,360.0,240.0,102.50877082822697,22,0,Tuesday,0,32.0,0.0,9.0,10,Clear,1,22.7,35.0,HIGH
IR-12423,2,SUPERFAST,8,5.0,360.0,240.0,99.1115545935526,8,1,Wednesday,0,20.8,0.0,9.0,10,Clear,3,27.2,41.8,HIGH
IR-12423,2,SUPERFAST,8,5.0,360.0,240.0,104.90331771330435,11,0,Wednesday,0,23.2,0.0,9.0,10,Clear,1,19.6,30.2,HIGH
IR-12423,2,SUPERFAST,8,5.0,360.0,240.0,103.03361945475683,14,0,Wednesday,0,25.6,0.0,9.0,10,Clear,1,22.1,33.9,HIGH
IR-12423,2,SUPERFAST,8,5.0,360.0,240.0,100.33833663611199,18,1,Wednesday,0,28.8,0.0,9.0,10,Clear,3,25.6,39.3,HIGH
IR-12423,2,SUPERFAST,8,5.0,360.0,240.0,103.69381397793885,22,0,Wednesday,0,32.0,0.0,9.0,10,Clear,1,21.2,32.6,HIGH
IR-12423,2,SUPERFAST,8,5.0,360.0,240.0,100.10391392960895,8,1,Thursday,0,20.8,0.0,1.5,65,Foggy,3,25.9,39.8,HIGH
IR-12423,2,SUPERFAST,8,5.0,360.0,240.0,104.27924383074074,11,0,Thursday,0,23.2,1.5,4.0,40,Light Rain,1,20.4,31.4,HIGH
IR-12423,2,SUPERFAST,8,5.0,360.0,240.0,101.0641898231534,14,0,Thursday,0,25.6,1.5,4.0,40,Light Rain,1,24.6,37.9,HIGH
IR-12423,2,SUPERFAST,8,5.0,360.0,240.0,97.26096441805687,18,1,Thursday,0,28.8,1.5,4.0,40,Light Rain,3,29.6,45.5,HIGH
IR-12423,2,SUPERFAST,8,5.0,360.0,240.0,102.46920197332844,22,0,Thursday,0,32.0,1.5,4.0,40,Light Rain,1,22.8,35.1,HIGH
IR-12423,2,SUPERFAST,8,5.0,360.0,240.0,99.1640755937339,8,1,Friday,0,20.8,0.0,9.0,10,Clear,3,27.1,41.7,HIGH
IR-12423,2,SUPERFAST,8,5.0,360.0,240.0,101.9903798118344,11,0,Friday,0,23.2,0.0,9.0,10,Clear,1,23.4,36.0,HIGH
IR-12423,2,SUPERFAST,8,5.0,360.0,240.0,100.82014736320303,14,0,Friday,0,25.6,0.0,9.0,10,Clear,1,24.9,38.4,HIGH
IR-12423,2,SUPERFAST,8,5.0,360.0,240.0,97.4165807890988,18,1,Friday,0,28.8,0.0,9.0,10,Clear,3,29.4,45.2,HIGH
IR-12423,2,SUPERFAST,8,5.0,360.0,240.0,103.54038362895821,22,0,Friday,0,32.0,0.0,9.0,10,Clear,1,21.4,32.9,HIGH
IR-12423,2,SUPERFAST,8,5.0,360.0,240.0,97.70623152039613,8,1,Saturday,1,20.8,0.0,9.0,10,Clear,3,29.0,44.6,HIGH
IR-12423,2,SUPERFAST,8,5.0,360.0,240.0,104.72436548078474,11,0,Saturday,1,23.2,0.0,9.0,10,Clear,1,19.9,30.6,HIGH
IR-12423,2,SUPERFAST,8,5.0,360.0,240.0,103.63745604721876,14,0,Saturday,1,25.6,0.0,9.0,10,Clear,1,21.3,32.7,HIGH
IR-12423,2,SUPERFAST,8,5.0,360.0,240.0,99.03544775667328,18,1,Saturday,1,28.8,0.0,9.0,10,Clear,3,27.3,41.9,HIGH
IR-12423,2,SUPERFAST,8,5.0,360.0,240.0,103.98086099250887,22,0,Saturday,1,32.0,0.0,9.0,10,Clear,1,20.8,32.0,HIGH
IR-12423,2,SUPERFAST,8,5.0,360.0,240.0,96.88175743021584,8,1,Sunday,1,20.8,0.0,1.5,65,Foggy,3,30.1,46.2,HIGH
IR-12423,2,SUPERFAST,8,5.0,360.0,240.0,101.80443745623089,11,0,Sunday,1,23.2,1.5,4.0,40,Light Rain,1,23.7,36.4,HIGH
IR-12423,2,SUPERFAST,8,5.0,360.0,240.0,102.61595122982328,14,0,Sunday,1,25.6,1.5,4.0,40,Light Rain,1,22.6,34.8,HIGH
IR-12423,2,SUPERFAST,8,5.0,360.0,240.0,101.27321381963411,18,1,Sunday,1,28.8,1.5,4.0,40,Light Rain,3,24.3,37.5,HIGH
IR-12423,2,SUPERFAST,8,5.0,360.0,240.0,103.07011821136703,22,0,Sunday,1,32.0,1.5,4.0,40,Light Rain,1,22.0,33.9,HIGH
IR-12423,2,SUPERFAST,9,5.0,405.0,195.0,101.0828134517582,8,1,Monday,0,20.8,0.0,1.5,65,Foggy,3,24.6,37.8,HIGH
IR-12423,2,SUPERFAST,9,5.0,405.0,195.0,106.90974297810938,11,0,Monday,0,23.2,1.5,4.0,40,Light Rain,1,17.0,26.2,HIGH
IR-12423,2,SUPERFAST,9,5.0,405.0,195.0,103.82722077005496,14,0,Monday,0,25.6,1.5,4.0,40,Light Rain,1,21.0,32.3,HIGH
IR-12423,2,SUPERFAST,9,5.0,405.0,195.0,99.7692444325245,18,1,Monday,0,28.8,1.5,4.0,40,Light Rain,3,26.3,40.5,HIGH
IR-12423,2,SUPERFAST,9,5.0,405.0,195.0,104.04704451440685,22,0,Monday,0,32.0,1.5,4.0,40,Light Rain,1,20.7,31.9,HIGH
IR-12423,2,SUPERFAST,9,5.0,405.0,195.0,104.34779339087409,8,1,Tuesday,0,20.8,0.0,9.0,10,Clear,3,20.3,31.3,HIGH
IR-12423,2,SUPERFAST,9,5.0,405.0,195.0,105.52054518010341,11,0,Tuesday,0,23.2,0.0,9.0,10,Clear,1,18.8,29.0,HIGH
IR-12423,2,SUPERFAST,9,5.0,405.0,195.0,107.17662098783336,14,0,Tuesday,0,25.6,0.0,9.0,10,Clear,1,16.7,25.6,HIGH
IR-12423,2,SUPERFAST,9,5.0,405.0,195.0,102.65591373306324,18,1,Tuesday,0,28.8,0.0,9.0,10,Clear,3,22.5,34.7,HIGH
IR-12423,2,SUPERFAST,9,5.0,405.0,195.0,105.8666502779441,22,0,Tuesday,0,32.0,0.0,9.0,10,Clear,1,18.4,28.3,HIGH
IR-12423,2,SUPERFAST,9,5.0,405.0,195.0,106.80133553477692,8,1,Wednesday,0,20.8,0.0,9.0,10,Clear,3,17.2,26.4,HIGH
IR-12423,2,SUPERFAST,9,5.0,405.0,195.0,105.24117611399629,11,0,Wednesday,0,23.2,0.0,9.0,10,Clear,1,19.2,29.5,HIGH
IR-12423,2,SUPERFAST,9,5.0,405.0,195.0,106.64949496311033,14,0,Wednesday,0,25.6,0.0,9.0,10,Clear,1,17.4,26.7,HIGH
IR-12423,2,SUPERFAST,9,5.0,405.0,195.0,103.06959719173447,18,1,Wednesday,0,28.8,0.0,9.0,10,Clear,3,22.0,33.9,HIGH
IR-12423,2,SUPERFAST,9,5.0,405.0,195.0,105.36689302732708,22,0,Wednesday,0,32.0,0.0,9.0,10,Clear,1,19.0,29.3,HIGH
IR-12423,2,SUPERFAST,9,5.0,405.0,195.0,101.1309406982621,8,1,Thursday,0,20.8,0.0,1.5,65,Foggy,3,24.5,37.7,HIGH
IR-12423,2,SUPERFAST,9,5.0,405.0,195.0,107.12959202887558,11,0,Thursday,0,23.2,1.5,4.0,40,Light Rain,1,16.7,25.7,HIGH
IR-12423,2,SUPERFAST,9,5.0,405.0,195.0,105.05001133906639,14,0,Thursday,0,25.6,1.5,4.0,40,Light Rain,1,19.4,29.9,HIGH
IR-12423,2,SUPERFAST,9,5.0,405.0,195.0,102.08228772117299,18,1,Thursday,0,28.8,1.5,4.0,40,Light Rain,3,23.3,35.8,HIGH
IR-12423,2,SUPERFAST,9,5.0,405.0,195.0,106.8488551453742,22,0,Thursday,0,32.0,1.5,4.0,40,Light Rain,1,17.1,26.3,HIGH
IR-12423,2,SUPERFAST,9,5.0,405.0,195.0,101.73812498648816,8,1,Friday,0,20.8,0.0,9.0,10,Clear,3,23.7,36.5,HIGH
IR-12423,2,SUPERFAST,9,5.0,405.0,195.0,105.831973393145,11,0,Friday,0,23.2,0.0,9.0,10,Clear,1,18.4,28.3,HIGH
IR-12423,2,SUPERFAST,9,5.0,405.0,195.0,107.7025210048459,14,0,Friday,0,25.6,0.0,9.0,10,Clear,1,16.0,24.6,MEDIUM
IR-12423,2,SUPERFAST,9,5.0,405.0,195.0,102.29176310095421,18,1,Friday,0,28.8,0.0,9.0,10,Clear,3,23.0,35.4,HIGH
IR-12423,2,SUPERFAST,9,5.0,405.0,195.0,105.62326778819427,22,0,Friday,0,32.0,0.0,9.0,10,Clear,1,18.7,28.8,HIGH
IR-12423,2,SUPERFAST,9,5.0,405.0,195.0,103.50063911773239,8,1,Saturday,1,20.8,0.0,9.0,10,Clear,3,21.4,33.0,HIGH
IR-12423,2,SUPERFAST,9,5.0,405.0,195.0,104.00373480300463,11,0,Saturday,1,23.2,0.0,9.0,10,Clear,1,20.8,32.0,HIGH
IR-12423,2,SUPERFAST,9,5.0,405.0,195.0,107.25461514317954,14,0,Saturday,1,25.6,0.0,9.0,10,Clear,1,16.6,25.5,HIGH
IR-12423,2,SUPERFAST,9,5.0,405.0,195.0,104.4527716345412,18,1,Saturday,1,28.8,0.0,9.0,10,Clear,3,20.2,31.1,HIGH
IR-12423,2,SUPERFAST,9,5.0,405.0,195.0,106.37516560291934,22,0,Saturday,1,32.0,0.0,9.0,10,Clear,1,17.7,27.2,HIGH
IR-12423,2,SUPERFAST,9,5.0,405.0,195.0,100.40992050434274,8,1,Sunday,1,20.8,0.0,1.5,65,Foggy,3,25.5,39.2,HIGH
IR-12423,2,SUPERFAST,9,5.0,405.0,195.0,105.82381159989274,11,0,Sunday,1,23.2,1.5,4.0,40,Light Rain,1,18.4,28.4,HIGH
IR-12423,2,SUPERFAST,9,5.0,405.0,195.0,105.530445190319,14,0,Sunday,1,25.6,1.5,4.0,40,Light Rain,1,18.8,28.9,HIGH
IR-12423,2,SUPERFAST,9,5.0,405.0,195.0,102.4310771562489,18,1,Sunday,1,28.8,1.5,4.0,40,Light Rain,3,22.8,35.1,HIGH
IR-12423,2,SUPERFAST,9,5.0,405.0,195.0,106.22892526159596,22,0,Sunday,1,32.0,1.5,4.0,40,Light Rain,1,17.9,27.5,HIGH
IR-12423,2,SUPERFAST,10,5.0,450.0,150.0,94.04398030809324,8,1,Monday,0,20.8,0.0,1.5,65,Foggy,3,33.7,51.9,HIGH
IR-12423,2,SUPERFAST,10,5.0,450.0,150.0,98.15796089284737,11,0,Monday,0,23.2,1.5,4.0,40,Light Rain,1,28.4,43.7,HIGH
IR-12423,2,SUPERFAST,10,5.0,450.0,150.0,97.15736156990927,14,0,Monday,0,25.6,1.5,4.0,40,Light Rain,1,29.7,45.7,HIGH
IR-12423,2,SUPERFAST,10,5.0,450.0,150.0,91.07335322517172,18,1,Monday,0,28.8,1.5,4.0,40,Light Rain,3,37.6,57.9,HIGH
IR-12423,2,SUPERFAST,10,5.0,450.0,150.0,97.12535775442149,22,0,Monday,0,32.0,1.5,4.0,40,Light Rain,1,29.7,45.7,HIGH
IR-12423,2,SUPERFAST,10,5.0,450.0,150.0,92.58827789415119,8,1,Tuesday,0,20.8,0.0,9.0,10,Clear,3,35.6,54.8,HIGH
IR-12423,2,SUPERFAST,10,5.0,450.0,150.0,96.99607167316256,11,0,Tuesday,0,23.2,0.0,9.0,10,Clear,1,29.9,46.0,HIGH
IR-12423,2,SUPERFAST,10,5.0,450.0,150.0,96.93192941466188,14,0,Tuesday,0,25.6,0.0,9.0,10,Clear,1,30.0,46.1,HIGH
IR-12423,2,SUPERFAST,10,5.0,450.0,150.0,92.80946795636788,18,1,Tuesday,0,28.8,0.0,9.0,10,Clear,3,35.3,54.4,HIGH
IR-12423,2,SUPERFAST,10,5.0,450.0,150.0,97.1532532627266,22,0,Tuesday,0,32.0,0.0,9.0,10,Clear,1,29.7,45.7,HIGH
IR-12423,2,SUPERFAST,10,5.0,450.0,150.0,94.92626883278581,8,1,Wednesday,0,20.8,0.0,9.0,10,Clear,3,32.6,50.1,HIGH
IR-12423,2,SUPERFAST,10,5.0,450.0,150.0,97.8313365144412,11,0,Wednesday,0,23.2,0.0,9.0,10,Clear,1,28.8,44.3,HIGH
IR-12423,2,SUPERFAST,10,5.0,450.0,150.0,98.49182212102222,14,0,Wednesday,0,25.6,0.0,9.0,10,Clear,1,28.0,43.0,HIGH
IR-12423,2,SUPERFAST,10,5.0,450.0,150.0,95.7706594085632,18,1,Wednesday,0,28.8,0.0,9.0,10,Clear,3,31.5,48.5,HIGH
IR-12423,2,SUPERFAST,10,5.0,450.0,150.0,99.53306761694873,22,0,Wednesday,0,32.0,0.0,9.0,10,Clear,1,26.6,40.9,HIGH
IR-12423,2,SUPERFAST,10,5.0,450.0,150.0,93.64311078996309,8,1,Thursday,0,20.8,0.0,1.5,65,Foggy,3,34.3,52.7,HIGH
IR-12423,2,SUPERFAST,10,5.0,450.0,150.0,96.5803121494533,11,0,Thursday,0,23.2,1.5,4.0,40,Light Rain,1,30.4,46.8,HIGH
IR-12423,2,SUPERFAST,10,5.0,450.0,150.0,98.11354402376558,14,0,Thursday,0,25.6,1.5,4.0,40,Light Rain,1,28.5,43.8,HIGH
IR-12423,2,SUPERFAST,10,5.0,450.0,150.0,95.00600015784141,18,1,Thursday,0,28.8,1.5,4.0,40,Light Rain,3,32.5,50.0,HIGH
IR-12423,2,SUPERFAST,10,5.0,450.0,150.0,96.92249288967466,22,0,Thursday,0,32.0,1.5,4.0,40,Light Rain,1,30.0,46.2,HIGH
IR-12423,2,SUPERFAST,10,5.0,450.0,150.0,93.46174759398417,8,1,Friday,0,20.8,0.0,9.0,10,Clear,3,34.5,53.1,HIGH
IR-12423,2,SUPERFAST,10,5.0,450.0,150.0,94.97530868520104,11,0,Friday,0,23.2,0.0,9.0,10,Clear,1,32.5,50.0,HIGH
IR-12423,2,SUPERFAST,10,5.0,450.0,150.0,96.86247787972918,14,0,Friday,0,25.6,0.0,9.0,10,Clear,1,30.1,46.3,HIGH
IR-12423,2,SUPERFAST,10,5.0,450.0,150.0,94.39310991052255,18,1,Friday,0,28.8,0.0,9.0,10,Clear,3,33.3,51.2,HIGH
IR-12423,2,SUPERFAST,10,5.0,450.0,150.0,97.32333197218395,22,0,Friday,0,32.0,0.0,9.0,10,Clear,1,29.5,45.4,HIGH
IR-12423,2,SUPERFAST,10,5.0,450.0,150.0,93.8834783531372,8,1,Saturday,1,20.8,0.0,9.0,10,Clear,3,34.0,52.2,HIGH
IR-12423,2,SUPERFAST,10,5.0,450.0,150.0,95.73254365735312,11,0,Saturday,1,23.2,0.0,9.0,10,Clear,1,31.5,48.5,HIGH
IR-12423,2,SUPERFAST,10,5.0,450.0,150.0,96.95829252174636,14,0,Saturday,1,25.6,0.0,9.0,10,Clear,1,30.0,46.1,HIGH
IR-12423,2,SUPERFAST,10,5.0,450.0,150.0,95.20469305262843,18,1,Saturday,1,28.8,0.0,9.0,10,Clear,3,32.2,49.6,HIGH
IR-12423,2,SUPERFAST,10,5.0,450.0,150.0,99.75102683623157,22,0,Saturday,1,32.0,0.0,9.0,10,Clear,1,26.3,40.5,HIGH
IR-12423,2,SUPERFAST,10,5.0,450.0,150.0,93.09911910006852,8,1,Sunday,1,20.8,0.0,1.5,65,Foggy,3,35.0,53.8,HIGH
IR-12423,2,SUPERFAST,10,5.0,450.0,150.0,98.43198669701579,11,0,Sunday,1,23.2,1.5,4.0,40,Light Rain,1,28.0,43.1,HIGH
IR-12423,2,SUPERFAST,10,5.0,450.0,150.0,95.74201195261251,14,0,Sunday,1,25.6,1.5,4.0,40,Light Rain,1,31.5,48.5,HIGH
IR-12423,2,SUPERFAST,10,5.0,450.0,150.0,95.5685870687502,18,1,Sunday,1,28.8,1.5,4.0,40,Light Rain,3,31.8,48.9,HIGH
IR-12423,2,SUPERFAST,10,5.0,450.0,150.0,95.43646263890973,22,0,Sunday,1,32.0,1.5,4.0,40,Light Rain,1,31.9,49.1,HIGH
IR-12423,2,SUPERFAST,11,5.0,495.0,105.0,92.15258076227428,8,1,Monday,0,20.8,0.0,1.5,65,Foggy,3,36.2,55.7,HIGH
IR-12423,2,SUPERFAST,11,5.0,495.0,105.0,92.5138471868515,11,0,Monday,0,23.2,1.5,4.0,40,Light Rain,1,35.7,55.0,HIGH
IR-12423,2,SUPERFAST,11,5.0,495.0,105.0,94.22761789651179,14,0,Monday,0,25.6,1.5,4.0,40,Light Rain,1,33.5,51.5,HIGH
IR-12423,2,SUPERFAST,11,5.0,495.0,105.0,92.2996390016691,18,1,Monday,0,28.8,1.5,4.0,40,Light Rain,3,36.0,55.4,HIGH
IR-12423,2,SUPERFAST,11,5.0,495.0,105.0,94.0165286405445,22,0,Monday,0,32.0,1.5,4.0,40,Light Rain,1,33.8,52.0,HIGH
IR-12423,2,SUPERFAST,11,5.0,495.0,105.0,93.645802544015,8,1,Tuesday,0,20.8,0.0,9.0,10,Clear,3,34.3,52.7,HIGH
IR-12423,2,SUPERFAST,11,5.0,495.0,105.0,94.8246209123788,11,0,Tuesday,0,23.2,0.0,9.0,10,Clear,1,32.7,50.4,HIGH
IR-12423,2,SUPERFAST,11,5.0,495.0,105.0,93.73816290542904,14,0,Tuesday,0,25.6,0.0,9.0,10,Clear,1,34.1,52.5,HIGH
IR-12423,2,SUPERFAST,11,5.0,495.0,105.0,91.39850868265925,18,1,Tuesday,0,28.8,0.0,9.0,10,Clear,3,37.2,57.2,HIGH
IR-12423,2,SUPERFAST,11,5.0,495.0,105.0,93.24176437906569,22,0,Tuesday,0,32.0,0.0,9.0,10,Clear,1,34.8,53.5,HIGH
IR-12423,2,SUPERFAST,11,5.0,495.0,105.0,91.07772492550286,8,1,Wednesday,0,20.8,0.0,9.0,10,Clear,3,37.6,57.8,HIGH
IR-12423,2,SUPERFAST,11,5.0,495.0,105.0,95.62732085394113,11,0,Wednesday,0,23.2,0.0,9.0,10,Clear,1,31.7,48.7,HIGH
IR-12423,2,SUPERFAST,11,5.0,495.0,105.0,94.4280292950142,14,0,Wednesday,0,25.6,0.0,9.0,10,Clear,1,33.2,51.1,HIGH
IR-12423,2,SUPERFAST,11,5.0,495.0,105.0,93.19206992995905,18,1,Wednesday,0,28.8,0.0,9.0,10,Clear,3,34.9,53.6,HIGH
IR-12423,2,SUPERFAST,11,5.0,495.0,105.0,95.20961969627733,22,0,Wednesday,0,32.0,0.0,9.0,10,Clear,1,32.2,49.6,HIGH
IR-12423,2,SUPERFAST,11,5.0,495.0,105.0,91.13833853311796,8,1,Thursday,0,20.8,0.0,1.5,65,Foggy,3,37.5,57.7,HIGH
IR-12423,2,SUPERFAST,11,5.0,495.0,105.0,92.72853931168399,11,0,Thursday,0,23.2,1.5,4.0,40,Light Rain,1,35.5,54.5,HIGH
IR-12423,2,SUPERFAST,11,5.0,495.0,105.0,95.5157005731515,14,0,Thursday,0,25.6,1.5,4.0,40,Light Rain,1,31.8,49.0,HIGH
IR-12423,2,SUPERFAST,11,5.0,495.0,105.0,91.16012191226991,18,1,Thursday,0,28.8,1.5,4.0,40,Light Rain,3,37.5,57.7,HIGH
IR-12423,2,SUPERFAST,11,5.0,495.0,105.0,95.32604357263897,22,0,Thursday,0,32.0,1.5,4.0,40,Light Rain,1,32.1,49.3,HIGH
IR-12423,2,SUPERFAST,11,5.0,495.0,105.0,90.39199298981319,8,1,Friday,0,20.8,0.0,9.0,10,Clear,3,38.5,59.2,HIGH
IR-12423,2,SUPERFAST,11,5.0,495.0,105.0,94.81477382556778,11,0,Friday,0,23.2,0.0,9.0,10,Clear,1,32.7,50.4,HIGH
IR-12423,2,SUPERFAST,11,5.0,495.0,105.0,93.84590236567493,14,0,Friday,0,25.6,0.0,9.0,10,Clear,1,34.0,52.3,HIGH
IR-12423,2,SUPERFAST,11,5.0,495.0,105.0,91.19057599098045,18,1,Friday,0,28.8,0.0,9.0,10,Clear,3,37.5,57.6,HIGH
IR-12423,2,SUPERFAST,11,5.0,495.0,105.0,95.22430765280266,22,0,Friday,0,32.0,0.0,9.0,10,Clear,1,32.2,49.6,HIGH
IR-12423,2,SUPERFAST,11,5.0,495.0,105.0,92.68941814423135,8,1,Saturday,1,20.8,0.0,9.0,10,Clear,3,35.5,54.6,HIGH
IR-12423,2,SUPERFAST,11,5.0,495.0,105.0,97.10453414936535,11,0,Saturday,1,23.2,0.0,9.0,10,Clear,1,29.8,45.8,HIGH
IR-12423,2,SUPERFAST,11,5.0,495.0,105.0,93.68564267522768,14,0,Saturday,1,25.6,0.0,9.0,10,Clear,1,34.2,52.6,HIGH
IR-12423,2,SUPERFAST,11,5.0,495.0,105.0,92.21952911691747,18,1,Saturday,1,28.8,0.0,9.0,10,Clear,3,36.1,55.6,HIGH
IR-12423,2,SUPERFAST,11,5.0,495.0,105.0,95.48105297219172,22,0,Saturday,1,32.0,0.0,9.0,10,Clear,1,31.9,49.0,HIGH
IR-12423,2,SUPERFAST,11,5.0,495.0,105.0,91.16560261251689,8,1,Sunday,1,20.8,0.0,1.5,65,Foggy,3,37.5,57.7,HIGH
IR-12423,2,SUPERFAST,11,5.0,495.0,105.0,93.83782054394437,11,0,Sunday,1,23.2,1.5,4.0,40,Light Rain,1,34.0,52.3,HIGH
IR-12423,2,SUPERFAST,11,5.0,495.0,105.0,94.16646243980402,14,0,Sunday,1,25.6,1.5,4.0,40,Light Rain,1,33.6,51.7,HIGH
IR-12423,2,SUPERFAST,11,5.0,495.0,105.0,92.2313833653277,18,1,Sunday,1,28.8,1.5,4.0,40,Light Rain,3,36.1,55.5,HIGH
IR-12423,2,SUPERFAST,11,5.0,495.0,105.0,94.17313266844896,22,0,Sunday,1,32.0,1.5,4.0,40,Light Rain,1,33.6,51.7,HIGH
IR-12423,2,SUPERFAST,12,5.0,540.0,60.0,81.27948507124222,8,1,Monday,0,20.8,0.0,1.5,65,Foggy,3,50.3,77.4,HIGH
IR-12423,2,SUPERFAST,12,5.0,540.0,60.0,85.42757798768889,11,0,Monday,0,23.2,1.5,4.0,40,Light Rain,1,44.9,69.1,HIGH
IR-12423,2,SUPERFAST,12,5.0,540.0,60.0,84.47196442523284,14,0,Monday,0,25.6,1.5,4.0,40,Light Rain,1,46.2,71.1,HIGH
IR-12423,2,SUPERFAST,12,5.0,540.0,60.0,84.0478328487218,18,1,Monday,0,28.8,1.5,4.0,40,Light Rain,3,46.7,71.9,HIGH
IR-12423,2,SUPERFAST,12,5.0,540.0,60.0,87.42980231186968,22,0,Monday,0,32.0,1.5,4.0,40,Light Rain,1,42.3,65.1,HIGH
IR-12423,2,SUPERFAST,12,5.0,540.0,60.0,83.37051745124364,8,1,Tuesday,0,20.8,0.0,9.0,10,Clear,3,47.6,73.3,HIGH
IR-12423,2,SUPERFAST,12,5.0,540.0,60.0,86.0992584349828,11,0,Tuesday,0,23.2,0.0,9.0,10,Clear,1,44.1,67.8,HIGH
IR-12423,2,SUPERFAST,12,5.0,540.0,60.0,85.55794736250677,14,0,Tuesday,0,25.6,0.0,9.0,10,Clear,1,44.8,68.9,HIGH
IR-12423,2,SUPERFAST,12,5.0,540.0,60.0,84.16467535767194,18,1,Tuesday,0,28.8,0.0,9.0,10,Clear,3,46.6,71.7,HIGH
IR-12423,2,SUPERFAST,12,5.0,540.0,60.0,86.4841882630088,22,0,Tuesday,0,32.0,0.0,9.0,10,Clear,1,43.6,67.0,HIGH
IR-12423,2,SUPERFAST,12,5.0,540.0,60.0,84.29316138923106,8,1,Wednesday,0,20.8,0.0,9.0,10,Clear,3,46.4,71.4,HIGH
IR-12423,2,SUPERFAST,12,5.0,540.0,60.0,85.53558341814198,11,0,Wednesday,0,23.2,0.0,9.0,10,Clear,1,44.8,68.9,HIGH
IR-12423,2,SUPERFAST,12,5.0,540.0,60.0,84.96714583668799,14,0,Wednesday,0,25.6,0.0,9.0,10,Clear,1,45.5,70.1,HIGH
IR-12423,2,SUPERFAST,12,5.0,540.0,60.0,83.96819641627695,18,1,Wednesday,0,28.8,0.0,9.0,10,Clear,3,46.8,72.1,HIGH
IR-12423,2,SUPERFAST,12,5.0,540.0,60.0,86.03506859643353,22,0,Wednesday,0,32.0,0.0,9.0,10,Clear,1,44.2,67.9,HIGH
IR-12423,2,SUPERFAST,12,5.0,540.0,60.0,81.64770796991252,8,1,Thursday,0,20.8,0.0,1.5,65,Foggy,3,49.9,76.7,HIGH
IR-12423,2,SUPERFAST,12,5.0,540.0,60.0,86.49290707380962,11,0,Thursday,0,23.2,1.5,4.0,40,Light Rain,1,43.6,67.0,HIGH
IR-12423,2,SUPERFAST,12,5.0,540.0,60.0,84.34002523957528,14,0,Thursday,0,25.6,1.5,4.0,40,Light Rain,1,46.4,71.3,HIGH
IR-12423,2,SUPERFAST,12,5.0,540.0,60.0,82.1975684554551,18,1,Thursday,0,28.8,1.5,4.0,40,Light Rain,3,49.1,75.6,HIGH
IR-12423,2,SUPERFAST,12,5.0,540.0,60.0,88.35995297225065,22,0,Thursday,0,32.0,1.5,4.0,40,Light Rain,1,41.1,63.3,HIGH
IR-12423,2,SUPERFAST,12,5.0,540.0,60.0,84.71240965351078,8,1,Friday,0,20.8,0.0,9.0,10,Clear,3,45.9,70.6,HIGH
IR-12423,2,SUPERFAST,12,5.0,540.0,60.0,87.62960473704246,11,0,Friday,0,23.2,0.0,9.0,10,Clear,1,42.1,64.7,HIGH
IR-12423,2,SUPERFAST,12,5.0,540.0,60.0,86.59714476923705,14,0,Friday,0,25.6,0.0,9.0,10,Clear,1,43.4,66.8,HIGH
IR-12423,2,SUPERFAST,12,5.0,540.0,60.0,84.4303288578148,18,1,Friday,0,28.8,0.0,9.0,10,Clear,3,46.2,71.1,HIGH
IR-12423,2,SUPERFAST,12,5.0,540.0,60.0,85.44998809482664,22,0,Friday,0,32.0,0.0,9.0,10,Clear,1,44.9,69.1,HIGH
IR-12423,2,SUPERFAST,12,5.0,540.0,60.0,81.84704458024495,8,1,Saturday,1,20.8,0.0,9.0,10,Clear,3,49.6,76.3,HIGH
IR-12423,2,SUPERFAST,12,5.0,540.0,60.0,86.68379923475445,11,0,Saturday,1,23.2,0.0,9.0,10,Clear,1,43.3,66.6,HIGH
IR-12423,2,SUPERFAST,12,5.0,540.0,60.0,85.88693258903368,14,0,Saturday,1,25.6,0.0,9.0,10,Clear,1,44.3,68.2,HIGH
IR-12423,2,SUPERFAST,12,5.0,540.0,60.0,81.99050408437134,18,1,Saturday,1,28.8,0.0,9.0,10,Clear,3,49.4,76.0,HIGH
IR-12423,2,SUPERFAST,12,5.0,540.0,60.0,87.35983164745863,22,0,Saturday,1,32.0,0.0,9.0,10,Clear,1,42.4,65.3,HIGH
IR-12423,2,SUPERFAST,12,5.0,540.0,60.0,82.3641574745016,8,1,Sunday,1,20.8,0.0,1.5,65,Foggy,3,48.9,75.3,HIGH
IR-12423,2,SUPERFAST,12,5.0,540.0,60.0,82.38082555899638,11,0,Sunday,1,23.2,1.5,4.0,40,Light Rain,1,48.9,75.2,HIGH
IR-12423,2,SUPERFAST,12,5.0,540.0,60.0,82.51651267522054,14,0,Sunday,1,25.6,1.5,4.0,40,Light Rain,1,48.7,75.0,HIGH
IR-12423,2,SUPERFAST,12,5.0,540.0,60.0,81.9420350999201,18,1,Sunday,1,28.8,1.5,4.0,40,Light Rain,3,49.5,76.1,HIGH
IR-12423,2,SUPERFAST,12,5.0,540.0,60.0,88.56322416031222,22,0,Sunday,1,32.0,1.5,4.0,40,Light Rain,1,40.9,62.9,HIGH
IR-12423,2,SUPERFAST,13,5.0,585.0,15.0,93.00922404609344,8,1,Monday,0,20.8,0.0,1.5,65,Foggy,3,35.1,54.0,HIGH
IR-12423,2,SUPERFAST,13,5.0,585.0,15.0,95.3371091794142,11,0,Monday,0,23.2,1.5,4.0,40,Light Rain,1,32.1,49.3,HIGH
IR-12423,2,SUPERFAST,13,5.0,585.0,15.0,93.78332158958443,14,0,Monday,0,25.6,1.5,4.0,40,Light Rain,1,34.1,52.4,HIGH
IR-12423,2,SUPERFAST,13,5.0,585.0,15.0,92.5112571652321,18,1,Monday,0,28.8,1.5,4.0,40,Light Rain,3,35.7,55.0,HIGH
IR-12423,2,SUPERFAST,13,5.0,585.0,15.0,93.02696410099858,22,0,Monday,0,32.0,1.5,4.0,40,Light Rain,1,35.1,53.9,HIGH
IR-12423,2,SUPERFAST,13,5.0,585.0,15.0,92.87509721226772,8,1,Tuesday,0,20.8,0.0,9.0,10,Clear,3,35.3,54.2,HIGH
IR-12423,2,SUPERFAST,13,5.0,585.0,15.0,95.64529801424789,11,0,Tuesday,0,23.2,0.0,9.0,10,Clear,1,31.7,48.7,HIGH
IR-12423,2,SUPERFAST,13,5.0,585.0,15.0,95.29093249103765,14,0,Tuesday,0,25.6,0.0,9.0,10,Clear,1,32.1,49.4,HIGH
IR-12423,2,SUPERFAST,13,5.0,585.0,15.0,92.74478317380837,18,1,Tuesday,0,28.8,0.0,9.0,10,Clear,3,35.4,54.5,HIGH
IR-12423,2,SUPERFAST,13,5.0,585.0,15.0,97.67808673016857,22,0,Tuesday,0,32.0,0.0,9.0,10,Clear,1,29.0,44.6,HIGH
IR-12423,2,SUPERFAST,13,5.0,585.0,15.0,92.91106196992122,8,1,Wednesday,0,20.8,0.0,9.0,10,Clear,3,35.2,54.2,HIGH
IR-12423,2,SUPERFAST,13,5.0,585.0,15.0,96.07222152594312,11,0,Wednesday,0,23.2,0.0,9.0,10,Clear,1,31.1,47.9,HIGH
IR-12423,2,SUPERFAST,13,5.0,585.0,15.0,96.80180831353576,14,0,Wednesday,0,25.6,0.0,9.0,10,Clear,1,30.2,46.4,HIGH
IR-12423,2,SUPERFAST,13,5.0,585.0,15.0,92.6637568659887,18,1,Wednesday,0,28.8,0.0,9.0,10,Clear,3,35.5,54.7,HIGH
IR-12423,2,SUPERFAST,13,5.0,585.0,15.0,97.35262696984017,22,0,Wednesday,0,32.0,0.0,9.0,10,Clear,1,29.4,45.3,HIGH
IR-12423,2,SUPERFAST,13,5.0,585.0,15.0,91.17444327947945,8,1,Thursday,0,20.8,0.0,1.5,65,Foggy,3,37.5,57.7,HIGH
IR-12423,2,SUPERFAST,13,5.0,585.0,15.0,93.91964713530193,11,0,Thursday,0,23.2,1.5,4.0,40,Light Rain,1,33.9,52.2,HIGH
IR-12423,2,SUPERFAST,13,5.0,585.0,15.0,93.9399518315674,14,0,Thursday,0,25.6,1.5,4.0,40,Light Rain,1,33.9,52.1,HIGH
IR-12423,2,SUPERFAST,13,5.0,585.0,15.0,92.80393735554017,18,1,Thursday,0,28.8,1.5,4.0,40,Light Rain,3,35.4,54.4,HIGH
IR-12423,2,SUPERFAST,13,5.0,585.0,15.0,94.20195057384996,22,0,Thursday,0,32.0,1.5,4.0,40,Light Rain,1,33.5,51.6,HIGH
IR-12423,2,SUPERFAST,13,5.0,585.0,15.0,92.56655695589154,8,1,Friday,0,20.8,0.0,9.0,10,Clear,3,35.7,54.9,HIGH
IR-12423,2,SUPERFAST,13,5.0,585.0,15.0,96.77046664222401,11,0,Friday,0,23.2,0.0,9.0,10,Clear,1,30.2,46.5,HIGH
IR-12423,2,SUPERFAST,13,5.0,585.0,15.0,94.82384290220612,14,0,Friday,0,25.6,0.0,9.0,10,Clear,1,32.7,50.4,HIGH
IR-12423,2,SUPERFAST,13,5.0,585.0,15.0,91.61201135650337,18,1,Friday,0,28.8,0.0,9.0,10,Clear,3,36.9,56.8,HIGH
IR-12423,2,SUPERFAST,13,5.0,585.0,15.0,97.53215392264862,22,0,Friday,0,32.0,0.0,9.0,10,Clear,1,29.2,44.9,HIGH
IR-12423,2,SUPERFAST,13,5.0,585.0,15.0,91.16947621636047,8,1,Saturday,1,20.8,0.0,9.0,10,Clear,3,37.5,57.7,HIGH
IR-12423,2,SUPERFAST,13,5.0,585.0,15.0,95.38595443471547,11,0,Saturday,1,23.2,0.0,9.0,10,Clear,1,32.0,49.2,HIGH
IR-12423,2,SUPERFAST,13,5.0,585.0,15.0,96.0277875846019,14,0,Saturday,1,25.6,0.0,9.0,10,Clear,1,31.2,47.9,HIGH
IR-12423,2,SUPERFAST,13,5.0,585.0,15.0,93.99526889242148,18,1,Saturday,1,28.8,0.0,9.0,10,Clear,3,33.8,52.0,HIGH
IR-12423,2,SUPERFAST,13,5.0,585.0,15.0,95.27563996290903,22,0,Saturday,1,32.0,0.0,9.0,10,Clear,1,32.1,49.4,HIGH
IR-12423,2,SUPERFAST,13,5.0,585.0,15.0,93.08927825198046,8,1,Sunday,1,20.8,0.0,1.5,65,Foggy,3,35.0,53.8,HIGH
IR-12423,2,SUPERFAST,13,5.0,585.0,15.0,94.50685752979912,11,0,Sunday,1,23.2,1.5,4.0,40,Light Rain,1,33.1,51.0,HIGH
IR-12423,2,SUPERFAST,13,5.0,585.0,15.0,95.42085621889106,14,0,Sunday,1,25.6,1.5,4.0,40,Light Rain,1,32.0,49.2,HIGH
IR-12423,2,SUPERFAST,13,5.0,585.0,15.0,89.06549964731032,18,1,Sunday,1,28.8,1.5,4.0,40,Light Rain,3,40.2,61.9,HIGH
IR-12423,2,SUPERFAST,13,5.0,585.0,15.0,96.40323165988093,22,0,Sunday,1,32.0,1.5,4.0,40,Light Rain,1,30.7,47.2,HIGH
IR-12423,2,SUPERFAST,14,5.0,630.0,15.0,86.79709886504038,8,1,Monday,0,20.8,0.0,1.5,65,Foggy,3,43.2,66.4,HIGH
IR-12423,2,SUPERFAST,14,5.0,630.0,15.0,92.50080890324722,11,0,Monday,0,23.2,1.5,4.0,40,Light Rain,1,35.7,55.0,HIGH
IR-12423,2,SUPERFAST,14,5.0,630.0,15.0,89.67378057539455,14,0,Monday,0,25.6,1.5,4.0,40,Light Rain,1,39.4,60.7,HIGH
IR-12423,2,SUPERFAST,14,5.0,630.0,15.0,89.35845820041182,18,1,Monday,0,28.8,1.5,4.0,40,Light Rain,3,39.8,61.3,HIGH
IR-12423,2,SUPERFAST,14,5.0,630.0,15.0,90.45301967470049,22,0,Monday,0,32.0,1.5,4.0,40,Light Rain,1,38.4,59.1,HIGH
IR-12423,2,SUPERFAST,14,5.0,630.0,15.0,90.01875116093186,8,1,Tuesday,0,20.8,0.0,9.0,10,Clear,3,39.0,60.0,HIGH
IR-12423,2,SUPERFAST,14,5.0,630.0,15.0,91.44091092724221,11,0,Tuesday,0,23.2,0.0,9.0,10,Clear,1,37.1,57.1,HIGH
IR-12423,2,SUPERFAST,14,5.0,630.0,15.0,90.54852429988016,14,0,Tuesday,0,25.6,0.0,9.0,10,Clear,1,38.3,58.9,HIGH
IR-12423,2,SUPERFAST,14,5.0,630.0,15.0,90.75375813999153,18,1,Tuesday,0,28.8,0.0,9.0,10,Clear,3,38.0,58.5,HIGH
IR-12423,2,SUPERFAST,14,5.0,630.0,15.0,91.11306590387056,22,0,Tuesday,0,32.0,0.0,9.0,10,Clear,1,37.6,57.8,HIGH
IR-12423,2,SUPERFAST,14,5.0,630.0,15.0,89.45046191469206,8,1,Wednesday,0,20.8,0.0,9.0,10,Clear,3,39.7,61.1,HIGH
IR-12423,2,SUPERFAST,14,5.0,630.0,15.0,89.8318060516307,11,0,Wednesday,0,23.2,0.0,9.0,10,Clear,1,39.2,60.3,HIGH
IR-12423,2,SUPERFAST,14,5.0,630.0,15.0,92.31884796062687,14,0,Wednesday,0,25.6,0.0,9.0,10,Clear,1,36.0,55.4,HIGH
IR-12423,2,SUPERFAST,14,5.0,630.0,15.0,89.54860569199457,18,1,Wednesday,0,28.8,0.0,9.0,10,Clear,3,39.6,60.9,HIGH
IR-12423,2,SUPERFAST,14,5.0,630.0,15.0,92.45894140041865,22,0,Wednesday,0,32.0,0.0,9.0,10,Clear,1,35.8,55.1,HIGH
IR-12423,2,SUPERFAST,14,5.0,630.0,15.0,84.86220486181952,8,1,Thursday,0,20.8,0.0,1.5,65,Foggy,3,45.7,70.3,HIGH
IR-12423,2,SUPERFAST,14,5.0,630.0,15.0,90.87760227388864,11,0,Thursday,0,23.2,1.5,4.0,40,Light Rain,1,37.9,58.2,HIGH
IR-12423,2,SUPERFAST,14,5.0,630.0,15.0,90.09470124949641,14,0,Thursday,0,25.6,1.5,4.0,40,Light Rain,1,38.9,59.8,HIGH
IR-12423,2,SUPERFAST,14,5.0,630.0,15.0,88.20895046818859,18,1,Thursday,0,28.8,1.5,4.0,40,Light Rain,3,41.3,63.6,HIGH
IR-12423,2,SUPERFAST,14,5.0,630.0,15.0,90.95301575633867,22,0,Thursday,0,32.0,1.5,4.0,40,Light Rain,1,37.8,58.1,HIGH
IR-12423,2,SUPERFAST,14,5.0,630.0,15.0,90.21624506242286,8,1,Friday,0,20.8,0.0,9.0,10,Clear,3,38.7,59.6,HIGH
IR-12423,2,SUPERFAST,14,5.0,630.0,15.0,90.67127915476951,11,0,Friday,0,23.2,0.0,9.0,10,Clear,1,38.1,58.7,HIGH
IR-12423,2,SUPERFAST,14,5.0,630.0,15.0,90.57018975616874,14,0,Friday,0,25.6,0.0,9.0,10,Clear,1,38.3,58.9,HIGH
IR-12423,2,SUPERFAST,14,5.0,630.0,15.0,88.09111786241975,18,1,Friday,0,28.8,0.0,9.0,10,Clear,3,41.5,63.8,HIGH
IR-12423,2,SUPERFAST,14,5.0,630.0,15.0,91.56001927067666,22,0,Friday,0,32.0,0.0,9.0,10,Clear,1,37.0,56.9,HIGH
IR-12423,2,SUPERFAST,14,5.0,630.0,15.0,87.03095319839741,8,1,Saturday,1,20.8,0.0,9.0,10,Clear,3,42.9,65.9,HIGH
IR-12423,2,SUPERFAST,14,5.0,630.0,15.0,90.37612085001629,11,0,Saturday,1,23.2,0.0,9.0,10,Clear,1,38.5,59.2,HIGH
IR-12423,2,SUPERFAST,14,5.0,630.0,15.0,90.59045864378919,14,0,Saturday,1,25.6,0.0,9.0,10,Clear,1,38.2,58.8,HIGH
IR-12423,2,SUPERFAST,14,5.0,630.0,15.0,86.46162385768542,18,1,Saturday,1,28.8,0.0,9.0,10,Clear,3,43.6,67.1,HIGH
IR-12423,2,SUPERFAST,14,5.0,630.0,15.0,90.36161000027055,22,0,Saturday,1,32.0,0.0,9.0,10,Clear,1,38.5,59.3,HIGH
IR-12423,2,SUPERFAST,14,5.0,630.0,15.0,85.84072767535372,8,1,Sunday,1,20.8,0.0,1.5,65,Foggy,3,44.4,68.3,HIGH
IR-12423,2,SUPERFAST,14,5.0,630.0,15.0,89.62754164950644,11,0,Sunday,1,23.2,1.5,4.0,40,Light Rain,1,39.5,60.7,HIGH
IR-12423,2,SUPERFAST,14,5.0,630.0,15.0,88.78896182640297,14,0,Sunday,1,25.6,1.5,4.0,40,Light Rain,1,40.6,62.4,HIGH
IR-12423,2,SUPERFAST,14,5.0,630.0,15.0,87.34213070161928,18,1,Sunday,1,28.8,1.5,4.0,40,Light Rain,3,42.5,65.3,HIGH
IR-12423,2,SUPERFAST,14,5.0,630.0,15.0,90.9804812219708,22,0,Sunday,1,32.0,1.5,4.0,40,Light Rain,1,37.7,58.0,HIGH
IR-12423,2,SUPERFAST,15,5.0,675.0,15.0,89.68462006297986,8,1,Monday,0,20.8,0.0,1.5,65,Foggy,3,39.4,60.6,HIGH
IR-12423,2,SUPERFAST,15,5.0,675.0,15.0,94.41563229351422,11,0,Monday,0,23.2,1.5,4.0,40,Light Rain,1,33.3,51.2,HIGH
IR-12423,2,SUPERFAST,15,5.0,675.0,15.0,93.90605099991869,14,0,Monday,0,25.6,1.5,4.0,40,Light Rain,1,33.9,52.2,HIGH
IR-12423,2,SUPERFAST,15,5.0,675.0,15.0,91.41292005126034,18,1,Monday,0,28.8,1.5,4.0,40,Light Rain,3,37.2,57.2,HIGH
IR-12423,2,SUPERFAST,15,5.0,675.0,15.0,96.39198662221298,22,0,Monday,0,32.0,1.5,4.0,40,Light Rain,1,30.7,47.2,HIGH
IR-12423,2,SUPERFAST,15,5.0,675.0,15.0,91.69905978028,8,1,Tuesday,0,20.8,0.0,9.0,10,Clear,3,36.8,56.6,HIGH
IR-12423,2,SUPERFAST,15,5.0,675.0,15.0,92.80523765410294,11,0,Tuesday,0,23.2,0.0,9.0,10,Clear,1,35.4,54.4,HIGH
IR-12423,2,SUPERFAST,15,5.0,675.0,15.0,93.09671462324428,14,0,Tuesday,0,25.6,0.0,9.0,10,Clear,1,35.0,53.8,HIGH
IR-12423,2,SUPERFAST,15,5.0,675.0,15.0,93.8541144718827,18,1,Tuesday,0,28.8,0.0,9.0,10,Clear,3,34.0,52.3,HIGH
IR-12423,2,SUPERFAST,15,5.0,675.0,15.0,94.73459040802777,22,0,Tuesday,0,32.0,0.0,9.0,10,Clear,1,32.8,50.5,HIGH
IR-12423,2,SUPERFAST,15,5.0,675.0,15.0,91.41064133692663,8,1,Wednesday,0,20.8,0.0,9.0,10,Clear,3,37.2,57.2,HIGH
IR-12423,2,SUPERFAST,15,5.0,675.0,15.0,94.85859721201305,11,0,Wednesday,0,23.2,0.0,9.0,10,Clear,1,32.7,50.3,HIGH
IR-12423,2,SUPERFAST,15,5.0,675.0,15.0,93.58388966951313,14,0,Wednesday,0,25.6,0.0,9.0,10,Clear,1,34.3,52.8,HIGH
IR-12423,2,SUPERFAST,15,5.0,675.0,15.0,91.18573290369272,18,1,Wednesday,0,28.8,0.0,9.0,10,Clear,3,37.5,57.6,HIGH
IR-12423,2,SUPERFAST,15,5.0,675.0,15.0,96.17579359640203,22,0,Wednesday,0,32.0,0.0,9.0,10,Clear,1,31.0,47.6,HIGH
IR-12423,2,SUPERFAST,15,5.0,675.0,15.0,92.37808443167938,8,1,Thursday,0,20.8,0.0,1.5,65,Foggy,3,35.9,55.2,HIGH
IR-12423,2,SUPERFAST,15,5.0,675.0,15.0,92.2789912530977,11,0,Thursday,0,23.2,1.5,4.0,40,Light Rain,1,36.0,55.4,HIGH
IR-12423,2,SUPERFAST,15,5.0,675.0,15.0,95.10697306083652,14,0,Thursday,0,25.6,1.5,4.0,40,Light Rain,1,32.4,49.8,HIGH
IR-12423,2,SUPERFAST,15,5.0,675.0,15.0,90.40320504234998,18,1,Thursday,0,28.8,1.5,4.0,40,Light Rain,3,38.5,59.2,HIGH
IR-12423,2,SUPERFAST,15,5.0,675.0,15.0,93.03268781836742,22,0,Thursday,0,32.0,1.5,4.0,40,Light Rain,1,35.1,53.9,HIGH
IR-12423,2,SUPERFAST,15,5.0,675.0,15.0,91.19697790285625,8,1,Friday,0,20.8,0.0,9.0,10,Clear,3,37.4,57.6,HIGH
IR-12423,2,SUPERFAST,15,5.0,675.0,15.0,94.54161361892582,11,0,Friday,0,23.2,0.0,9.0,10,Clear,1,33.1,50.9,HIGH
IR-12423,2,SUPERFAST,15,5.0,675.0,15.0,93.04630180467407,14,0,Friday,0,25.6,0.0,9.0,10,Clear,1,35.0,53.9,HIGH
IR-12423,2,SUPERFAST,15,5.0,675.0,15.0,90.73662677836501,18,1,Friday,0,28.8,0.0,9.0,10,Clear,3,38.0,58.5,HIGH
IR-12423,2,SUPERFAST,15,5.0,675.0,15.0,93.12088671776554,22,0,Friday,0,32.0,0.0,9.0,10,Clear,1,34.9,53.8,HIGH
IR-12423,2,SUPERFAST,15,5.0,675.0,15.0,92.72975899049317,8,1,Saturday,1,20.8,0.0,9.0,10,Clear,3,35.5,54.5,HIGH
IR-12423,2,SUPERFAST,15,5.0,675.0,15.0,93.90635649256473,11,0,Saturday,1,23.2,0.0,9.0,10,Clear,1,33.9,52.2,HIGH
IR-12423,2,SUPERFAST,15,5.0,675.0,15.0,96.9803942870276,14,0,Saturday,1,25.6,0.0,9.0,10,Clear,1,29.9,46.0,HIGH
IR-12423,2,SUPERFAST,15,5.0,675.0,15.0,92.96981778187147,18,1,Saturday,1,28.8,0.0,9.0,10,Clear,3,35.1,54.1,HIGH
IR-12423,2,SUPERFAST,15,5.0,675.0,15.0,95.28744466432222,22,0,Saturday,1,32.0,0.0,9.0,10,Clear,1,32.1,49.4,HIGH
IR-12423,2,SUPERFAST,15,5.0,675.0,15.0,91.60580082700726,8,1,Sunday,1,20.8,0.0,1.5,65,Foggy,3,36.9,56.8,HIGH
IR-12423,2,SUPERFAST,15,5.0,675.0,15.0,93.65007093622677,11,0,Sunday,1,23.2,1.5,4.0,40,Light Rain,1,34.3,52.7,HIGH
IR-12423,2,SUPERFAST,15,5.0,675.0,15.0,94.20024306396908,14,0,Sunday,1,25.6,1.5,4.0,40,Light Rain,1,33.5,51.6,HIGH
IR-12423,2,SUPERFAST,15,5.0,675.0,15.0,90.7980801377652,18,1,Sunday,1,28.8,1.5,4.0,40,Light Rain,3,38.0,58.4,HIGH
IR-12423,2,SUPERFAST,15,5.0,675.0,15.0,94.35224901299569,22,0,Sunday,1,32.0,1.5,4.0,40,Light Rain,1,33.3,51.3,HIGH
IR-12423,2,SUPERFAST,16,5.0,720.0,15.0,87.57071277874823,8,1,Monday,0,20.8,0.0,1.5,65,Foggy,3,42.2,64.9,HIGH
IR-12423,2,SUPERFAST,16,5.0,720.0,15.0,92.63709690756235,11,0,Monday,0,23.2,1.5,4.0,40,Light Rain,1,35.6,54.7,HIGH
IR-12423,2,SUPERFAST,16,5.0,720.0,15.0,92.53953745569001,14,0,Monday,0,25.6,1.5,4.0,40,Light Rain,1,35.7,54.9,HIGH
IR-12423,2,SUPERFAST,16,5.0,720.0,15.0,88.90142418876297,18,1,Monday,0,28.8,1.5,4.0,40,Light Rain,3,40.4,62.2,HIGH
IR-12423,2,SUPERFAST,16,5.0,720.0,15.0,93.72921209401215,22,0,Monday,0,32.0,1.5,4.0,40,Light Rain,1,34.2,52.5,HIGH
IR-12423,2,SUPERFAST,16,5.0,720.0,15.0,90.65112366288243,8,1,Tuesday,0,20.8,0.0,9.0,10,Clear,3,38.2,58.7,HIGH
IR-12423,2,SUPERFAST,16,5.0,720.0,15.0,92.46914250897669,11,0,Tuesday,0,23.2,0.0,9.0,10,Clear,1,35.8,55.1,HIGH
IR-12423,2,SUPERFAST,16,5.0,720.0,15.0,94.20463822614029,14,0,Tuesday,0,25.6,0.0,9.0,10,Clear,1,33.5,51.6,HIGH
IR-12423,2,SUPERFAST,16,5.0,720.0,15.0,90.84819745513407,18,1,Tuesday,0,28.8,0.0,9.0,10,Clear,3,37.9,58.3,HIGH
IR-12423,2,SUPERFAST,16,5.0,720.0,15.0,94.4734803324984,22,0,Tuesday,0,32.0,0.0,9.0,10,Clear,1,33.2,51.1,HIGH
IR-12423,2,SUPERFAST,16,5.0,720.0,15.0,91.39368693811888,8,1,Wednesday,0,20.8,0.0,9.0,10,Clear,3,37.2,57.2,HIGH
IR-12423,2,SUPERFAST,16,5.0,720.0,15.0,91.52523917538952,11,0,Wednesday,0,23.2,0.0,9.0,10,Clear,1,37.0,56.9,HIGH
IR-12423,2,SUPERFAST,16,5.0,720.0,15.0,95.4553703095277,14,0,Wednesday,0,25.6,0.0,9.0,10,Clear,1,31.9,49.1,HIGH
IR-12423,2,SUPERFAST,16,5.0,720.0,15.0,92.11727808233245,18,1,Wednesday,0,28.8,0.0,9.0,10,Clear,3,36.2,55.8,HIGH
IR-12423,2,SUPERFAST,16,5.0,720.0,15.0,90.04351870454934,22,0,Wednesday,0,32.0,0.0,9.0,10,Clear,1,38.9,59.9,HIGH
IR-12423,2,SUPERFAST,16,5.0,720.0,15.0,88.23199919326618,8,1,Thursday,0,20.8,0.0,1.5,65,Foggy,3,41.3,63.5,HIGH
IR-12423,2,SUPERFAST,16,5.0,720.0,15.0,91.74188866673508,11,0,Thursday,0,23.2,1.5,4.0,40,Light Rain,1,36.7,56.5,HIGH
IR-12423,2,SUPERFAST,16,5.0,720.0,15.0,95.1431072721617,14,0,Thursday,0,25.6,1.5,4.0,40,Light Rain,1,32.3,49.7,HIGH
IR-12423,2,SUPERFAST,16,5.0,720.0,15.0,88.04604024255312,18,1,Thursday,0,28.8,1.5,4.0,40,Light Rain,3,41.5,63.9,HIGH
IR-12423,2,SUPERFAST,16,5.0,720.0,15.0,91.63309384496026,22,0,Thursday,0,32.0,1.5,4.0,40,Light Rain,1,36.9,56.7,HIGH
IR-12423,2,SUPERFAST,16,5.0,720.0,15.0,92.68633302585532,8,1,Friday,0,20.8,0.0,9.0,10,Clear,3,35.5,54.6,HIGH
IR-12423,2,SUPERFAST,16,5.0,720.0,15.0,92.47606933787013,11,0,Friday,0,23.2,0.0,9.0,10,Clear,1,35.8,55.0,HIGH
IR-12423,2,SUPERFAST,16,5.0,720.0,15.0,93.23319769339038,14,0,Friday,0,25.6,0.0,9.0,10,Clear,1,34.8,53.5,HIGH
IR-12423,2,SUPERFAST,16,5.0,720.0,15.0,90.70270618509383,18,1,Friday,0,28.8,0.0,9.0,10,Clear,3,38.1,58.6,HIGH
IR-12423,2,SUPERFAST,16,5.0,720.0,15.0,93.46395935070935,22,0,Friday,0,32.0,0.0,9.0,10,Clear,1,34.5,53.1,HIGH
IR-12423,2,SUPERFAST,16,5.0,720.0,15.0,90.25192074386635,8,1,Saturday,1,20.8,0.0,9.0,10,Clear,3,38.7,59.5,HIGH
IR-12423,2,SUPERFAST,16,5.0,720.0,15.0,91.48648514300866,11,0,Saturday,1,23.2,0.0,9.0,10,Clear,1,37.1,57.0,HIGH
IR-12423,2,SUPERFAST,16,5.0,720.0,15.0,91.2753046630129,14,0,Saturday,1,25.6,0.0,9.0,10,Clear,1,37.3,57.4,HIGH
IR-12423,2,SUPERFAST,16,5.0,720.0,15.0,92.22371659521406,18,1,Saturday,1,28.8,0.0,9.0,10,Clear,3,36.1,55.6,HIGH
IR-12423,2,SUPERFAST,16,5.0,720.0,15.0,92.97197147168265,22,0,Saturday,1,32.0,0.0,9.0,10,Clear,1,35.1,54.1,HIGH
IR-12423,2,SUPERFAST,16,5.0,720.0,15.0,90.27249475574881,8,1,Sunday,1,20.8,0.0,1.5,65,Foggy,3,38.6,59.5,HIGH
IR-12423,2,SUPERFAST,16,5.0,720.0,15.0,90.71904570139608,11,0,Sunday,1,23.2,1.5,4.0,40,Light Rain,1,38.1,58.6,HIGH
IR-12423,2,SUPERFAST,16,5.0,720.0,15.0,90.85251749605752,14,0,Sunday,1,25.6,1.5,4.0,40,Light Rain,1,37.9,58.3,HIGH
IR-12423,2,SUPERFAST,16,5.0,720.0,15.0,90.50649245972876,18,1,Sunday,1,28.8,1.5,4.0,40,Light Rain,3,38.3,59.0,HIGH
IR-12423,2,SUPERFAST,16,5.0,720.0,15.0,93.27582817757929,22,0,Sunday,1,32.0,1.5,4.0,40,Light Rain,1,34.7,53.4,HIGH
IR-12423,2,SUPERFAST,17,5.0,765.0,15.0,86.74966733903278,8,1,Monday,0,20.8,0.0,1.5,65,Foggy,3,43.2,66.5,HIGH
IR-12423,2,SUPERFAST,17,5.0,765.0,15.0,89.99766453809926,11,0,Monday,0,23.2,1.5,4.0,40,Light Rain,1,39.0,60.0,HIGH
IR-12423,2,SUPERFAST,17,5.0,765.0,15.0,92.12546154416036,14,0,Monday,0,25.6,1.5,4.0,40,Light Rain,1,36.2,55.7,HIGH
IR-12423,2,SUPERFAST,17,5.0,765.0,15.0,83.75044826954891,18,1,Monday,0,28.8,1.5,4.0,40,Light Rain,3,47.1,72.5,HIGH
IR-12423,2,SUPERFAST,17,5.0,765.0,15.0,90.50380308875968,22,0,Monday,0,32.0,1.5,4.0,40,Light Rain,1,38.3,59.0,HIGH
IR-12423,2,SUPERFAST,17,5.0,765.0,15.0,86.70284104142709,8,1,Tuesday,0,20.8,0.0,9.0,10,Clear,3,43.3,66.6,HIGH
IR-12423,2,SUPERFAST,17,5.0,765.0,15.0,89.84230273476228,11,0,Tuesday,0,23.2,0.0,9.0,10,Clear,1,39.2,60.3,HIGH
IR-12423,2,SUPERFAST,17,5.0,765.0,15.0,89.01063346039847,14,0,Tuesday,0,25.6,0.0,9.0,10,Clear,1,40.3,62.0,HIGH
IR-12423,2,SUPERFAST,17,5.0,765.0,15.0,87.10045131100708,18,1,Tuesday,0,28.8,0.0,9.0,10,Clear,3,42.8,65.8,HIGH
IR-12423,2,SUPERFAST,17,5.0,765.0,15.0,91.93710487874591,22,0,Tuesday,0,32.0,0.0,9.0,10,Clear,1,36.5,56.1,HIGH
IR-12423,2,SUPERFAST,17,5.0,765.0,15.0,85.2214031100977,8,1,Wednesday,0,20.8,0.0,9.0,10,Clear,3,45.2,69.6,HIGH
IR-12423,2,SUPERFAST,17,5.0,765.0,15.0,88.86480255575333,11,0,Wednesday,0,23.2,0.0,9.0,10,Clear,1,40.5,62.3,HIGH
IR-12423,2,SUPERFAST,17,5.0,765.0,15.0,88.45986726246517,14,0,Wednesday,0,25.6,0.0,9.0,10,Clear,1,41.0,63.1,HIGH
IR-12423,2,SUPERFAST,17,5.0,765.0,15.0,86.60965209790822,18,1,Wednesday,0,28.8,0.0,9.0,10,Clear,3,43.4,66.8,HIGH
IR-12423,2,SUPERFAST,17,5.0,765.0,15.0,87.93826149855371,22,0,Wednesday,0,32.0,0.0,9.0,10,Clear,1,41.7,64.1,HIGH
IR-12423,2,SUPERFAST,17,5.0,765.0,15.0,88.49873480411951,8,1,Thursday,0,20.8,0.0,1.5,65,Foggy,3,41.0,63.0,HIGH
IR-12423,2,SUPERFAST,17,5.0,765.0,15.0,89.9527099595031,11,0,Thursday,0,23.2,1.5,4.0,40,Light Rain,1,39.1,60.1,HIGH
IR-12423,2,SUPERFAST,17,5.0,765.0,15.0,87.33361005696437,14,0,Thursday,0,25.6,1.5,4.0,40,Light Rain,1,42.5,65.3,HIGH
IR-12423,2,SUPERFAST,17,5.0,765.0,15.0,85.50358905138546,18,1,Thursday,0,28.8,1.5,4.0,40,Light Rain,3,44.8,69.0,HIGH
IR-12423,2,SUPERFAST,17,5.0,765.0,15.0,88.18296564642628,22,0,Thursday,0,32.0,1.5,4.0,40,Light Rain,1,41.4,63.6,HIGH
IR-12423,2,SUPERFAST,17,5.0,765.0,15.0,86.89948820643374,8,1,Friday,0,20.8,0.0,9.0,10,Clear,3,43.0,66.2,HIGH
IR-12423,2,SUPERFAST,17,5.0,765.0,15.0,86.8617158146647,11,0,Friday,0,23.2,0.0,9.0,10,Clear,1,43.1,66.3,HIGH
IR-12423,2,SUPERFAST,17,5.0,765.0,15.0,89.43420375784005,14,0,Friday,0,25.6,0.0,9.0,10,Clear,1,39.7,61.1,HIGH
IR-12423,2,SUPERFAST,17,5.0,765.0,15.0,86.69000286001625,18,1,Friday,0,28.8,0.0,9.0,10,Clear,3,43.3,66.6,HIGH
IR-12423,2,SUPERFAST,17,5.0,765.0,15.0,90.5840067638047,22,0,Friday,0,32.0,0.0,9.0,10,Clear,1,38.2,58.8,HIGH
IR-12423,2,SUPERFAST,17,5.0,765.0,15.0,86.28796337877901,8,1,Saturday,1,20.8,0.0,9.0,10,Clear,3,43.8,67.4,HIGH
IR-12423,2,SUPERFAST,17,5.0,765.0,15.0,90.69152676021147,11,0,Saturday,1,23.2,0.0,9.0,10,Clear,1,38.1,58.6,HIGH
IR-12423,2,SUPERFAST,17,5.0,765.0,15.0,90.32056660204357,14,0,Saturday,1,25.6,0.0,9.0,10,Clear,1,38.6,59.4,HIGH
IR-12423,2,SUPERFAST,17,5.0,765.0,15.0,85.62194233267633,18,1,Saturday,1,28.8,0.0,9.0,10,Clear,3,44.7,68.8,HIGH
IR-12423,2,SUPERFAST,17,5.0,765.0,15.0,88.89136361920696,22,0,Saturday,1,32.0,0.0,9.0,10,Clear,1,40.4,62.2,HIGH
IR-12423,2,SUPERFAST,17,5.0,765.0,15.0,85.94465466307597,8,1,Sunday,1,20.8,0.0,1.5,65,Foggy,3,44.3,68.1,HIGH
IR-12423,2,SUPERFAST,17,5.0,765.0,15.0,90.10651973560996,11,0,Sunday,1,23.2,1.5,4.0,40,Light Rain,1,38.9,59.8,HIGH
IR-12423,2,SUPERFAST,17,5.0,765.0,15.0,88.35821428715579,14,0,Sunday,1,25.6,1.5,4.0,40,Light Rain,1,41.1,63.3,HIGH
IR-12423,2,SUPERFAST,17,5.0,765.0,15.0,87.41390873699324,18,1,Sunday,1,28.8,1.5,4.0,40,Light Rain,3,42.4,65.2,HIGH
IR-12423,2,SUPERFAST,17,5.0,765.0,15.0,87.81601502562285,22,0,Sunday,1,32.0,1.5,4.0,40,Light Rain,1,41.8,64.4,HIGH
IR-12423,2,SUPERFAST,18,5.0,810.0,15.0,95.31693438680699,8,1,Monday,0,20.8,0.0,1.5,65,Foggy,3,32.1,49.4,HIGH
IR-12423,2,SUPERFAST,18,5.0,810.0,15.0,97.53151647279884,11,0,Monday,0,23.2,1.5,4.0,40,Light Rain,1,29.2,44.9,HIGH
IR-12423,2,SUPERFAST,18,5.0,810.0,15.0,94.68160053998963,14,0,Monday,0,25.6,1.5,4.0,40,Light Rain,1,32.9,50.6,HIGH
IR-12423,2,SUPERFAST,18,5.0,810.0,15.0,93.82765117063802,18,1,Monday,0,28.8,1.5,4.0,40,Light Rain,3,34.0,52.3,HIGH
IR-12423,2,SUPERFAST,18,5.0,810.0,15.0,96.65179448277185,22,0,Monday,0,32.0,1.5,4.0,40,Light Rain,1,30.4,46.7,HIGH
IR-12423,2,SUPERFAST,18,5.0,810.0,15.0,96.2227274816994,8,1,Tuesday,0,20.8,0.0,9.0,10,Clear,3,30.9,47.6,HIGH
IR-12423,2,SUPERFAST,18,5.0,810.0,15.0,97.49241463812649,11,0,Tuesday,0,23.2,0.0,9.0,10,Clear,1,29.3,45.0,HIGH
IR-12423,2,SUPERFAST,18,5.0,810.0,15.0,98.86250160289165,14,0,Tuesday,0,25.6,0.0,9.0,10,Clear,1,27.5,42.3,HIGH
IR-12423,2,SUPERFAST,18,5.0,810.0,15.0,94.07500216284609,18,1,Tuesday,0,28.8,0.0,9.0,10,Clear,3,33.7,51.8,HIGH
IR-12423,2,SUPERFAST,18,5.0,810.0,15.0,98.5719450981137,22,0,Tuesday,0,32.0,0.0,9.0,10,Clear,1,27.9,42.9,HIGH
IR-12423,2,SUPERFAST,18,5.0,810.0,15.0,96.07607229564746,8,1,Wednesday,0,20.8,0.0,9.0,10,Clear,3,31.1,47.8,HIGH
IR-12423,2,SUPERFAST,18,5.0,810.0,15.0,100.00973560361065,11,0,Wednesday,0,23.2,0.0,9.0,10,Clear,1,26.0,40.0,HIGH
IR-12423,2,SUPERFAST,18,5.0,810.0,15.0,98.56674140663223,14,0,Wednesday,0,25.6,0.0,9.0,10,Clear,1,27.9,42.9,HIGH
IR-12423,2,SUPERFAST,18,5.0,810.0,15.0,97.53220813556553,18,1,Wednesday,0,28.8,0.0,9.0,10,Clear,3,29.2,44.9,HIGH
IR-12423,2,SUPERFAST,18,5.0,810.0,15.0,97.22367531112948,22,0,Wednesday,0,32.0,0.0,9.0,10,Clear,1,29.6,45.6,HIGH
IR-12423,2,SUPERFAST,18,5.0,810.0,15.0,95.02021616563844,8,1,Thursday,0,20.8,0.0,1.5,65,Foggy,3,32.5,50.0,HIGH
IR-12423,2,SUPERFAST,18,5.0,810.0,15.0,96.07174900361694,11,0,Thursday,0,23.2,1.5,4.0,40,Light Rain,1,31.1,47.9,HIGH
IR-12423,2,SUPERFAST,18,5.0,810.0,15.0,100.41684915878574,14,0,Thursday,0,25.6,1.5,4.0,40,Light Rain,1,25.5,39.2,HIGH
IR-12423,2,SUPERFAST,18,5.0,810.0,15.0,94.9056352974237,18,1,Thursday,0,28.8,1.5,4.0,40,Light Rain,3,32.6,50.2,HIGH
IR-12423,2,SUPERFAST,18,5.0,810.0,15.0,98.13848685666451,22,0,Thursday,0,32.0,1.5,4.0,40,Light Rain,1,28.4,43.7,HIGH
IR-12423,2,SUPERFAST,18,5.0,810.0,15.0,94.33065462386318,8,1,Friday,0,20.8,0.0,9.0,10,Clear,3,33.4,51.3,HIGH
IR-12423,2,SUPERFAST,18,5.0,810.0,15.0,96.24264724613111,11,0,Friday,0,23.2,0.0,9.0,10,Clear,1,30.9,47.5,HIGH
IR-12423,2,SUPERFAST,18,5.0,810.0,15.0,97.13783419258368,14,0,Friday,0,25.6,0.0,9.0,10,Clear,1,29.7,45.7,HIGH
IR-12423,2,SUPERFAST,18,5.0,810.0,15.0,95.52434974585105,18,1,Friday,0,28.8,0.0,9.0,10,Clear,3,31.8,49.0,HIGH
IR-12423,2,SUPERFAST,18,5.0,810.0,15.0,97.0475612564254,22,0,Friday,0,32.0,0.0,9.0,10,Clear,1,29.8,45.9,HIGH
IR-12423,2,SUPERFAST,18,5.0,810.0,15.0,96.34505728774705,8,1,Saturday,1,20.8,0.0,9.0,10,Clear,3,30.8,47.3,HIGH
IR-12423,2,SUPERFAST,18,5.0,810.0,15.0,99.69972129518641,11,0,Saturday,1,23.2,0.0,9.0,10,Clear,1,26.4,40.6,HIGH
IR-12423,2,SUPERFAST,18,5.0,810.0,15.0,97.87972243623699,14,0,Saturday,1,25.6,0.0,9.0,10,Clear,1,28.8,44.2,HIGH
IR-12423,2,SUPERFAST,18,5.0,810.0,15.0,95.52725031574232,18,1,Saturday,1,28.8,0.0,9.0,10,Clear,3,31.8,48.9,HIGH
IR-12423,2,SUPERFAST,18,5.0,810.0,15.0,98.98638772298195,22,0,Saturday,1,32.0,0.0,9.0,10,Clear,1,27.3,42.0,HIGH
IR-12423,2,SUPERFAST,18,5.0,810.0,15.0,94.38306059694844,8,1,Sunday,1,20.8,0.0,1.5,65,Foggy,3,33.3,51.2,HIGH
IR-12423,2,SUPERFAST,18,5.0,810.0,15.0,97.04743108733575,11,0,Sunday,1,23.2,1.5,4.0,40,Light Rain,1,29.8,45.9,HIGH
IR-12423,2,SUPERFAST,18,5.0,810.0,15.0,96.49516598024114,14,0,Sunday,1,25.6,1.5,4.0,40,Light Rain,1,30.6,47.0,HIGH
IR-12423,2,SUPERFAST,18,5.0,810.0,15.0,94.25382894460596,18,1,Sunday,1,28.8,1.5,4.0,40,Light Rain,3,33.5,51.5,HIGH
IR-12423,2,SUPERFAST,18,5.0,810.0,15.0,99.56131002809123,22,0,Sunday,1,32.0,1.5,4.0,40,Light Rain,1,26.6,40.9,HIGH
IR-12423,2,SUPERFAST,19,5.0,855.0,15.0,89.44918546210651,8,1,Monday,0,20.8,0.0,1.5,65,Foggy,3,39.7,61.1,HIGH
IR-12423,2,SUPERFAST,19,5.0,855.0,15.0,97.70187151661135,11,0,Monday,0,23.2,1.5,4.0,40,Light Rain,1,29.0,44.6,HIGH
IR-12423,2,SUPERFAST,19,5.0,855.0,15.0,93.19317394274141,14,0,Monday,0,25.6,1.5,4.0,40,Light Rain,1,34.8,53.6,HIGH
IR-12423,2,SUPERFAST,19,5.0,855.0,15.0,93.06981510635606,18,1,Monday,0,28.8,1.5,4.0,40,Light Rain,3,35.0,53.9,HIGH
IR-12423,2,SUPERFAST,19,5.0,855.0,15.0,94.15177679162991,22,0,Monday,0,32.0,1.5,4.0,40,Light Rain,1,33.6,51.7,HIGH
IR-12423,2,SUPERFAST,19,5.0,855.0,15.0,91.8998779048359,8,1,Tuesday,0,20.8,0.0,9.0,10,Clear,3,36.5,56.2,HIGH
IR-12423,2,SUPERFAST,19,5.0,855.0,15.0,98.10636699284677,11,0,Tuesday,0,23.2,0.0,9.0,10,Clear,1,28.5,43.8,HIGH
IR-12423,2,SUPERFAST,19,5.0,855.0,15.0,96.76566181109742,14,0,Tuesday,0,25.6,0.0,9.0,10,Clear,1,30.2,46.5,HIGH
IR-12423,2,SUPERFAST,19,5.0,855.0,15.0,95.39781619683828,18,1,Tuesday,0,28.8,0.0,9.0,10,Clear,3,32.0,49.2,HIGH
IR-12423,2,SUPERFAST,19,5.0,855.0,15.0,97.78272005944501,22,0,Tuesday,0,32.0,0.0,9.0,10,Clear,1,28.9,44.4,HIGH
IR-12423,2,SUPERFAST,19,5.0,855.0,15.0,92.59711909867526,8,1,Wednesday,0,20.8,0.0,9.0,10,Clear,3,35.6,54.8,HIGH
IR-12423,2,SUPERFAST,19,5.0,855.0,15.0,95.98563922350816,11,0,Wednesday,0,23.2,0.0,9.0,10,Clear,1,31.2,48.0,HIGH
IR-12423,2,SUPERFAST,19,5.0,855.0,15.0,95.45438123971391,14,0,Wednesday,0,25.6,0.0,9.0,10,Clear,1,31.9,49.1,HIGH
IR-12423,2,SUPERFAST,19,5.0,855.0,15.0,94.86512188074934,18,1,Wednesday,0,28.8,0.0,9.0,10,Clear,3,32.7,50.3,HIGH
IR-12423,2,SUPERFAST,19,5.0,855.0,15.0,98.00662513100811,22,0,Wednesday,0,32.0,0.0,9.0,10,Clear,1,28.6,44.0,HIGH
IR-12423,2,SUPERFAST,19,5.0,855.0,15.0,92.25095532562084,8,1,Thursday,0,20.8,0.0,1.5,65,Foggy,3,36.1,55.5,HIGH
IR-12423,2,SUPERFAST,19,5.0,855.0,15.0,95.60329178216983,11,0,Thursday,0,23.2,1.5,4.0,40,Light Rain,1,31.7,48.8,HIGH
IR-12423,2,SUPERFAST,19,5.0,855.0,15.0,92.73704590647372,14,0,Thursday,0,25.6,1.5,4.0,40,Light Rain,1,35.4,54.5,HIGH
IR-12423,2,SUPERFAST,19,5.0,855.0,15.0,94.93344069451669,18,1,Thursday,0,28.8,1.5,4.0,40,Light Rain,3,32.6,50.1,HIGH
IR-12423,2,SUPERFAST,19,5.0,855.0,15.0,94.92579199049067,22,0,Thursday,0,32.0,1.5,4.0,40,Light Rain,1,32.6,50.1,HIGH
IR-12423,2,SUPERFAST,19,5.0,855.0,15.0,94.80020310662415,8,1,Friday,0,20.8,0.0,9.0,10,Clear,3,32.8,50.4,HIGH
IR-12423,2,SUPERFAST,19,5.0,855.0,15.0,98.77363695609606,11,0,Friday,0,23.2,0.0,9.0,10,Clear,1,27.6,42.5,HIGH
IR-12423,2,SUPERFAST,19,5.0,855.0,15.0,97.15539583074114,14,0,Friday,0,25.6,0.0,9.0,10,Clear,1,29.7,45.7,HIGH
IR-12423,2,SUPERFAST,19,5.0,855.0,15.0,93.3691110074018,18,1,Friday,0,28.8,0.0,9.0,10,Clear,3,34.6,53.3,HIGH
IR-12423,2,SUPERFAST,19,5.0,855.0,15.0,97.61235166307628,22,0,Friday,0,32.0,0.0,9.0,10,Clear,1,29.1,44.8,HIGH
IR-12423,2,SUPERFAST,19,5.0,855.0,15.0,94.10345027424077,8,1,Saturday,1,20.8,0.0,9.0,10,Clear,3,33.7,51.8,HIGH
IR-12423,2,SUPERFAST,19,5.0,855.0,15.0,97.04149509789782,11,0,Saturday,1,23.2,0.0,9.0,10,Clear,1,29.8,45.9,HIGH
IR-12423,2,SUPERFAST,19,5.0,855.0,15.0,97.67874214916152,14,0,Saturday,1,25.6,0.0,9.0,10,Clear,1,29.0,44.6,HIGH
IR-12423,2,SUPERFAST,19,5.0,855.0,15.0,94.97790729263627,18,1,Saturday,1,28.8,0.0,9.0,10,Clear,3,32.5,50.0,HIGH
IR-12423,2,SUPERFAST,19,5.0,855.0,15.0,97.49079203293508,22,0,Saturday,1,32.0,0.0,9.0,10,Clear,1,29.3,45.0,HIGH
IR-12423,2,SUPERFAST,19,5.0,855.0,15.0,92.93456133308558,8,1,Sunday,1,20.8,0.0,1.5,65,Foggy,3,35.2,54.1,HIGH
IR-12423,2,SUPERFAST,19,5.0,855.0,15.0,96.71387834224981,11,0,Sunday,1,23.2,1.5,4.0,40,Light Rain,1,30.3,46.6,HIGH
IR-12423,2,SUPERFAST,19,5.0,855.0,15.0,98.16890298091775,14,0,Sunday,1,25.6,1.5,4.0,40,Light Rain,1,28.4,43.7,HIGH
IR-12423,2,SUPERFAST,19,5.0,855.0,15.0,93.14555422278664,18,1,Sunday,1,28.8,1.5,4.0,40,Light Rain,3,34.9,53.7,HIGH
IR-12423,2,SUPERFAST,19,5.0,855.0,15.0,95.96560045000943,22,0,Sunday,1,32.0,1.5,4.0,40,Light Rain,1,31.2,48.1,HIGH
IR-12423,2,SUPERFAST,20,5.0,900.0,15.0,94.26636669089721,8,1,Monday,0,20.8,0.0,1.5,65,Foggy,3,33.5,51.5,HIGH
IR-12423,2,SUPERFAST,20,5.0,900.0,15.0,99.75395653492586,11,0,Monday,0,23.2,1.5,4.0,40,Light Rain,1,26.3,40.5,HIGH
IR-12423,2,SUPERFAST,20,5.0,900.0,15.0,100.07183098111004,14,0,Monday,0,25.6,1.5,4.0,40,Light Rain,1,25.9,39.9,HIGH
IR-12423,2,SUPERFAST,20,5.0,900.0,15.0,95.16766187657765,18,1,Monday,0,28.8,1.5,4.0,40,Light Rain,3,32.3,49.7,HIGH
IR-12423,2,SUPERFAST,20,5.0,900.0,15.0,100.41957132081296,22,0,Monday,0,32.0,1.5,4.0,40,Light Rain,1,25.5,39.2,HIGH
IR-12423,2,SUPERFAST,20,5.0,900.0,15.0,95.2064671500462,8,1,Tuesday,0,20.8,0.0,9.0,10,Clear,3,32.2,49.6,HIGH
IR-12423,2,SUPERFAST,20,5.0,900.0,15.0,100.21868892015613,11,0,Tuesday,0,23.2,0.0,9.0,10,Clear,1,25.7,39.6,HIGH
IR-12423,2,SUPERFAST,20,5.0,900.0,15.0,99.33650546026811,14,0,Tuesday,0,25.6,0.0,9.0,10,Clear,1,26.9,41.3,HIGH
IR-12423,2,SUPERFAST,20,5.0,900.0,15.0,94.19119821183503,18,1,Tuesday,0,28.8,0.0,9.0,10,Clear,3,33.6,51.6,HIGH
IR-12423,2,SUPERFAST,20,5.0,900.0,15.0,101.94106053668506,22,0,Tuesday,0,32.0,0.0,9.0,10,Clear,1,23.5,36.1,HIGH
IR-12423,2,SUPERFAST,20,5.0,900.0,15.0,95.76696314749518,8,1,Wednesday,0,20.8,0.0,9.0,10,Clear,3,31.5,48.5,HIGH
IR-12423,2,SUPERFAST,20,5.0,900.0,15.0,100.94239979213697,11,0,Wednesday,0,23.2,0.0,9.0,10,Clear,1,24.8,38.1,HIGH
IR-12423,2,SUPERFAST,20,5.0,900.0,15.0,100.56732454576002,14,0,Wednesday,0,25.6,0.0,9.0,10,Clear,1,25.3,38.9,HIGH
IR-12423,2,SUPERFAST,20,5.0,900.0,15.0,96.71262656362633,18,1,Wednesday,0,28.8,0.0,9.0,10,Clear,3,30.3,46.6,HIGH
IR-12423,2,SUPERFAST,20,5.0,900.0,15.0,100.46222433253462,22,0,Wednesday,0,32.0,0.0,9.0,10,Clear,1,25.4,39.1,HIGH
IR-12423,2,SUPERFAST,20,5.0,900.0,15.0,94.9915834726907,8,1,Thursday,0,20.8,0.0,1.5,65,Foggy,3,32.5,50.0,HIGH
IR-12423,2,SUPERFAST,20,5.0,900.0,15.0,98.63980123802027,11,0,Thursday,0,23.2,1.5,4.0,40,Light Rain,1,27.8,42.7,HIGH
IR-12423,2,SUPERFAST,20,5.0,900.0,15.0,99.64667531545186,14,0,Thursday,0,25.6,1.5,4.0,40,Light Rain,1,26.5,40.7,HIGH
IR-12423,2,SUPERFAST,20,5.0,900.0,15.0,96.61155175096852,18,1,Thursday,0,28.8,1.5,4.0,40,Light Rain,3,30.4,46.8,HIGH
IR-12423,2,SUPERFAST,20,5.0,900.0,15.0,98.97291176855077,22,0,Thursday,0,32.0,1.5,4.0,40,Light Rain,1,27.3,42.1,HIGH
IR-12423,2,SUPERFAST,20,5.0,900.0,15.0,95.83564290520896,8,1,Friday,0,20.8,0.0,9.0,10,Clear,3,31.4,48.3,HIGH
IR-12423,2,SUPERFAST,20,5.0,900.0,15.0,98.97391058787517,11,0,Friday,0,23.2,0.0,9.0,10,Clear,1,27.3,42.1,HIGH
IR-12423,2,SUPERFAST,20,5.0,900.0,15.0,101.53922576946749,14,0,Friday,0,25.6,0.0,9.0,10,Clear,1,24.0,36.9,HIGH
IR-12423,2,SUPERFAST,20,5.0,900.0,15.0,96.66706228169846,18,1,Friday,0,28.8,0.0,9.0,10,Clear,3,30.3,46.7,HIGH
IR-12423,2,SUPERFAST,20,5.0,900.0,15.0,98.83220393986132,22,0,Friday,0,32.0,0.0,9.0,10,Clear,1,27.5,42.3,HIGH
IR-12423,2,SUPERFAST,20,5.0,900.0,15.0,95.69639198982715,8,1,Saturday,1,20.8,0.0,9.0,10,Clear,3,31.6,48.6,HIGH
IR-12423,2,SUPERFAST,20,5.0,900.0,15.0,99.469121529614,11,0,Saturday,1,23.2,0.0,9.0,10,Clear,1,26.7,41.1,HIGH
IR-12423,2,SUPERFAST,20,5.0,900.0,15.0,100.71949514076383,14,0,Saturday,1,25.6,0.0,9.0,10,Clear,1,25.1,38.6,HIGH
IR-12423,2,SUPERFAST,20,5.0,900.0,15.0,96.14701743935193,18,1,Saturday,1,28.8,0.0,9.0,10,Clear,3,31.0,47.7,HIGH
IR-12423,2,SUPERFAST,20,5.0,900.0,15.0,98.98412809820498,22,0,Saturday,1,32.0,0.0,9.0,10,Clear,1,27.3,42.0,HIGH
IR-12423,2,SUPERFAST,20,5.0,900.0,15.0,96.79401278006553,8,1,Sunday,1,20.8,0.0,1.5,65,Foggy,3,30.2,46.4,HIGH
IR-12423,2,SUPERFAST,20,5.0,900.0,15.0,99.5896000258262,11,0,Sunday,1,23.2,1.5,4.0,40,Light Rain,1,26.5,40.8,HIGH
IR-12423,2,SUPERFAST,20,5.0,900.0,15.0,98.81843486449091,14,0,Sunday,1,25.6,1.5,4.0,40,Light Rain,1,27.5,42.4,HIGH
IR-12423,2,SUPERFAST,20,5.0,900.0,15.0,96.40502887398931,18,1,Sunday,1,28.8,1.5,4.0,40,Light Rain,3,30.7,47.2,HIGH
IR-12423,2,SUPERFAST,20,5.0,900.0,15.0,100.11006266075655,22,0,Sunday,1,32.0,1.5,4.0,40,Light Rain,1,25.9,39.8,HIGH
IR-12423,2,SUPERFAST,21,5.0,945.0,15.0,84.49860912558842,8,1,Monday,0,20.8,0.0,1.5,65,Foggy,3,46.2,71.0,HIGH
IR-12423,2,SUPERFAST,21,5.0,945.0,15.0,85.51960229378619,11,0,Monday,0,23.2,1.5,4.0,40,Light Rain,1,44.8,69.0,HIGH
IR-12423,2,SUPERFAST,21,5.0,945.0,15.0,89.53796628920735,14,0,Monday,0,25.6,1.5,4.0,40,Light Rain,1,39.6,60.9,HIGH
IR-12423,2,SUPERFAST,21,5.0,945.0,15.0,84.68728451712099,18,1,Monday,0,28.8,1.5,4.0,40,Light Rain,3,45.9,70.6,HIGH
IR-12423,2,SUPERFAST,21,5.0,945.0,15.0,87.50753149638116,22,0,Monday,0,32.0,1.5,4.0,40,Light Rain,1,42.2,65.0,HIGH
IR-12423,2,SUPERFAST,21,5.0,945.0,15.0,85.42671383592571,8,1,Tuesday,0,20.8,0.0,9.0,10,Clear,3,44.9,69.1,HIGH
IR-12423,2,SUPERFAST,21,5.0,945.0,15.0,89.18706861664954,11,0,Tuesday,0,23.2,0.0,9.0,10,Clear,1,40.1,61.6,HIGH
IR-12423,2,SUPERFAST,21,5.0,945.0,15.0,87.12056717509887,14,0,Tuesday,0,25.6,0.0,9.0,10,Clear,1,42.7,65.8,HIGH
IR-12423,2,SUPERFAST,21,5.0,945.0,15.0,86.93593910269519,18,1,Tuesday,0,28.8,0.0,9.0,10,Clear,3,43.0,66.1,HIGH
IR-12423,2,SUPERFAST,21,5.0,945.0,15.0,89.29706238034963,22,0,Tuesday,0,32.0,0.0,9.0,10,Clear,1,39.9,61.4,HIGH
IR-12423,2,SUPERFAST,21,5.0,945.0,15.0,84.9126499321952,8,1,Wednesday,0,20.8,0.0,9.0,10,Clear,3,45.6,70.2,HIGH
IR-12423,2,SUPERFAST,21,5.0,945.0,15.0,88.62742561656455,11,0,Wednesday,0,23.2,0.0,9.0,10,Clear,1,40.8,62.7,HIGH
IR-12423,2,SUPERFAST,21,5.0,945.0,15.0,88.28677791784726,14,0,Wednesday,0,25.6,0.0,9.0,10,Clear,1,41.2,63.4,HIGH
IR-12423,2,SUPERFAST,21,5.0,945.0,15.0,83.94045495369454,18,1,Wednesday,0,28.8,0.0,9.0,10,Clear,3,46.9,72.1,HIGH
IR-12423,2,SUPERFAST,21,5.0,945.0,15.0,86.79715313140153,22,0,Wednesday,0,32.0,0.0,9.0,10,Clear,1,43.2,66.4,HIGH
IR-12423,2,SUPERFAST,21,5.0,945.0,15.0,85.49896631706633,8,1,Thursday,0,20.8,0.0,1.5,65,Foggy,3,44.9,69.0,HIGH
IR-12423,2,SUPERFAST,21,5.0,945.0,15.0,88.49727900252269,11,0,Thursday,0,23.2,1.5,4.0,40,Light Rain,1,41.0,63.0,HIGH
IR-12423,2,SUPERFAST,21,5.0,945.0,15.0,88.86817357162869,14,0,Thursday,0,25.6,1.5,4.0,40,Light Rain,1,40.5,62.3,HIGH
IR-12423,2,SUPERFAST,21,5.0,945.0,15.0,85.76653508886938,18,1,Thursday,0,28.8,1.5,4.0,40,Light Rain,3,44.5,68.5,HIGH
IR-12423,2,SUPERFAST,21,5.0,945.0,15.0,89.3031647584323,22,0,Thursday,0,32.0,1.5,4.0,40,Light Rain,1,39.9,61.4,HIGH
IR-12423,2,SUPERFAST,21,5.0,945.0,15.0,85.48180539026703,8,1,Friday,0,20.8,0.0,9.0,10,Clear,3,44.9,69.0,HIGH
IR-12423,2,SUPERFAST,21,5.0,945.0,15.0,87.02389088048167,11,0,Friday,0,23.2,0.0,9.0,10,Clear,1,42.9,66.0,HIGH
IR-12423,2,SUPERFAST,21,5.0,945.0,15.0,89.17125078085907,14,0,Friday,0,25.6,0.0,9.0,10,Clear,1,40.1,61.7,HIGH
IR-12423,2,SUPERFAST,21,5.0,945.0,15.0,87.03824703986581,18,1,Friday,0,28.8,0.0,9.0,10,Clear,3,42.9,65.9,HIGH
IR-12423,2,SUPERFAST,21,5.0,945.0,15.0,88.21804688663224,22,0,Friday,0,32.0,0.0,9.0,10,Clear,1,41.3,63.6,HIGH
IR-12423,2,SUPERFAST,21,5.0,945.0,15.0,86.67406521081045,8,1,Saturday,1,20.8,0.0,9.0,10,Clear,3,43.3,66.7,HIGH
IR-12423,2,SUPERFAST,21,5.0,945.0,15.0,89.19251024990318,11,0,Saturday,1,23.2,0.0,9.0,10,Clear,1,40.0,61.6,HIGH
IR-12423,2,SUPERFAST,21,5.0,945.0,15.0,89.28157930806809,14,0,Saturday,1,25.6,0.0,9.0,10,Clear,1,39.9,61.4,HIGH
IR-12423,2,SUPERFAST,21,5.0,945.0,15.0,85.68137214566387,18,1,Saturday,1,28.8,0.0,9.0,10,Clear,3,44.6,68.6,HIGH
IR-12423,2,SUPERFAST,21,5.0,945.0,15.0,86.84089278021861,22,0,Saturday,1,32.0,0.0,9.0,10,Clear,1,43.1,66.3,HIGH
IR-12423,2,SUPERFAST,21,5.0,945.0,15.0,84.53848101107879,8,1,Sunday,1,20.8,0.0,1.5,65,Foggy,3,46.1,70.9,HIGH
IR-12423,2,SUPERFAST,21,5.0,945.0,15.0,88.49969065681617,11,0,Sunday,1,23.2,1.5,4.0,40,Light Rain,1,41.0,63.0,HIGH
IR-12423,2,SUPERFAST,21,5.0,945.0,15.0,87.71409404658743,14,0,Sunday,1,25.6,1.5,4.0,40,Light Rain,1,42.0,64.6,HIGH
IR-12423,2,SUPERFAST,21,5.0,945.0,15.0,84.97649376256899,18,1,Sunday,1,28.8,1.5,4.0,40,Light Rain,3,45.5,70.0,HIGH
IR-12423,2,SUPERFAST,21,5.0,945.0,15.0,88.816133182587,22,0,Sunday,1,32.0,1.5,4.0,40,Light Rain,1,40.5,62.4,HIGH
IR-12423,2,SUPERFAST,22,5.0,990.0,15.0,76.2902659282411,8,1,Monday,0,20.8,0.0,1.5,65,Foggy,3,56.8,87.4,HIGH
IR-12423,2,SUPERFAST,22,5.0,990.0,15.0,79.42058023704027,11,0,Monday,0,23.2,1.5,4.0,40,Light Rain,1,52.8,81.2,HIGH
IR-12423,2,SUPERFAST,22,5.0,990.0,15.0,79.1393921201281,14,0,Monday,0,25.6,1.5,4.0,40,Light Rain,1,53.1,81.7,HIGH
IR-12423,2,SUPERFAST,22,5.0,990.0,15.0,78.85571558918461,18,1,Monday,0,28.8,1.5,4.0,40,Light Rain,3,53.5,82.3,HIGH
IR-12423,2,SUPERFAST,22,5.0,990.0,15.0,81.28917024042634,22,0,Monday,0,32.0,1.5,4.0,40,Light Rain,1,50.3,77.4,HIGH
IR-12423,2,SUPERFAST,22,5.0,990.0,15.0,79.4857258383297,8,1,Tuesday,0,20.8,0.0,9.0,10,Clear,3,52.7,81.0,HIGH
IR-12423,2,SUPERFAST,22,5.0,990.0,15.0,82.98697913514954,11,0,Tuesday,0,23.2,0.0,9.0,10,Clear,1,48.1,74.0,HIGH
IR-12423,2,SUPERFAST,22,5.0,990.0,15.0,81.34075915228368,14,0,Tuesday,0,25.6,0.0,9.0,10,Clear,1,50.3,77.3,HIGH
IR-12423,2,SUPERFAST,22,5.0,990.0,15.0,79.18649918333193,18,1,Tuesday,0,28.8,0.0,9.0,10,Clear,3,53.1,81.6,HIGH
IR-12423,2,SUPERFAST,22,5.0,990.0,15.0,85.08971234073721,22,0,Tuesday,0,32.0,0.0,9.0,10,Clear,1,45.4,69.8,HIGH
IR-12423,2,SUPERFAST,22,5.0,990.0,15.0,79.69981157173589,8,1,Wednesday,0,20.8,0.0,9.0,10,Clear,3,52.4,80.6,HIGH
IR-12423,2,SUPERFAST,22,5.0,990.0,15.0,82.5410166165147,11,0,Wednesday,0,23.2,0.0,9.0,10,Clear,1,48.7,74.9,HIGH
IR-12423,2,SUPERFAST,22,5.0,990.0,15.0,81.14708715771505,14,0,Wednesday,0,25.6,0.0,9.0,10,Clear,1,50.5,77.7,HIGH
IR-12423,2,SUPERFAST,22,5.0,990.0,15.0,79.76778067905948,18,1,Wednesday,0,28.8,0.0,9.0,10,Clear,3,52.3,80.5,HIGH
IR-12423,2,SUPERFAST,22,5.0,990.0,15.0,82.77539147233583,22,0,Wednesday,0,32.0,0.0,9.0,10,Clear,1,48.4,74.4,HIGH
IR-12423,2,SUPERFAST,22,5.0,990.0,15.0,77.79280926094606,8,1,Thursday,0,20.8,0.0,1.5,65,Foggy,3,54.9,84.4,HIGH
IR-12423,2,SUPERFAST,22,5.0,990.0,15.0,82.33495611338424,11,0,Thursday,0,23.2,1.5,4.0,40,Light Rain,1,49.0,75.3,HIGH
IR-12423,2,SUPERFAST,22,5.0,990.0,15.0,81.87758472074532,14,0,Thursday,0,25.6,1.5,4.0,40,Light Rain,1,49.6,76.2,HIGH
IR-12423,2,SUPERFAST,22,5.0,990.0,15.0,77.75173832705968,18,1,Thursday,0,28.8,1.5,4.0,40,Light Rain,3,54.9,84.5,HIGH
IR-12423,2,SUPERFAST,22,5.0,990.0,15.0,81.89005236964735,22,0,Thursday,0,32.0,1.5,4.0,40,Light Rain,1,49.5,76.2,HIGH
IR-12423,2,SUPERFAST,22,5.0,990.0,15.0,79.16830886416969,8,1,Friday,0,20.8,0.0,9.0,10,Clear,3,53.1,81.7,HIGH
IR-12423,2,SUPERFAST,22,5.0,990.0,15.0,82.4567380967395,11,0,Friday,0,23.2,0.0,9.0,10,Clear,1,48.8,75.1,HIGH
IR-12423,2,SUPERFAST,22,5.0,990.0,15.0,81.63256411452238,14,0,Friday,0,25.6,0.0,9.0,10,Clear,1,49.9,76.7,HIGH
IR-12423,2,SUPERFAST,22,5.0,990.0,15.0,78.28130249461472,18,1,Friday,0,28.8,0.0,9.0,10,Clear,3,54.2,83.4,HIGH
IR-12423,2,SUPERFAST,22,5.0,990.0,15.0,82.04202224921187,22,0,Friday,0,32.0,0.0,9.0,10,Clear,1,49.3,75.9,HIGH
IR-12423,2,SUPERFAST,22,5.0,990.0,15.0,76.90422337136764,8,1,Saturday,1,20.8,0.0,9.0,10,Clear,3,56.0,86.2,HIGH
IR-12423,2,SUPERFAST,22,5.0,990.0,15.0,80.60675063118626,11,0,Saturday,1,23.2,0.0,9.0,10,Clear,1,51.2,78.8,HIGH
IR-12423,2,SUPERFAST,22,5.0,990.0,15.0,81.14815884941882,14,0,Saturday,1,25.6,0.0,9.0,10,Clear,1,50.5,77.7,HIGH
IR-12423,2,SUPERFAST,22,5.0,990.0,15.0,77.83533472237477,18,1,Saturday,1,28.8,0.0,9.0,10,Clear,3,54.8,84.3,HIGH
IR-12423,2,SUPERFAST,22,5.0,990.0,15.0,81.42672548659638,22,0,Saturday,1,32.0,0.0,9.0,10,Clear,1,50.1,77.1,HIGH
IR-12423,2,SUPERFAST,22,5.0,990.0,15.0,78.563637507018,8,1,Sunday,1,20.8,0.0,1.5,65,Foggy,3,53.9,82.9,HIGH
IR-12423,2,SUPERFAST,22,5.0,990.0,15.0,82.18113749063582,11,0,Sunday,1,23.2,1.5,4.0,40,Light Rain,1,49.2,75.6,HIGH
IR-12423,2,SUPERFAST,22,5.0,990.0,15.0,80.78437125040283,14,0,Sunday,1,25.6,1.5,4.0,40,Light Rain,1,51.0,78.4,HIGH
IR-12423,2,SUPERFAST,22,5.0,990.0,15.0,76.48595184822724,18,1,Sunday,1,28.8,1.5,4.0,40,Light Rain,3,56.6,87.0,HIGH
IR-12423,2,SUPERFAST,22,5.0,990.0,15.0,81.8557378730995,22,0,Sunday,1,32.0,1.5,4.0,40,Light Rain,1,49.6,76.3,HIGH
IR-12423,2,SUPERFAST,23,5.0,1035.0,15.0,70.17285745851328,8,1,Monday,0,20.8,0.0,1.5,65,Foggy,3,64.8,99.7,HIGH
IR-12423,2,SUPERFAST,23,5.0,1035.0,15.0,75.83876580073729,11,0,Monday,0,23.2,1.5,4.0,40,Light Rain,1,57.4,88.3,HIGH
IR-12423,2,SUPERFAST,23,5.0,1035.0,15.0,76.70024999822718,14,0,Monday,0,25.6,1.5,4.0,40,Light Rain,1,56.3,86.6,HIGH
IR-12423,2,SUPERFAST,23,5.0,1035.0,15.0,69.53059172218676,18,1,Monday,0,28.8,1.5,4.0,40,Light Rain,3,65.6,100.9,HIGH
IR-12423,2,SUPERFAST,23,5.0,1035.0,15.0,75.82017158628517,22,0,Monday,0,32.0,1.5,4.0,40,Light Rain,1,57.4,88.4,HIGH
IR-12423,2,SUPERFAST,23,5.0,1035.0,15.0,74.11766983754626,8,1,Tuesday,0,20.8,0.0,9.0,10,Clear,3,59.6,91.8,HIGH
IR-12423,2,SUPERFAST,23,5.0,1035.0,15.0,75.42609504276847,11,0,Tuesday,0,23.2,0.0,9.0,10,Clear,1,57.9,89.1,HIGH
IR-12423,2,SUPERFAST,23,5.0,1035.0,15.0,77.98331402740547,14,0,Tuesday,0,25.6,0.0,9.0,10,Clear,1,54.6,84.0,HIGH
IR-12423,2,SUPERFAST,23,5.0,1035.0,15.0,74.31388202109385,18,1,Tuesday,0,28.8,0.0,9.0,10,Clear,3,59.4,91.4,HIGH
IR-12423,2,SUPERFAST,23,5.0,1035.0,15.0,76.28831798723124,22,0,Tuesday,0,32.0,0.0,9.0,10,Clear,1,56.8,87.4,HIGH
IR-12423,2,SUPERFAST,23,5.0,1035.0,15.0,72.52579117184371,8,1,Wednesday,0,20.8,0.0,9.0,10,Clear,3,61.7,94.9,HIGH
IR-12423,2,SUPERFAST,23,5.0,1035.0,15.0,75.70101243035771,11,0,Wednesday,0,23.2,0.0,9.0,10,Clear,1,57.6,88.6,HIGH
IR-12423,2,SUPERFAST,23,5.0,1035.0,15.0,74.02969872384841,14,0,Wednesday,0,25.6,0.0,9.0,10,Clear,1,59.8,91.9,HIGH
IR-12423,2,SUPERFAST,23,5.0,1035.0,15.0,72.54872822359653,18,1,Wednesday,0,28.8,0.0,9.0,10,Clear,3,61.7,94.9,HIGH
IR-12423,2,SUPERFAST,23,5.0,1035.0,15.0,73.5514458686844,22,0,Wednesday,0,32.0,0.0,9.0,10,Clear,1,60.4,92.9,HIGH
IR-12423,2,SUPERFAST,23,5.0,1035.0,15.0,72.680716768236,8,1,Thursday,0,20.8,0.0,1.5,65,Foggy,3,61.5,94.6,HIGH
IR-12423,2,SUPERFAST,23,5.0,1035.0,15.0,75.35144422341727,11,0,Thursday,0,23.2,1.5,4.0,40,Light Rain,1,58.0,89.3,HIGH
IR-12423,2,SUPERFAST,23,5.0,1035.0,15.0,73.33543077842172,14,0,Thursday,0,25.6,1.5,4.0,40,Light Rain,1,60.7,93.3,HIGH
IR-12423,2,SUPERFAST,23,5.0,1035.0,15.0,73.09316707053,18,1,Thursday,0,28.8,1.5,4.0,40,Light Rain,3,61.0,93.8,HIGH
IR-12423,2,SUPERFAST,23,5.0,1035.0,15.0,76.60158119419333,22,0,Thursday,0,32.0,1.5,4.0,40,Light Rain,1,56.4,86.8,HIGH
IR-12423,2,SUPERFAST,23,5.0,1035.0,15.0,72.78194985907233,8,1,Friday,0,20.8,0.0,9.0,10,Clear,3,61.4,94.4,HIGH
IR-12423,2,SUPERFAST,23,5.0,1035.0,15.0,74.80370269672642,11,0,Friday,0,23.2,0.0,9.0,10,Clear,1,58.8,90.4,HIGH
IR-12423,2,SUPERFAST,23,5.0,1035.0,15.0,73.70455129284743,14,0,Friday,0,25.6,0.0,9.0,10,Clear,1,60.2,92.6,HIGH
IR-12423,2,SUPERFAST,23,5.0,1035.0,15.0,72.61534066054662,18,1,Friday,0,28.8,0.0,9.0,10,Clear,3,61.6,94.8,HIGH
IR-12423,2,SUPERFAST,23,5.0,1035.0,15.0,76.67077635134916,22,0,Friday,0,32.0,0.0,9.0,10,Clear,1,56.3,86.7,HIGH
IR-12423,2,SUPERFAST,23,5.0,1035.0,15.0,72.025151089664,8,1,Saturday,1,20.8,0.0,9.0,10,Clear,3,62.4,95.9,HIGH
IR-12423,2,SUPERFAST,23,5.0,1035.0,15.0,77.633863220663,11,0,Saturday,1,23.2,0.0,9.0,10,Clear,1,55.1,84.7,HIGH
IR-12423,2,SUPERFAST,23,5.0,1035.0,15.0,74.05840262139793,14,0,Saturday,1,25.6,0.0,9.0,10,Clear,1,59.7,91.9,HIGH
IR-12423,2,SUPERFAST,23,5.0,1035.0,15.0,71.11540786295734,18,1,Saturday,1,28.8,0.0,9.0,10,Clear,3,63.5,97.8,HIGH
IR-12423,2,SUPERFAST,23,5.0,1035.0,15.0,79.71853404482508,22,0,Saturday,1,32.0,0.0,9.0,10,Clear,1,52.4,80.6,HIGH
IR-12423,2,SUPERFAST,23,5.0,1035.0,15.0,70.28854863772501,8,1,Sunday,1,20.8,0.0,1.5,65,Foggy,3,64.6,99.4,HIGH
IR-12423,2,SUPERFAST,23,5.0,1035.0,15.0,75.81774574588371,11,0,Sunday,1,23.2,1.5,4.0,40,Light Rain,1,57.4,88.4,HIGH
IR-12423,2,SUPERFAST,23,5.0,1035.0,15.0,77.84720540395008,14,0,Sunday,1,25.6,1.5,4.0,40,Light Rain,1,54.8,84.3,HIGH
IR-12423,2,SUPERFAST,23,5.0,1035.0,15.0,73.47799569648913,18,1,Sunday,1,28.8,1.5,4.0,40,Light Rain,3,60.5,93.0,HIGH
IR-12423,2,SUPERFAST,23,5.0,1035.0,15.0,74.84481711265869,22,0,Sunday,1,32.0,1.5,4.0,40,Light Rain,1,58.7,90.3,HIGH
IR-12424,2,SUPERFAST,1,5.0,45.0,555.0,112.99829427898621,8,1,Monday,0,20.8,0.0,1.5,65,Foggy,3,9.1,14.0,MEDIUM
IR-12424,2,SUPERFAST,1,5.0,45.0,555.0,115.38859712942818,11,0,Monday,0,23.2,1.5,4.0,40,Light Rain,1,6.0,9.2,LOW
IR-12424,2,SUPERFAST,1,5.0,45.0,555.0,114.28774265130329,14,0,Monday,0,25.6,1.5,4.0,40,Light Rain,1,7.4,11.4,MEDIUM
IR-12424,2,SUPERFAST,1,5.0,45.0,555.0,112.7937469002668,18,1,Monday,0,28.8,1.5,4.0,40,Light Rain,3,9.4,14.4,MEDIUM
IR-12424,2,SUPERFAST,1,5.0,45.0,555.0,117.30729808739038,22,0,Monday,0,32.0,1.5,4.0,40,Light Rain,1,3.5,5.4,LOW
IR-12424,2,SUPERFAST,1,5.0,45.0,555.0,115.0498119254705,8,1,Tuesday,0,20.8,0.0,9.0,10,Clear,3,6.4,9.9,LOW
IR-12424,2,SUPERFAST,1,5.0,45.0,555.0,115.57327160412649,11,0,Tuesday,0,23.2,0.0,9.0,10,Clear,1,5.8,8.9,LOW
IR-12424,2,SUPERFAST,1,5.0,45.0,555.0,116.75871604700694,14,0,Tuesday,0,25.6,0.0,9.0,10,Clear,1,4.2,6.5,LOW
IR-12424,2,SUPERFAST,1,5.0,45.0,555.0,114.2200864536038,18,1,Tuesday,0,28.8,0.0,9.0,10,Clear,3,7.5,11.6,MEDIUM
IR-12424,2,SUPERFAST,1,5.0,45.0,555.0,118.06466701262516,22,0,Tuesday,0,32.0,0.0,9.0,10,Clear,1,2.5,3.9,LOW
IR-12424,2,SUPERFAST,1,5.0,45.0,555.0,114.16330128339648,8,1,Wednesday,0,20.8,0.0,9.0,10,Clear,3,7.6,11.7,MEDIUM
IR-12424,2,SUPERFAST,1,5.0,45.0,555.0,117.42215675869654,11,0,Wednesday,0,23.2,0.0,9.0,10,Clear,1,3.4,5.2,LOW
IR-12424,2,SUPERFAST,1,5.0,45.0,555.0,117.94532718892192,14,0,Wednesday,0,25.6,0.0,9.0,10,Clear,1,2.7,4.1,LOW
IR-12424,2,SUPERFAST,1,5.0,45.0,555.0,114.32318779046139,18,1,Wednesday,0,28.8,0.0,9.0,10,Clear,3,7.4,11.4,MEDIUM
IR-12424,2,SUPERFAST,1,5.0,45.0,555.0,117.39277235569986,22,0,Wednesday,0,32.0,0.0,9.0,10,Clear,1,3.4,5.2,LOW
IR-12424,2,SUPERFAST,1,5.0,45.0,555.0,114.31257587601672,8,1,Thursday,0,20.8,0.0,1.5,65,Foggy,3,7.4,11.4,MEDIUM
IR-12424,2,SUPERFAST,1,5.0,45.0,555.0,117.0589550345182,11,0,Thursday,0,23.2,1.5,4.0,40,Light Rain,1,3.8,5.9,LOW
IR-12424,2,SUPERFAST,1,5.0,45.0,555.0,115.70611696382322,14,0,Thursday,0,25.6,1.5,4.0,40,Light Rain,1,5.6,8.6,LOW
IR-12424,2,SUPERFAST,1,5.0,45.0,555.0,113.64397786497175,18,1,Thursday,0,28.8,1.5,4.0,40,Light Rain,3,8.3,12.7,MEDIUM
IR-12424,2,SUPERFAST,1,5.0,45.0,555.0,116.08546479759318,22,0,Thursday,0,32.0,1.5,4.0,40,Light Rain,1,5.1,7.8,LOW
IR-12424,2,SUPERFAST,1,5.0,45.0,555.0,114.79740879102638,8,1,Friday,0,20.8,0.0,9.0,10,Clear,3,6.8,10.4,MEDIUM
IR-12424,2,SUPERFAST,1,5.0,45.0,555.0,115.94716891316253,11,0,Friday,0,23.2,0.0,9.0,10,Clear,1,5.3,8.1,LOW
IR-12424,2,SUPERFAST,1,5.0,45.0,555.0,118.87698193089903,14,0,Friday,0,25.6,0.0,9.0,10,Clear,1,1.5,2.2,LOW
IR-12424,2,SUPERFAST,1,5.0,45.0,555.0,113.09148992157772,18,1,Friday,0,28.8,0.0,9.0,10,Clear,3,9.0,13.8,MEDIUM
IR-12424,2,SUPERFAST,1,5.0,45.0,555.0,116.12172068566574,22,0,Friday,0,32.0,0.0,9.0,10,Clear,1,5.0,7.8,LOW
IR-12424,2,SUPERFAST,1,5.0,45.0,555.0,111.96825351402084,8,1,Saturday,1,20.8,0.0,9.0,10,Clear,3,10.4,16.1,HIGH
IR-12424,2,SUPERFAST,1,5.0,45.0,555.0,118.9185694324301,11,0,Saturday,1,23.2,0.0,9.0,10,Clear,1,1.4,2.2,LOW
IR-12424,2,SUPERFAST,1,5.0,45.0,555.0,116.68748564974297,14,0,Saturday,1,25.6,0.0,9.0,10,Clear,1,4.3,6.6,LOW
IR-12424,2,SUPERFAST,1,5.0,45.0,555.0,113.33065306364153,18,1,Saturday,1,28.8,0.0,9.0,10,Clear,3,8.7,13.3,MEDIUM
IR-12424,2,SUPERFAST,1,5.0,45.0,555.0,118.57542518290968,22,0,Saturday,1,32.0,0.0,9.0,10,Clear,1,1.9,2.8,LOW
IR-12424,2,SUPERFAST,1,5.0,45.0,555.0,110.18337221878942,8,1,Sunday,1,20.8,0.0,1.5,65,Foggy,3,12.8,19.6,HIGH
IR-12424,2,SUPERFAST,1,5.0,45.0,555.0,115.37399515486563,11,0,Sunday,1,23.2,1.5,4.0,40,Light Rain,1,6.0,9.3,LOW
IR-12424,2,SUPERFAST,1,5.0,45.0,555.0,119.43837569150297,14,0,Sunday,1,25.6,1.5,4.0,40,Light Rain,1,0.7,1.1,LOW
IR-12424,2,SUPERFAST,1,5.0,45.0,555.0,113.09746299716556,18,1,Sunday,1,28.8,1.5,4.0,40,Light Rain,3,9.0,13.8,MEDIUM
IR-12424,2,SUPERFAST,1,5.0,45.0,555.0,115.31547064262256,22,0,Sunday,1,32.0,1.5,4.0,40,Light Rain,1,6.1,9.4,LOW
IR-12424,2,SUPERFAST,2,5.0,90.0,510.0,105.52216267905189,8,1,Monday,0,20.8,0.0,1.5,65,Foggy,3,18.8,29.0,HIGH
IR-12424,2,SUPERFAST,2,5.0,90.0,510.0,110.09353073284949,11,0,Monday,0,23.2,1.5,4.0,40,Light Rain,1,12.9,19.8,MEDIUM
IR-12424,2,SUPERFAST,2,5.0,90.0,510.0,107.21919242507836,14,0,Monday,0,25.6,1.5,4.0,40,Light Rain,1,16.6,25.6,HIGH
IR-12424,2,SUPERFAST,2,5.0,90.0,510.0,105.18177361893946,18,1,Monday,0,28.8,1.5,4.0,40,Light Rain,3,19.3,29.6,HIGH
IR-12424,2,SUPERFAST,2,5.0,90.0,510.0,108.59660760014376,22,0,Monday,0,32.0,1.5,4.0,40,Light Rain,1,14.8,22.8,MEDIUM
IR-12424,2,SUPERFAST,2,5.0,90.0,510.0,107.24450273250255,8,1,Tuesday,0,20.8,0.0,9.0,10,Clear,3,16.6,25.5,HIGH
IR-12424,2,SUPERFAST,2,5.0,90.0,510.0,109.75468020148321,11,0,Tuesday,0,23.2,0.0,9.0,10,Clear,1,13.3,20.5,MEDIUM
IR-12424,2,SUPERFAST,2,5.0,90.0,510.0,110.50795317547609,14,0,Tuesday,0,25.6,0.0,9.0,10,Clear,1,12.3,19.0,MEDIUM
IR-12424,2,SUPERFAST,2,5.0,90.0,510.0,106.16937192280228,18,1,Tuesday,0,28.8,0.0,9.0,10,Clear,3,18.0,27.7,HIGH
IR-12424,2,SUPERFAST,2,5.0,90.0,510.0,109.17958405672995,22,0,Tuesday,0,32.0,0.0,9.0,10,Clear,1,14.1,21.6,MEDIUM
IR-12424,2,SUPERFAST,2,5.0,90.0,510.0,104.44228861884152,8,1,Wednesday,0,20.8,0.0,9.0,10,Clear,3,20.2,31.1,HIGH
IR-12424,2,SUPERFAST,2,5.0,90.0,510.0,110.45738138149176,11,0,Wednesday,0,23.2,0.0,9.0,10,Clear,1,12.4,19.1,MEDIUM
IR-12424,2,SUPERFAST,2,5.0,90.0,510.0,107.89940751418513,14,0,Wednesday,0,25.6,0.0,9.0,10,Clear,1,15.7,24.2,MEDIUM
IR-12424,2,SUPERFAST,2,5.0,90.0,510.0,106.276530152542,18,1,Wednesday,0,28.8,0.0,9.0,10,Clear,3,17.8,27.4,HIGH
IR-12424,2,SUPERFAST,2,5.0,90.0,510.0,108.37523142084748,22,0,Wednesday,0,32.0,0.0,9.0,10,Clear,1,15.1,23.2,MEDIUM
IR-12424,2,SUPERFAST,2,5.0,90.0,510.0,104.92240488357608,8,1,Thursday,0,20.8,0.0,1.5,65,Foggy,3,19.6,30.2,HIGH
IR-12424,2,SUPERFAST,2,5.0,90.0,510.0,106.8982763449647,11,0,Thursday,0,23.2,1.5,4.0,40,Light Rain,1,17.0,26.2,HIGH
IR-12424,2,SUPERFAST,2,5.0,90.0,510.0,107.79517666862333,14,0,Thursday,0,25.6,1.5,4.0,40,Light Rain,1,15.9,24.4,MEDIUM
IR-12424,2,SUPERFAST,2,5.0,90.0,510.0,104.43585488357529,18,1,Thursday,0,28.8,1.5,4.0,40,Light Rain,3,20.2,31.1,HIGH
IR-12424,2,SUPERFAST,2,5.0,90.0,510.0,108.96654780120775,22,0,Thursday,0,32.0,1.5,4.0,40,Light Rain,1,14.3,22.1,MEDIUM
IR-12424,2,SUPERFAST,2,5.0,90.0,510.0,106.1770220518541,8,1,Friday,0,20.8,0.0,9.0,10,Clear,3,18.0,27.6,HIGH
IR-12424,2,SUPERFAST,2,5.0,90.0,510.0,107.79839391860462,11,0,Friday,0,23.2,0.0,9.0,10,Clear,1,15.9,24.4,MEDIUM
IR-12424,2,SUPERFAST,2,5.0,90.0,510.0,109.15742929044264,14,0,Friday,0,25.6,0.0,9.0,10,Clear,1,14.1,21.7,MEDIUM
IR-12424,2,SUPERFAST,2,5.0,90.0,510.0,107.07408071835088,18,1,Friday,0,28.8,0.0,9.0,10,Clear,3,16.8,25.9,HIGH
IR-12424,2,SUPERFAST,2,5.0,90.0,510.0,107.53054668044348,22,0,Friday,0,32.0,0.0,9.0,10,Clear,1,16.2,24.9,MEDIUM
IR-12424,2,SUPERFAST,2,5.0,90.0,510.0,105.329519674688,8,1,Saturday,1,20.8,0.0,9.0,10,Clear,3,19.1,29.3,HIGH
IR-12424,2,SUPERFAST,2,5.0,90.0,510.0,108.65019935931544,11,0,Saturday,1,23.2,0.0,9.0,10,Clear,1,14.8,22.7,MEDIUM
IR-12424,2,SUPERFAST,2,5.0,90.0,510.0,108.5599002252057,14,0,Saturday,1,25.6,0.0,9.0,10,Clear,1,14.9,22.9,MEDIUM
IR-12424,2,SUPERFAST,2,5.0,90.0,510.0,105.8856237703256,18,1,Saturday,1,28.8,0.0,9.0,10,Clear,3,18.3,28.2,HIGH
IR-12424,2,SUPERFAST,2,5.0,90.0,510.0,107.25767619025056,22,0,Saturday,1,32.0,0.0,9.0,10,Clear,1,16.6,25.5,HIGH
IR-12424,2,SUPERFAST,2,5.0,90.0,510.0,103.68973177370552,8,1,Sunday,1,20.8,0.0,1.5,65,Foggy,3,21.2,32.6,HIGH
IR-12424,2,SUPERFAST,2,5.0,90.0,510.0,106.82845496202074,11,0,Sunday,1,23.2,1.5,4.0,40,Light Rain,1,17.1,26.3,HIGH
IR-12424,2,SUPERFAST,2,5.0,90.0,510.0,108.39853932222191,14,0,Sunday,1,25.6,1.5,4.0,40,Light Rain,1,15.1,23.2,MEDIUM
IR-12424,2,SUPERFAST,2,5.0,90.0,510.0,105.44536547429456,18,1,Sunday,1,28.8,1.5,4.0,40,Light Rain,3,18.9,29.1,HIGH
IR-12424,2,SUPERFAST,2,5.0,90.0,510.0,109.63086546983986,22,0,Sunday,1,32.0,1.5,4.0,40,Light Rain,1,13.5,20.7,MEDIUM
IR-12424,2,SUPERFAST,3,5.0,135.0,465.0,96.06981749926159,8,1,Monday,0,20.8,0.0,1.5,65,Foggy,3,31.1,47.9,HIGH
IR-12424,2,SUPERFAST,3,5.0,135.0,465.0,98.195227264353,11,0,Monday,0,23.2,1.5,4.0,40,Light Rain,1,28.3,43.6,HIGH
IR-12424,2,SUPERFAST,3,5.0,135.0,465.0,100.10386070820633,14,0,Monday,0,25.6,1.5,4.0,40,Light Rain,1,25.9,39.8,HIGH
IR-12424,2,SUPERFAST,3,5.0,135.0,465.0,96.65238050169509,18,1,Monday,0,28.8,1.5,4.0,40,Light Rain,3,30.4,46.7,HIGH
IR-12424,2,SUPERFAST,3,5.0,135.0,465.0,98.99701634207018,22,0,Monday,0,32.0,1.5,4.0,40,Light Rain,1,27.3,42.0,HIGH
IR-12424,2,SUPERFAST,3,5.0,135.0,465.0,96.81967346231161,8,1,Tuesday,0,20.8,0.0,9.0,10,Clear,3,30.1,46.4,HIGH
IR-12424,2,SUPERFAST,3,5.0,135.0,465.0,101.43929731146702,11,0,Tuesday,0,23.2,0.0,9.0,10,Clear,1,24.1,37.1,HIGH
IR-12424,2,SUPERFAST,3,5.0,135.0,465.0,98.93109129212698,14,0,Tuesday,0,25.6,0.0,9.0,10,Clear,1,27.4,42.1,HIGH
IR-12424,2,SUPERFAST,3,5.0,135.0,465.0,95.75203402278876,18,1,Tuesday,0,28.8,0.0,9.0,10,Clear,3,31.5,48.5,HIGH
IR-12424,2,SUPERFAST,3,5.0,135.0,465.0,99.4218510705912,22,0,Tuesday,0,32.0,0.0,9.0,10,Clear,1,26.8,41.2,HIGH
IR-12424,2,SUPERFAST,3,5.0,135.0,465.0,96.41563662780995,8,1,Wednesday,0,20.8,0.0,9.0,10,Clear,3,30.7,47.2,HIGH
IR-12424,2,SUPERFAST,3,5.0,135.0,465.0,98.29662135972674,11,0,Wednesday,0,23.2,0.0,9.0,10,Clear,1,28.2,43.4,HIGH
IR-12424,2,SUPERFAST,3,5.0,135.0,465.0,101.17324970894579,14,0,Wednesday,0,25.6,0.0,9.0,10,Clear,1,24.5,37.7,HIGH
IR-12424,2,SUPERFAST,3,5.0,135.0,465.0,97.04866489019253,18,1,Wednesday,0,28.8,0.0,9.0,10,Clear,3,29.8,45.9,HIGH
IR-12424,2,SUPERFAST,3,5.0,135.0,465.0,100.46128968170562,22,0,Wednesday,0,32.0,0.0,9.0,10,Clear,1,25.4,39.1,HIGH
IR-12424,2,SUPERFAST,3,5.0,135.0,465.0,95.02634727338207,8,1,Thursday,0,20.8,0.0,1.5,65,Foggy,3,32.5,49.9,HIGH
IR-12424,2,SUPERFAST,3,5.0,135.0,465.0,99.7154079415491,11,0,Thursday,0,23.2,1.5,4.0,40,Light Rain,1,26.4,40.6,HIGH
IR-12424,2,SUPERFAST,3,5.0,135.0,465.0,100.34125102136346,14,0,Thursday,0,25.6,1.5,4.0,40,Light Rain,1,25.6,39.3,HIGH
IR-12424,2,SUPERFAST,3,5.0,135.0,465.0,96.64161941330077,18,1,Thursday,0,28.8,1.5,4.0,40,Light Rain,3,30.4,46.7,HIGH
IR-12424,2,SUPERFAST,3,5.0,135.0,465.0,98.95888469115752,22,0,Thursday,0,32.0,1.5,4.0,40,Light Rain,1,27.4,42.1,HIGH
IR-12424,2,SUPERFAST,3,5.0,135.0,465.0,98.56218561837427,8,1,Friday,0,20.8,0.0,9.0,10,Clear,3,27.9,42.9,HIGH
IR-12424,2,SUPERFAST,3,5.0,135.0,465.0,98.24161773135671,11,0,Friday,0,23.2,0.0,9.0,10,Clear,1,28.3,43.5,HIGH
IR-12424,2,SUPERFAST,3,5.0,135.0,465.0,100.97576482784473,14,0,Friday,0,25.6,0.0,9.0,10,Clear,1,24.7,38.0,HIGH
IR-12424,2,SUPERFAST,3,5.0,135.0,465.0,98.06893807274342,18,1,Friday,0,28.8,0.0,9.0,10,Clear,3,28.5,43.9,HIGH
IR-12424,2,SUPERFAST,3,5.0,135.0,465.0,98.63792419746508,22,0,Friday,0,32.0,0.0,9.0,10,Clear,1,27.8,42.7,HIGH
IR-12424,2,SUPERFAST,3,5.0,135.0,465.0,97.24786852956491,8,1,Saturday,1,20.8,0.0,9.0,10,Clear,3,29.6,45.5,HIGH
IR-12424,2,SUPERFAST,3,5.0,135.0,465.0,101.21867954086186,11,0,Saturday,1,23.2,0.0,9.0,10,Clear,1,24.4,37.6,HIGH
IR-12424,2,SUPERFAST,3,5.0,135.0,465.0,98.70438289371302,14,0,Saturday,1,25.6,0.0,9.0,10,Clear,1,27.7,42.6,HIGH
IR-12424,2,SUPERFAST,3,5.0,135.0,465.0,96.05300705114324,18,1,Saturday,1,28.8,0.0,9.0,10,Clear,3,31.1,47.9,HIGH
IR-12424,2,SUPERFAST,3,5.0,135.0,465.0,100.27709812680145,22,0,Saturday,1,32.0,0.0,9.0,10,Clear,1,25.6,39.4,HIGH
IR-12424,2,SUPERFAST,3,5.0,135.0,465.0,94.23695496897744,8,1,Sunday,1,20.8,0.0,1.5,65,Foggy,3,33.5,51.5,HIGH
IR-12424,2,SUPERFAST,3,5.0,135.0,465.0,99.7778600545161,11,0,Sunday,1,23.2,1.5,4.0,40,Light Rain,1,26.3,40.4,HIGH
IR-12424,2,SUPERFAST,3,5.0,135.0,465.0,99.11208513111723,14,0,Sunday,1,25.6,1.5,4.0,40,Light Rain,1,27.2,41.8,HIGH
IR-12424,2,SUPERFAST,3,5.0,135.0,465.0,95.40362093628347,18,1,Sunday,1,28.8,1.5,4.0,40,Light Rain,3,32.0,49.2,HIGH
IR-12424,2,SUPERFAST,3,5.0,135.0,465.0,100.77171974453847,22,0,Sunday,1,32.0,1.5,4.0,40,Light Rain,1,25.0,38.5,HIGH
IR-12424,2,SUPERFAST,4,5.0,180.0,420.0,101.8269297336605,8,1,Monday,0,20.8,0.0,1.5,65,Foggy,3,23.6,36.3,HIGH
IR-12424,2,SUPERFAST,4,5.0,180.0,420.0,103.5575188868971,11,0,Monday,0,23.2,1.5,4.0,40,Light Rain,1,21.4,32.9,HIGH
IR-12424,2,SUPERFAST,4,5.0,180.0,420.0,101.06244765482012,14,0,Monday,0,25.6,1.5,4.0,40,Light Rain,1,24.6,37.9,HIGH
IR-12424,2,SUPERFAST,4,5.0,180.0,420.0,98.19230534424005,18,1,Monday,0,28.8,1.5,4.0,40,Light Rain,3,28.4,43.6,HIGH
IR-12424,2,SUPERFAST,4,5.0,180.0,420.0,102.15547769530377,22,0,Monday,0,32.0,1.5,4.0,40,Light Rain,1,23.2,35.7,HIGH
IR-12424,2,SUPERFAST,4,5.0,180.0,420.0,100.2171669159078,8,1,Tuesday,0,20.8,0.0,9.0,10,Clear,3,25.7,39.6,HIGH
IR-12424,2,SUPERFAST,4,5.0,180.0,420.0,104.49267712802417,11,0,Tuesday,0,23.2,0.0,9.0,10,Clear,1,20.2,31.0,HIGH
IR-12424,2,SUPERFAST,4,5.0,180.0,420.0,103.4045918583494,14,0,Tuesday,0,25.6,0.0,9.0,10,Clear,1,21.6,33.2,HIGH
IR-12424,2,SUPERFAST,4,5.0,180.0,420.0,100.76940509459686,18,1,Tuesday,0,28.8,0.0,9.0,10,Clear,3,25.0,38.5,HIGH
IR-12424,2,SUPERFAST,4,5.0,180.0,420.0,103.00404790537375,22,0,Tuesday,0,32.0,0.0,9.0,10,Clear,1,22.1,34.0,HIGH
IR-12424,2,SUPERFAST,4,5.0,180.0,420.0,98.05809882196966,8,1,Wednesday,0,20.8,0.0,9.0,10,Clear,3,28.5,43.9,HIGH
IR-12424,2,SUPERFAST,4,5.0,180.0,420.0,103.1562560050078,11,0,Wednesday,0,23.2,0.0,9.0,10,Clear,1,21.9,33.7,HIGH
IR-12424,2,SUPERFAST,4,5.0,180.0,420.0,104.14527840856267,14,0,Wednesday,0,25.6,0.0,9.0,10,Clear,1,20.6,31.7,HIGH
IR-12424,2,SUPERFAST,4,5.0,180.0,420.0,99.36429427085568,18,1,Wednesday,0,28.8,0.0,9.0,10,Clear,3,26.8,41.3,HIGH
IR-12424,2,SUPERFAST,4,5.0,180.0,420.0,103.24186236913982,22,0,Wednesday,0,32.0,0.0,9.0,10,Clear,1,21.8,33.5,HIGH
IR-12424,2,SUPERFAST,4,5.0,180.0,420.0,99.14690566594402,8,1,Thursday,0,20.8,0.0,1.5,65,Foggy,3,27.1,41.7,HIGH
IR-12424,2,SUPERFAST,4,5.0,180.0,420.0,102.10925338658984,11,0,Thursday,0,23.2,1.5,4.0,40,Light Rain,1,23.3,35.8,HIGH
IR-12424,2,SUPERFAST,4,5.0,180.0,420.0,102.66195337116827,14,0,Thursday,0,25.6,1.5,4.0,40,Light Rain,1,22.5,34.7,HIGH
IR-12424,2,SUPERFAST,4,5.0,180.0,420.0,99.75693442403904,18,1,Thursday,0,28.8,1.5,4.0,40,Light Rain,3,26.3,40.5,HIGH
IR-12424,2,SUPERFAST,4,5.0,180.0,420.0,102.71221856231507,22,0,Thursday,0,32.0,1.5,4.0,40,Light Rain,1,22.5,34.6,HIGH
IR-12424,2,SUPERFAST,4,5.0,180.0,420.0,99.3316095369298,8,1,Friday,0,20.8,0.0,9.0,10,Clear,3,26.9,41.3,HIGH
IR-12424,2,SUPERFAST,4,5.0,180.0,420.0,102.73123159315624,11,0,Friday,0,23.2,0.0,9.0,10,Clear,1,22.4,34.5,HIGH
IR-12424,2,SUPERFAST,4,5.0,180.0,420.0,104.16789813255096,14,0,Friday,0,25.6,0.0,9.0,10,Clear,1,20.6,31.7,HIGH
IR-12424,2,SUPERFAST,4,5.0,180.0,420.0,101.91181312236716,18,1,Friday,0,28.8,0.0,9.0,10,Clear,3,23.5,36.2,HIGH
IR-12424,2,SUPERFAST,4,5.0,180.0,420.0,102.72933395476102,22,0,Friday,0,32.0,0.0,9.0,10,Clear,1,22.5,34.5,HIGH
IR-12424,2,SUPERFAST,4,5.0,180.0,420.0,100.49181514695887,8,1,Saturday,1,20.8,0.0,9.0,10,Clear,3,25.4,39.0,HIGH
IR-12424,2,SUPERFAST,4,5.0,180.0,420.0,103.55262997211905,11,0,Saturday,1,23.2,0.0,9.0,10,Clear,1,21.4,32.9,HIGH
IR-12424,2,SUPERFAST,4,5.0,180.0,420.0,102.88757097428146,14,0,Saturday,1,25.6,0.0,9.0,10,Clear,1,22.2,34.2,HIGH
IR-12424,2,SUPERFAST,4,5.0,180.0,420.0,100.65773342451537,18,1,Saturday,1,28.8,0.0,9.0,10,Clear,3,25.1,38.7,HIGH
IR-12424,2,SUPERFAST,4,5.0,180.0,420.0,101.29285140361449,22,0,Saturday,1,32.0,0.0,9.0,10,Clear,1,24.3,37.4,HIGH
IR-12424,2,SUPERFAST,4,5.0,180.0,420.0,98.04200789057425,8,1,Sunday,1,20.8,0.0,1.5,65,Foggy,3,28.5,43.9,HIGH
IR-12424,2,SUPERFAST,4,5.0,180.0,420.0,104.05299007477507,11,0,Sunday,1,23.2,1.5,4.0,40,Light Rain,1,20.7,31.9,HIGH
IR-12424,2,SUPERFAST,4,5.0,180.0,420.0,103.91259323531675,14,0,Sunday,1,25.6,1.5,4.0,40,Light Rain,1,20.9,32.2,HIGH
IR-12424,2,SUPERFAST,4,5.0,180.0,420.0,98.08485316798661,18,1,Sunday,1,28.8,1.5,4.0,40,Light Rain,3,28.5,43.8,HIGH
IR-12424,2,SUPERFAST,4,5.0,180.0,420.0,101.63446250084768,22,0,Sunday,1,32.0,1.5,4.0,40,Light Rain,1,23.9,36.7,HIGH
IR-12424,2,SUPERFAST,5,5.0,225.0,375.0,94.49127213299604,8,1,Monday,0,20.8,0.0,1.5,65,Foggy,3,33.2,51.0,HIGH
IR-12424,2,SUPERFAST,5,5.0,225.0,375.0,94.54232863467298,11,0,Monday,0,23.2,1.5,4.0,40,Light Rain,1,33.1,50.9,HIGH
IR-12424,2,SUPERFAST,5,5.0,225.0,375.0,95.49873012940931,14,0,Monday,0,25.6,1.5,4.0,40,Light Rain,1,31.9,49.0,HIGH
IR-12424,2,SUPERFAST,5,5.0,225.0,375.0,94.26985628907694,18,1,Monday,0,28.8,1.5,4.0,40,Light Rain,3,33.4,51.5,HIGH
IR-12424,2,SUPERFAST,5,5.0,225.0,375.0,94.50860207096991,22,0,Monday,0,32.0,1.5,4.0,40,Light Rain,1,33.1,51.0,HIGH
IR-12424,2,SUPERFAST,5,5.0,225.0,375.0,91.9769256092159,8,1,Tuesday,0,20.8,0.0,9.0,10,Clear,3,36.4,56.0,HIGH
IR-12424,2,SUPERFAST,5,5.0,225.0,375.0,97.25177122391739,11,0,Tuesday,0,23.2,0.0,9.0,10,Clear,1,29.6,45.5,HIGH
IR-12424,2,SUPERFAST,5,5.0,225.0,375.0,95.90797874059146,14,0,Tuesday,0,25.6,0.0,9.0,10,Clear,1,31.3,48.2,HIGH
IR-12424,2,SUPERFAST,5,5.0,225.0,375.0,94.78653484409422,18,1,Tuesday,0,28.8,0.0,9.0,10,Clear,3,32.8,50.4,HIGH
IR-12424,2,SUPERFAST,5,5.0,225.0,375.0,97.19200836572703,22,0,Tuesday,0,32.0,0.0,9.0,10,Clear,1,29.7,45.6,HIGH
IR-12424,2,SUPERFAST,5,5.0,225.0,375.0,92.64892124660832,8,1,Wednesday,0,20.8,0.0,9.0,10,Clear,3,35.6,54.7,HIGH
IR-12424,2,SUPERFAST,5,5.0,225.0,375.0,96.92120808661305,11,0,Wednesday,0,23.2,0.0,9.0,10,Clear,1,30.0,46.2,HIGH
IR-12424,2,SUPERFAST,5,5.0,225.0,375.0,96.97214935937333,14,0,Wednesday,0,25.6,0.0,9.0,10,Clear,1,29.9,46.1,HIGH
IR-12424,2,SUPERFAST,5,5.0,225.0,375.0,95.1516042008812,18,1,Wednesday,0,28.8,0.0,9.0,10,Clear,3,32.3,49.7,HIGH
IR-12424,2,SUPERFAST,5,5.0,225.0,375.0,97.87053189935109,22,0,Wednesday,0,32.0,0.0,9.0,10,Clear,1,28.8,44.3,HIGH
IR-12424,2,SUPERFAST,5,5.0,225.0,375.0,92.70238050339518,8,1,Thursday,0,20.8,0.0,1.5,65,Foggy,3,35.5,54.6,HIGH
IR-12424,2,SUPERFAST,5,5.0,225.0,375.0,94.5982905939889,11,0,Thursday,0,23.2,1.5,4.0,40,Light Rain,1,33.0,50.8,HIGH
IR-12424,2,SUPERFAST,5,5.0,225.0,375.0,96.39594614361586,14,0,Thursday,0,25.6,1.5,4.0,40,Light Rain,1,30.7,47.2,HIGH
IR-12424,2,SUPERFAST,5,5.0,225.0,375.0,96.53328988711264,18,1,Thursday,0,28.8,1.5,4.0,40,Light Rain,3,30.5,46.9,HIGH
IR-12424,2,SUPERFAST,5,5.0,225.0,375.0,97.07204855175823,22,0,Thursday,0,32.0,1.5,4.0,40,Light Rain,1,29.8,45.9,HIGH
IR-12424,2,SUPERFAST,5,5.0,225.0,375.0,95.69717473675523,8,1,Friday,0,20.8,0.0,9.0,10,Clear,3,31.6,48.6,HIGH
IR-12424,2,SUPERFAST,5,5.0,225.0,375.0,97.18940670652155,11,0,Friday,0,23.2,0.0,9.0,10,Clear,1,29.7,45.6,HIGH
IR-12424,2,SUPERFAST,5,5.0,225.0,375.0,96.60378834849061,14,0,Friday,0,25.6,0.0,9.0,10,Clear,1,30.4,46.8,HIGH
IR-12424,2,SUPERFAST,5,5.0,225.0,375.0,93.13122078291283,18,1,Friday,0,28.8,0.0,9.0,10,Clear,3,34.9,53.7,HIGH
IR-12424,2,SUPERFAST,5,5.0,225.0,375.0,96.88335227266118,22,0,Friday,0,32.0,0.0,9.0,10,Clear,1,30.1,46.2,HIGH
IR-12424,2,SUPERFAST,5,5.0,225.0,375.0,91.66518146493313,8,1,Saturday,1,20.8,0.0,9.0,10,Clear,3,36.8,56.7,HIGH
IR-12424,2,SUPERFAST,5,5.0,225.0,375.0,96.47888802996923,11,0,Saturday,1,23.2,0.0,9.0,10,Clear,1,30.6,47.0,HIGH
IR-12424,2,SUPERFAST,5,5.0,225.0,375.0,96.90122894806984,14,0,Saturday,1,25.6,0.0,9.0,10,Clear,1,30.0,46.2,HIGH
IR-12424,2,SUPERFAST,5,5.0,225.0,375.0,94.31507334008208,18,1,Saturday,1,28.8,0.0,9.0,10,Clear,3,33.4,51.4,HIGH
IR-12424,2,SUPERFAST,5,5.0,225.0,375.0,97.05440738207282,22,0,Saturday,1,32.0,0.0,9.0,10,Clear,1,29.8,45.9,HIGH
IR-12424,2,SUPERFAST,5,5.0,225.0,375.0,91.63731985570087,8,1,Sunday,1,20.8,0.0,1.5,65,Foggy,3,36.9,56.7,HIGH
IR-12424,2,SUPERFAST,5,5.0,225.0,375.0,96.27749316071929,11,0,Sunday,1,23.2,1.5,4.0,40,Light Rain,1,30.8,47.4,HIGH
IR-12424,2,SUPERFAST,5,5.0,225.0,375.0,95.3966607797388,14,0,Sunday,1,25.6,1.5,4.0,40,Light Rain,1,32.0,49.2,HIGH
IR-12424,2,SUPERFAST,5,5.0,225.0,375.0,92.59483094817564,18,1,Sunday,1,28.8,1.5,4.0,40,Light Rain,3,35.6,54.8,HIGH
IR-12424,2,SUPERFAST,5,5.0,225.0,375.0,93.72497557581504,22,0,Sunday,1,32.0,1.5,4.0,40,Light Rain,1,34.2,52.6,HIGH
IR-12424,2,SUPERFAST,6,5.0,270.0,330.0,95.53609215746475,8,1,Monday,0,20.8,0.0,1.5,65,Foggy,3,31.8,48.9,HIGH
IR-12424,2,SUPERFAST,6,5.0,270.0,330.0,100.42529790178811,11,0,Monday,0,23.2,1.5,4.0,40,Light Rain,1,25.4,39.1,HIGH
IR-12424,2,SUPERFAST,6,5.0,270.0,330.0,102.588603897952,14,0,Monday,0,25.6,1.5,4.0,40,Light Rain,1,22.6,34.8,HIGH
IR-12424,2,SUPERFAST,6,5.0,270.0,330.0,97.36007270253594,18,1,Monday,0,28.8,1.5,4.0,40,Light Rain,3,29.4,45.3,HIGH
IR-12424,2,SUPERFAST,6,5.0,270.0,330.0,101.94433736944275,22,0,Monday,0,32.0,1.5,4.0,40,Light Rain,1,23.5,36.1,HIGH
IR-12424,2,SUPERFAST,6,5.0,270.0,330.0,99.16671895207146,8,1,Tuesday,0,20.8,0.0,9.0,10,Clear,3,27.1,41.7,HIGH
IR-12424,2,SUPERFAST,6,5.0,270.0,330.0,103.31960682032602,11,0,Tuesday,0,23.2,0.0,9.0,10,Clear,1,21.7,33.4,HIGH
IR-12424,2,SUPERFAST,6,5.0,270.0,330.0,102.48237498031277,14,0,Tuesday,0,25.6,0.0,9.0,10,Clear,1,22.8,35.0,HIGH
IR-12424,2,SUPERFAST,6,5.0,270.0,330.0,99.25397051942296,18,1,Tuesday,0,28.8,0.0,9.0,10,Clear,3,27.0,41.5,HIGH
IR-12424,2,SUPERFAST,6,5.0,270.0,330.0,102.16588334121091,22,0,Tuesday,0,32.0,0.0,9.0,10,Clear,1,23.2,35.7,HIGH
IR-12424,2,SUPERFAST,6,5.0,270.0,330.0,98.46252601976634,8,1,Wednesday,0,20.8,0.0,9.0,10,Clear,3,28.0,43.1,HIGH
IR-12424,2,SUPERFAST,6,5.0,270.0,330.0,104.78343564794781,11,0,Wednesday,0,23.2,0.0,9.0,10,Clear,1,19.8,30.4,HIGH
IR-12424,2,SUPERFAST,6,5.0,270.0,330.0,99.6905475005803,14,0,Wednesday,0,25.6,0.0,9.0,10,Clear,1,26.4,40.6,HIGH
IR-12424,2,SUPERFAST,6,5.0,270.0,330.0,96.84370118577039,18,1,Wednesday,0,28.8,0.0,9.0,10,Clear,3,30.1,46.3,HIGH
IR-12424,2,SUPERFAST,6,5.0,270.0,330.0,101.90938396374867,22,0,Wednesday,0,32.0,0.0,9.0,10,Clear,1,23.5,36.2,HIGH
IR-12424,2,SUPERFAST,6,5.0,270.0,330.0,97.170059952446,8,1,Thursday,0,20.8,0.0,1.5,65,Foggy,3,29.7,45.7,HIGH
IR-12424,2,SUPERFAST,6,5.0,270.0,330.0,100.77397571597406,11,0,Thursday,0,23.2,1.5,4.0,40,Light Rain,1,25.0,38.5,HIGH
IR-12424,2,SUPERFAST,6,5.0,270.0,330.0,100.95584500583507,14,0,Thursday,0,25.6,1.5,4.0,40,Light Rain,1,24.8,38.1,HIGH
IR-12424,2,SUPERFAST,6,5.0,270.0,330.0,96.66443006326836,18,1,Thursday,0,28.8,1.5,4.0,40,Light Rain,3,30.3,46.7,HIGH
IR-12424,2,SUPERFAST,6,5.0,270.0,330.0,100.78601450048332,22,0,Thursday,0,32.0,1.5,4.0,40,Light Rain,1,25.0,38.4,HIGH
IR-12424,2,SUPERFAST,6,5.0,270.0,330.0,98.83450853354083,8,1,Friday,0,20.8,0.0,9.0,10,Clear,3,27.5,42.3,HIGH
IR-12424,2,SUPERFAST,6,5.0,270.0,330.0,97.951305372398,11,0,Friday,0,23.2,0.0,9.0,10,Clear,1,28.7,44.1,HIGH
IR-12424,2,SUPERFAST,6,5.0,270.0,330.0,101.18724326924664,14,0,Friday,0,25.6,0.0,9.0,10,Clear,1,24.5,37.6,HIGH
IR-12424,2,SUPERFAST,6,5.0,270.0,330.0,99.96995249757792,18,1,Friday,0,28.8,0.0,9.0,10,Clear,3,26.0,40.1,HIGH
IR-12424,2,SUPERFAST,6,5.0,270.0,330.0,100.86113474090472,22,0,Friday,0,32.0,0.0,9.0,10,Clear,1,24.9,38.3,HIGH
IR-12424,2,SUPERFAST,6,5.0,270.0,330.0,98.584356532713,8,1,Saturday,1,20.8,0.0,9.0,10,Clear,3,27.8,42.8,HIGH
IR-12424,2,SUPERFAST,6,5.0,270.0,330.0,101.7537015823294,11,0,Saturday,1,23.2,0.0,9.0,10,Clear,1,23.7,36.5,HIGH
IR-12424,2,SUPERFAST,6,5.0,270.0,330.0,103.08052287475654,14,0,Saturday,1,25.6,0.0,9.0,10,Clear,1,22.0,33.8,HIGH
IR-12424,2,SUPERFAST,6,5.0,270.0,330.0,97.39252166813803,18,1,Saturday,1,28.8,0.0,9.0,10,Clear,3,29.4,45.2,HIGH
IR-12424,2,SUPERFAST,6,5.0,270.0,330.0,102.16602611348968,22,0,Saturday,1,32.0,0.0,9.0,10,Clear,1,23.2,35.7,HIGH
IR-12424,2,SUPERFAST,6,5.0,270.0,330.0,97.13456393431149,8,1,Sunday,1,20.8,0.0,1.5,65,Foggy,3,29.7,45.7,HIGH
IR-12424,2,SUPERFAST,6,5.0,270.0,330.0,101.4385197040521,11,0,Sunday,1,23.2,1.5,4.0,40,Light Rain,1,24.1,37.1,HIGH
IR-12424,2,SUPERFAST,6,5.0,270.0,330.0,101.92513145323913,14,0,Sunday,1,25.6,1.5,4.0,40,Light Rain,1,23.5,36.1,HIGH
IR-12424,2,SUPERFAST,6,5.0,270.0,330.0,97.77643983301189,18,1,Sunday,1,28.8,1.5,4.0,40,Light Rain,3,28.9,44.4,HIGH
IR-12424,2,SUPERFAST,6,5.0,270.0,330.0,99.64730688884657,22,0,Sunday,1,32.0,1.5,4.0,40,Light Rain,1,26.5,40.7,HIGH
IR-12424,2,SUPERFAST,7,5.0,315.0,285.0,102.03384978617235,8,1,Monday,0,20.8,0.0,1.5,65,Foggy,3,23.4,35.9,HIGH
IR-12424,2,SUPERFAST,7,5.0,315.0,285.0,106.6470782362881,11,0,Monday,0,23.2,1.5,4.0,40,Light Rain,1,17.4,26.7,HIGH
IR-12424,2,SUPERFAST,7,5.0,315.0,285.0,106.53970528565597,14,0,Monday,0,25.6,1.5,4.0,40,Light Rain,1,17.5,26.9,HIGH
IR-12424,2,SUPERFAST,7,5.0,315.0,285.0,103.78780508337475,18,1,Monday,0,28.8,1.5,4.0,40,Light Rain,3,21.1,32.4,HIGH
IR-12424,2,SUPERFAST,7,5.0,315.0,285.0,107.93180936278144,22,0,Monday,0,32.0,1.5,4.0,40,Light Rain,1,15.7,24.1,MEDIUM
IR-12424,2,SUPERFAST,7,5.0,315.0,285.0,103.80173226686195,8,1,Tuesday,0,20.8,0.0,9.0,10,Clear,3,21.1,32.4,HIGH
IR-12424,2,SUPERFAST,7,5.0,315.0,285.0,106.98790637824646,11,0,Tuesday,0,23.2,0.0,9.0,10,Clear,1,16.9,26.0,HIGH
IR-12424,2,SUPERFAST,7,5.0,315.0,285.0,107.66884919092075,14,0,Tuesday,0,25.6,0.0,9.0,10,Clear,1,16.0,24.7,MEDIUM
IR-12424,2,SUPERFAST,7,5.0,315.0,285.0,102.42518236132881,18,1,Tuesday,0,28.8,0.0,9.0,10,Clear,3,22.8,35.1,HIGH
IR-12424,2,SUPERFAST,7,5.0,315.0,285.0,106.92883446335964,22,0,Tuesday,0,32.0,0.0,9.0,10,Clear,1,17.0,26.1,HIGH
IR-12424,2,SUPERFAST,7,5.0,315.0,285.0,103.2550514470351,8,1,Wednesday,0,20.8,0.0,9.0,10,Clear,3,21.8,33.5,HIGH
IR-12424,2,SUPERFAST,7,5.0,315.0,285.0,108.28307224298433,11,0,Wednesday,0,23.2,0.0,9.0,10,Clear,1,15.2,23.4,MEDIUM
IR-12424,2,SUPERFAST,7,5.0,315.0,285.0,107.55512038505209,14,0,Wednesday,0,25.6,0.0,9.0,10,Clear,1,16.2,24.9,MEDIUM
IR-12424,2,SUPERFAST,7,5.0,315.0,285.0,103.10888144050227,18,1,Wednesday,0,28.8,0.0,9.0,10,Clear,3,22.0,33.8,HIGH
IR-12424,2,SUPERFAST,7,5.0,315.0,285.0,105.2646654183762,22,0,Wednesday,0,32.0,0.0,9.0,10,Clear,1,19.2,29.5,HIGH
IR-12424,2,SUPERFAST,7,5.0,315.0,285.0,102.47302397310693,8,1,Thursday,0,20.8,0.0,1.5,65,Foggy,3,22.8,35.1,HIGH
IR-12424,2,SUPERFAST,7,5.0,315.0,285.0,105.89567564013792,11,0,Thursday,0,23.2,1.5,4.0,40,Light Rain,1,18.3,28.2,HIGH
IR-12424,2,SUPERFAST,7,5.0,315.0,285.0,105.33451898491079,14,0,Thursday,0,25.6,1.5,4.0,40,Light Rain,1,19.1,29.3,HIGH
IR-12424,2,SUPERFAST,7,5.0,315.0,285.0,101.55461189944052,18,1,Thursday,0,28.8,1.5,4.0,40,Light Rain,3,24.0,36.9,HIGH
IR-12424,2,SUPERFAST,7,5.0,315.0,285.0,106.44355305461933,22,0,Thursday,0,32.0,1.5,4.0,40,Light Rain,1,17.6,27.1,HIGH
IR-12424,2,SUPERFAST,7,5.0,315.0,285.0,103.18466624861091,8,1,Friday,0,20.8,0.0,9.0,10,Clear,3,21.9,33.6,HIGH
IR-12424,2,SUPERFAST,7,5.0,315.0,285.0,105.59580940456526,11,0,Friday,0,23.2,0.0,9.0,10,Clear,1,18.7,28.8,HIGH
IR-12424,2,SUPERFAST,7,5.0,315.0,285.0,106.41644284490378,14,0,Friday,0,25.6,0.0,9.0,10,Clear,1,17.7,27.2,HIGH
IR-12424,2,SUPERFAST,7,5.0,315.0,285.0,103.30959904787542,18,1,Friday,0,28.8,0.0,9.0,10,Clear,3,21.7,33.4,HIGH
IR-12424,2,SUPERFAST,7,5.0,315.0,285.0,107.44366460936914,22,0,Friday,0,32.0,0.0,9.0,10,Clear,1,16.3,25.1,HIGH
IR-12424,2,SUPERFAST,7,5.0,315.0,285.0,103.47311760629601,8,1,Saturday,1,20.8,0.0,9.0,10,Clear,3,21.5,33.1,HIGH
IR-12424,2,SUPERFAST,7,5.0,315.0,285.0,107.2314311387995,11,0,Saturday,1,23.2,0.0,9.0,10,Clear,1,16.6,25.5,HIGH
IR-12424,2,SUPERFAST,7,5.0,315.0,285.0,107.75366207850065,14,0,Saturday,1,25.6,0.0,9.0,10,Clear,1,15.9,24.5,MEDIUM
IR-12424,2,SUPERFAST,7,5.0,315.0,285.0,104.6630539971742,18,1,Saturday,1,28.8,0.0,9.0,10,Clear,3,19.9,30.7,HIGH
IR-12424,2,SUPERFAST,7,5.0,315.0,285.0,108.86870044447662,22,0,Saturday,1,32.0,0.0,9.0,10,Clear,1,14.5,22.3,MEDIUM
IR-12424,2,SUPERFAST,7,5.0,315.0,285.0,101.68267029227805,8,1,Sunday,1,20.8,0.0,1.5,65,Foggy,3,23.8,36.6,HIGH
IR-12424,2,SUPERFAST,7,5.0,315.0,285.0,106.20845207051951,11,0,Sunday,1,23.2,1.5,4.0,40,Light Rain,1,17.9,27.6,HIGH
IR-12424,2,SUPERFAST,7,5.0,315.0,285.0,104.07595775828689,14,0,Sunday,1,25.6,1.5,4.0,40,Light Rain,1,20.7,31.8,HIGH
IR-12424,2,SUPERFAST,7,5.0,315.0,285.0,102.0479459735293,18,1,Sunday,1,28.8,1.5,4.0,40,Light Rain,3,23.3,35.9,HIGH
IR-12424,2,SUPERFAST,7,5.0,315.0,285.0,108.43316005047188,22,0,Sunday,1,32.0,1.5,4.0,40,Light Rain,1,15.0,23.1,MEDIUM
IR-12424,2,SUPERFAST,8,5.0,360.0,240.0,99.31004662718048,8,1,Monday,0,20.8,0.0,1.5,65,Foggy,3,26.9,41.4,HIGH
IR-12424,2,SUPERFAST,8,5.0,360.0,240.0,101.98313028157538,11,0,Monday,0,23.2,1.5,4.0,40,Light Rain,1,23.4,36.0,HIGH
IR-12424,2,SUPERFAST,8,5.0,360.0,240.0,105.44715750411011,14,0,Monday,0,25.6,1.5,4.0,40,Light Rain,1,18.9,29.1,HIGH
IR-12424,2,SUPERFAST,8,5.0,360.0,240.0,99.28818234407348,18,1,Monday,0,28.8,1.5,4.0,40,Light Rain,3,26.9,41.4,HIGH
IR-12424,2,SUPERFAST,8,5.0,360.0,240.0,100.94490278557456,22,0,Monday,0,32.0,1.5,4.0,40,Light Rain,1,24.8,38.1,HIGH
IR-12424,2,SUPERFAST,8,5.0,360.0,240.0,101.72402308338206,8,1,Tuesday,0,20.8,0.0,9.0,10,Clear,3,23.8,36.6,HIGH
IR-12424,2,SUPERFAST,8,5.0,360.0,240.0,103.43729109859913,11,0,Tuesday,0,23.2,0.0,9.0,10,Clear,1,21.5,33.1,HIGH
IR-12424,2,SUPERFAST,8,5.0,360.0,240.0,104.13865068538061,14,0,Tuesday,0,25.6,0.0,9.0,10,Clear,1,20.6,31.7,HIGH
IR-12424,2,SUPERFAST,8,5.0,360.0,240.0,99.67502520113318,18,1,Tuesday,0,28.8,0.0,9.0,10,Clear,3,26.4,40.6,HIGH
IR-12424,2,SUPERFAST,8,5.0,360.0,240.0,104.3805648737088,22,0,Tuesday,0,32.0,0.0,9.0,10,Clear,1,20.3,31.2,HIGH
IR-12424,2,SUPERFAST,8,5.0,360.0,240.0,99.4237010671497,8,1,Wednesday,0,20.8,0.0,9.0,10,Clear,3,26.7,41.2,HIGH
IR-12424,2,SUPERFAST,8,5.0,360.0,240.0,104.09542916220266,11,0,Wednesday,0,23.2,0.0,9.0,10,Clear,1,20.7,31.8,HIGH
IR-12424,2,SUPERFAST,8,5.0,360.0,240.0,101.61754035858002,14,0,Wednesday,0,25.6,0.0,9.0,10,Clear,1,23.9,36.8,HIGH
IR-12424,2,SUPERFAST,8,5.0,360.0,240.0,99.89118031871767,18,1,Wednesday,0,28.8,0.0,9.0,10,Clear,3,26.1,40.2,HIGH
IR-12424,2,SUPERFAST,8,5.0,360.0,240.0,102.14861396566772,22,0,Wednesday,0,32.0,0.0,9.0,10,Clear,1,23.2,35.7,HIGH
IR-12424,2,SUPERFAST,8,5.0,360.0,240.0,99.74845637034002,8,1,Thursday,0,20.8,0.0,1.5,65,Foggy,3,26.3,40.5,HIGH
IR-12424,2,SUPERFAST,8,5.0,360.0,240.0,103.54388216847093,11,0,Thursday,0,23.2,1.5,4.0,40,Light Rain,1,21.4,32.9,HIGH
IR-12424,2,SUPERFAST,8,5.0,360.0,240.0,101.50849115818743,14,0,Thursday,0,25.6,1.5,4.0,40,Light Rain,1,24.0,37.0,HIGH
IR-12424,2,SUPERFAST,8,5.0,360.0,240.0,97.73756337559685,18,1,Thursday,0,28.8,1.5,4.0,40,Light Rain,3,28.9,44.5,HIGH
IR-12424,2,SUPERFAST,8,5.0,360.0,240.0,100.6251131866957,22,0,Thursday,0,32.0,1.5,4.0,40,Light Rain,1,25.2,38.7,HIGH
IR-12424,2,SUPERFAST,8,5.0,360.0,240.0,99.69099778590478,8,1,Friday,0,20.8,0.0,9.0,10,Clear,3,26.4,40.6,HIGH
IR-12424,2,SUPERFAST,8,5.0,360.0,240.0,101.13560477527466,11,0,Friday,0,23.2,0.0,9.0,10,Clear,1,24.5,37.7,HIGH
IR-12424,2,SUPERFAST,8,5.0,360.0,240.0,103.719442490947,14,0,Friday,0,25.6,0.0,9.0,10,Clear,1,21.2,32.6,HIGH
IR-12424,2,SUPERFAST,8,5.0,360.0,240.0,99.09721169102397,18,1,Friday,0,28.8,0.0,9.0,10,Clear,3,27.2,41.8,HIGH
IR-12424,2,SUPERFAST,8,5.0,360.0,240.0,102.70962253020639,22,0,Friday,0,32.0,0.0,9.0,10,Clear,1,22.5,34.6,HIGH
IR-12424,2,SUPERFAST,8,5.0,360.0,240.0,100.09218685971383,8,1,Saturday,1,20.8,0.0,9.0,10,Clear,3,25.9,39.8,HIGH
IR-12424,2,SUPERFAST,8,5.0,360.0,240.0,102.69772651930367,11,0,Saturday,1,23.2,0.0,9.0,10,Clear,1,22.5,34.6,HIGH
IR-12424,2,SUPERFAST,8,5.0,360.0,240.0,105.90303890753118,14,0,Saturday,1,25.6,0.0,9.0,10,Clear,1,18.3,28.2,HIGH
IR-12424,2,SUPERFAST,8,5.0,360.0,240.0,97.15444660575523,18,1,Saturday,1,28.8,0.0,9.0,10,Clear,3,29.7,45.7,HIGH
IR-12424,2,SUPERFAST,8,5.0,360.0,240.0,103.20126766012133,22,0,Saturday,1,32.0,0.0,9.0,10,Clear,1,21.8,33.6,HIGH
IR-12424,2,SUPERFAST,8,5.0,360.0,240.0,96.98606739349952,8,1,Sunday,1,20.8,0.0,1.5,65,Foggy,3,29.9,46.0,HIGH
IR-12424,2,SUPERFAST,8,5.0,360.0,240.0,102.08375019056791,11,0,Sunday,1,23.2,1.5,4.0,40,Light Rain,1,23.3,35.8,HIGH
IR-12424,2,SUPERFAST,8,5.0,360.0,240.0,102.03619305855707,14,0,Sunday,1,25.6,1.5,4.0,40,Light Rain,1,23.4,35.9,HIGH
IR-12424,2,SUPERFAST,8,5.0,360.0,240.0,98.99501176780748,18,1,Sunday,1,28.8,1.5,4.0,40,Light Rain,3,27.3,42.0,HIGH
IR-12424,2,SUPERFAST,8,5.0,360.0,240.0,101.7577079264424,22,0,Sunday,1,32.0,1.5,4.0,40,Light Rain,1,23.7,36.5,HIGH
IR-12424,2,SUPERFAST,9,5.0,405.0,195.0,98.98628510492321,8,1,Monday,0,20.8,0.0,1.5,65,Foggy,3,27.3,42.0,HIGH
IR-12424,2,SUPERFAST,9,5.0,405.0,195.0,100.37069809615602,11,0,Monday,0,23.2,1.5,4.0,40,Light Rain,1,25.5,39.3,HIGH
IR-12424,2,SUPERFAST,9,5.0,405.0,195.0,102.13308846937699,14,0,Monday,0,25.6,1.5,4.0,40,Light Rain,1,23.2,35.7,HIGH
IR-12424,2,SUPERFAST,9,5.0,405.0,195.0,98.17619044088941,18,1,Monday,0,28.8,1.5,4.0,40,Light Rain,3,28.4,43.6,HIGH
IR-12424,2,SUPERFAST,9,5.0,405.0,195.0,102.00611058090553,22,0,Monday,0,32.0,1.5,4.0,40,Light Rain,1,23.4,36.0,HIGH
IR-12424,2,SUPERFAST,9,5.0,405.0,195.0,100.74167000648035,8,1,Tuesday,0,20.8,0.0,9.0,10,Clear,3,25.0,38.5,HIGH
IR-12424,2,SUPERFAST,9,5.0,405.0,195.0,103.74733830658651,11,0,Tuesday,0,23.2,0.0,9.0,10,Clear,1,21.1,32.5,HIGH
IR-12424,2,SUPERFAST,9,5.0,405.0,195.0,103.07276211655422,14,0,Tuesday,0,25.6,0.0,9.0,10,Clear,1,22.0,33.9,HIGH
IR-12424,2,SUPERFAST,9,5.0,405.0,195.0,99.5465102661959,18,1,Tuesday,0,28.8,0.0,9.0,10,Clear,3,26.6,40.9,HIGH
IR-12424,2,SUPERFAST,9,5.0,405.0,195.0,102.64539722330868,22,0,Tuesday,0,32.0,0.0,9.0,10,Clear,1,22.6,34.7,HIGH
IR-12424,2,SUPERFAST,9,5.0,405.0,195.0,99.08749835659347,8,1,Wednesday,0,20.8,0.0,9.0,10,Clear,3,27.2,41.8,HIGH
IR-12424,2,SUPERFAST,9,5.0,405.0,195.0,101.56516200909714,11,0,Wednesday,0,23.2,0.0,9.0,10,Clear,1,24.0,36.9,HIGH
IR-12424,2,SUPERFAST,9,5.0,405.0,195.0,102.5337778813569,14,0,Wednesday,0,25.6,0.0,9.0,10,Clear,1,22.7,34.9,HIGH
IR-12424,2,SUPERFAST,9,5.0,405.0,195.0,100.15637728723844,18,1,Wednesday,0,28.8,0.0,9.0,10,Clear,3,25.8,39.7,HIGH
IR-12424,2,SUPERFAST,9,5.0,405.0,195.0,101.92799775639517,22,0,Wednesday,0,32.0,0.0,9.0,10,Clear,1,23.5,36.1,HIGH
IR-12424,2,SUPERFAST,9,5.0,405.0,195.0,96.69904930705127,8,1,Thursday,0,20.8,0.0,1.5,65,Foggy,3,30.3,46.6,HIGH
IR-12424,2,SUPERFAST,9,5.0,405.0,195.0,104.25915684525137,11,0,Thursday,0,23.2,1.5,4.0,40,Light Rain,1,20.5,31.5,HIGH
IR-12424,2,SUPERFAST,9,5.0,405.0,195.0,101.86312806647389,14,0,Thursday,0,25.6,1.5,4.0,40,Light Rain,1,23.6,36.3,HIGH
IR-12424,2,SUPERFAST,9,5.0,405.0,195.0,98.19650619114576,18,1,Thursday,0,28.8,1.5,4.0,40,Light Rain,3,28.3,43.6,HIGH
IR-12424,2,SUPERFAST,9,5.0,405.0,195.0,102.50084334502546,22,0,Thursday,0,32.0,1.5,4.0,40,Light Rain,1,22.7,35.0,HIGH
IR-12424,2,SUPERFAST,9,5.0,405.0,195.0,100.56055054276273,8,1,Friday,0,20.8,0.0,9.0,10,Clear,3,25.3,38.9,HIGH
IR-12424,2,SUPERFAST,9,5.0,405.0,195.0,103.14794746892716,11,0,Friday,0,23.2,0.0,9.0,10,Clear,1,21.9,33.7,HIGH
IR-12424,2,SUPERFAST,9,5.0,405.0,195.0,104.72872802981888,14,0,Friday,0,25.6,0.0,9.0,10,Clear,1,19.9,30.5,HIGH
IR-12424,2,SUPERFAST,9,5.0,405.0,195.0,98.42561018502356,18,1,Friday,0,28.8,0.0,9.0,10,Clear,3,28.0,43.1,HIGH
IR-12424,2,SUPERFAST,9,5.0,405.0,195.0,104.81585118272722,22,0,Friday,0,32.0,0.0,9.0,10,Clear,1,19.7,30.4,HIGH
IR-12424,2,SUPERFAST,9,5.0,405.0,195.0,99.6434789066543,8,1,Saturday,1,20.8,0.0,9.0,10,Clear,3,26.5,40.7,HIGH
IR-12424,2,SUPERFAST,9,5.0,405.0,195.0,102.85057276846466,11,0,Saturday,1,23.2,0.0,9.0,10,Clear,1,22.3,34.3,HIGH
IR-12424,2,SUPERFAST,9,5.0,405.0,195.0,101.3780019287792,14,0,Saturday,1,25.6,0.0,9.0,10,Clear,1,24.2,37.2,HIGH
IR-12424,2,SUPERFAST,9,5.0,405.0,195.0,99.0357410512265,18,1,Saturday,1,28.8,0.0,9.0,10,Clear,3,27.3,41.9,HIGH
IR-12424,2,SUPERFAST,9,5.0,405.0,195.0,103.74165315566482,22,0,Saturday,1,32.0,0.0,9.0,10,Clear,1,21.1,32.5,HIGH
IR-12424,2,SUPERFAST,9,5.0,405.0,195.0,98.56391171651163,8,1,Sunday,1,20.8,0.0,1.5,65,Foggy,3,27.9,42.9,HIGH
IR-12424,2,SUPERFAST,9,5.0,405.0,195.0,101.42865078188534,11,0,Sunday,1,23.2,1.5,4.0,40,Light Rain,1,24.1,37.1,HIGH
IR-12424,2,SUPERFAST,9,5.0,405.0,195.0,99.87964400619316,14,0,Sunday,1,25.6,1.5,4.0,40,Light Rain,1,26.2,40.2,HIGH
IR-12424,2,SUPERFAST,9,5.0,405.0,195.0,100.19494690337012,18,1,Sunday,1,28.8,1.5,4.0,40,Light Rain,3,25.7,39.6,HIGH
IR-12424,2,SUPERFAST,9,5.0,405.0,195.0,103.90503833879198,22,0,Sunday,1,32.0,1.5,4.0,40,Light Rain,1,20.9,32.2,HIGH
IR-12424,2,SUPERFAST,10,5.0,450.0,150.0,89.36689851417597,8,1,Monday,0,20.8,0.0,1.5,65,Foggy,3,39.8,61.3,HIGH
IR-12424,2,SUPERFAST,10,5.0,450.0,150.0,93.55554914390204,11,0,Monday,0,23.2,1.5,4.0,40,Light Rain,1,34.4,52.9,HIGH
IR-12424,2,SUPERFAST,10,5.0,450.0,150.0,91.04173422755868,14,0,Monday,0,25.6,1.5,4.0,40,Light Rain,1,37.6,57.9,HIGH
IR-12424,2,SUPERFAST,10,5.0,450.0,150.0,87.62253383296331,18,1,Monday,0,28.8,1.5,4.0,40,Light Rain,3,42.1,64.8,HIGH
IR-12424,2,SUPERFAST,10,5.0,450.0,150.0,90.64397725245321,22,0,Monday,0,32.0,1.5,4.0,40,Light Rain,1,38.2,58.7,HIGH
IR-12424,2,SUPERFAST,10,5.0,450.0,150.0,87.33633789199064,8,1,Tuesday,0,20.8,0.0,9.0,10,Clear,3,42.5,65.3,HIGH
IR-12424,2,SUPERFAST,10,5.0,450.0,150.0,91.73656501715108,11,0,Tuesday,0,23.2,0.0,9.0,10,Clear,1,36.7,56.5,HIGH
IR-12424,2,SUPERFAST,10,5.0,450.0,150.0,93.35045039345674,14,0,Tuesday,0,25.6,0.0,9.0,10,Clear,1,34.6,53.3,HIGH
IR-12424,2,SUPERFAST,10,5.0,450.0,150.0,89.79050853702846,18,1,Tuesday,0,28.8,0.0,9.0,10,Clear,3,39.3,60.4,HIGH
IR-12424,2,SUPERFAST,10,5.0,450.0,150.0,92.98231282038307,22,0,Tuesday,0,32.0,0.0,9.0,10,Clear,1,35.1,54.0,HIGH
IR-12424,2,SUPERFAST,10,5.0,450.0,150.0,89.70161863554279,8,1,Wednesday,0,20.8,0.0,9.0,10,Clear,3,39.4,60.6,HIGH
IR-12424,2,SUPERFAST,10,5.0,450.0,150.0,89.99119237449244,11,0,Wednesday,0,23.2,0.0,9.0,10,Clear,1,39.0,60.0,HIGH
IR-12424,2,SUPERFAST,10,5.0,450.0,150.0,92.24441315697736,14,0,Wednesday,0,25.6,0.0,9.0,10,Clear,1,36.1,55.5,HIGH
IR-12424,2,SUPERFAST,10,5.0,450.0,150.0,88.99410704919887,18,1,Wednesday,0,28.8,0.0,9.0,10,Clear,3,40.3,62.0,HIGH
IR-12424,2,SUPERFAST,10,5.0,450.0,150.0,92.1857771063487,22,0,Wednesday,0,32.0,0.0,9.0,10,Clear,1,36.2,55.6,HIGH
IR-12424,2,SUPERFAST,10,5.0,450.0,150.0,87.24688200854808,8,1,Thursday,0,20.8,0.0,1.5,65,Foggy,3,42.6,65.5,HIGH
IR-12424,2,SUPERFAST,10,5.0,450.0,150.0,90.22286761050712,11,0,Thursday,0,23.2,1.5,4.0,40,Light Rain,1,38.7,59.6,HIGH
IR-12424,2,SUPERFAST,10,5.0,450.0,150.0,92.36073649948486,14,0,Thursday,0,25.6,1.5,4.0,40,Light Rain,1,35.9,55.3,HIGH
IR-12424,2,SUPERFAST,10,5.0,450.0,150.0,89.7669348980246,18,1,Thursday,0,28.8,1.5,4.0,40,Light Rain,3,39.3,60.5,HIGH
IR-12424,2,SUPERFAST,10,5.0,450.0,150.0,91.80199631039233,22,0,Thursday,0,32.0,1.5,4.0,40,Light Rain,1,36.7,56.4,HIGH
IR-12424,2,SUPERFAST,10,5.0,450.0,150.0,89.77912776019093,8,1,Friday,0,20.8,0.0,9.0,10,Clear,3,39.3,60.4,HIGH
IR-12424,2,SUPERFAST,10,5.0,450.0,150.0,93.4001309271783,11,0,Friday,0,23.2,0.0,9.0,10,Clear,1,34.6,53.2,HIGH
IR-12424,2,SUPERFAST,10,5.0,450.0,150.0,94.95523795649318,14,0,Friday,0,25.6,0.0,9.0,10,Clear,1,32.6,50.1,HIGH
IR-12424,2,SUPERFAST,10,5.0,450.0,150.0,88.9708689345099,18,1,Friday,0,28.8,0.0,9.0,10,Clear,3,40.3,62.1,HIGH
IR-12424,2,SUPERFAST,10,5.0,450.0,150.0,92.25627438739272,22,0,Friday,0,32.0,0.0,9.0,10,Clear,1,36.1,55.5,HIGH
IR-12424,2,SUPERFAST,10,5.0,450.0,150.0,89.44063281899669,8,1,Saturday,1,20.8,0.0,9.0,10,Clear,3,39.7,61.1,HIGH
IR-12424,2,SUPERFAST,10,5.0,450.0,150.0,92.7670948903347,11,0,Saturday,1,23.2,0.0,9.0,10,Clear,1,35.4,54.5,HIGH
IR-12424,2,SUPERFAST,10,5.0,450.0,150.0,91.7539623025569,14,0,Saturday,1,25.6,0.0,9.0,10,Clear,1,36.7,56.5,HIGH
IR-12424,2,SUPERFAST,10,5.0,450.0,150.0,90.20317884314422,18,1,Saturday,1,28.8,0.0,9.0,10,Clear,3,38.7,59.6,HIGH
IR-12424,2,SUPERFAST,10,5.0,450.0,150.0,92.32832365920707,22,0,Saturday,1,32.0,0.0,9.0,10,Clear,1,36.0,55.3,HIGH
IR-12424,2,SUPERFAST,10,5.0,450.0,150.0,86.66091199022749,8,1,Sunday,1,20.8,0.0,1.5,65,Foggy,3,43.3,66.7,HIGH
IR-12424,2,SUPERFAST,10,5.0,450.0,150.0,89.5060794821926,11,0,Sunday,1,23.2,1.5,4.0,40,Light Rain,1,39.6,61.0,HIGH
IR-12424,2,SUPERFAST,10,5.0,450.0,150.0,90.6597091007758,14,0,Sunday,1,25.6,1.5,4.0,40,Light Rain,1,38.1,58.7,HIGH
IR-12424,2,SUPERFAST,10,5.0,450.0,150.0,89.23611754359338,18,1,Sunday,1,28.8,1.5,4.0,40,Light Rain,3,40.0,61.5,HIGH
IR-12424,2,SUPERFAST,10,5.0,450.0,150.0,91.97946446112726,22,0,Sunday,1,32.0,1.5,4.0,40,Light Rain,1,36.4,56.0,HIGH
IR-12424,2,SUPERFAST,11,5.0,495.0,105.0,93.73250640019496,8,1,Monday,0,20.8,0.0,1.5,65,Foggy,3,34.1,52.5,HIGH
IR-12424,2,SUPERFAST,11,5.0,495.0,105.0,96.7808468245207,11,0,Monday,0,23.2,1.5,4.0,40,Light Rain,1,30.2,46.4,HIGH
IR-12424,2,SUPERFAST,11,5.0,495.0,105.0,95.80129492521715,14,0,Monday,0,25.6,1.5,4.0,40,Light Rain,1,31.5,48.4,HIGH
IR-12424,2,SUPERFAST,11,5.0,495.0,105.0,93.12738528223412,18,1,Monday,0,28.8,1.5,4.0,40,Light Rain,3,34.9,53.7,HIGH
IR-12424,2,SUPERFAST,11,5.0,495.0,105.0,96.96128450637516,22,0,Monday,0,32.0,1.5,4.0,40,Light Rain,1,30.0,46.1,HIGH
IR-12424,2,SUPERFAST,11,5.0,495.0,105.0,96.56651044574005,8,1,Tuesday,0,20.8,0.0,9.0,10,Clear,3,30.5,46.9,HIGH
IR-12424,2,SUPERFAST,11,5.0,495.0,105.0,97.54700874640596,11,0,Tuesday,0,23.2,0.0,9.0,10,Clear,1,29.2,44.9,HIGH
IR-12424,2,SUPERFAST,11,5.0,495.0,105.0,98.30532617073719,14,0,Tuesday,0,25.6,0.0,9.0,10,Clear,1,28.2,43.4,HIGH
IR-12424,2,SUPERFAST,11,5.0,495.0,105.0,91.14572147221558,18,1,Tuesday,0,28.8,0.0,9.0,10,Clear,3,37.5,57.7,HIGH
IR-12424,2,SUPERFAST,11,5.0,495.0,105.0,97.27220926304636,22,0,Tuesday,0,32.0,0.0,9.0,10,Clear,1,29.5,45.5,HIGH
IR-12424,2,SUPERFAST,11,5.0,495.0,105.0,95.36635380909374,8,1,Wednesday,0,20.8,0.0,9.0,10,Clear,3,32.0,49.3,HIGH
IR-12424,2,SUPERFAST,11,5.0,495.0,105.0,97.4025226217439,11,0,Wednesday,0,23.2,0.0,9.0,10,Clear,1,29.4,45.2,HIGH
IR-12424,2,SUPERFAST,11,5.0,495.0,105.0,96.48572235348473,14,0,Wednesday,0,25.6,0.0,9.0,10,Clear,1,30.6,47.0,HIGH
IR-12424,2,SUPERFAST,11,5.0,495.0,105.0,94.35343367670552,18,1,Wednesday,0,28.8,0.0,9.0,10,Clear,3,33.3,51.3,HIGH
IR-12424,2,SUPERFAST,11,5.0,495.0,105.0,95.98134373975638,22,0,Wednesday,0,32.0,0.0,9.0,10,Clear,1,31.2,48.0,HIGH
IR-12424,2,SUPERFAST,11,5.0,495.0,105.0,92.6587711518047,8,1,Thursday,0,20.8,0.0,1.5,65,Foggy,3,35.5,54.7,HIGH
IR-12424,2,SUPERFAST,11,5.0,495.0,105.0,97.03846421945619,11,0,Thursday,0,23.2,1.5,4.0,40,Light Rain,1,29.8,45.9,HIGH
IR-12424,2,SUPERFAST,11,5.0,495.0,105.0,96.95474514248406,14,0,Thursday,0,25.6,1.5,4.0,40,Light Rain,1,30.0,46.1,HIGH
IR-12424,2,SUPERFAST,11,5.0,495.0,105.0,92.80959332017747,18,1,Thursday,0,28.8,1.5,4.0,40,Light Rain,3,35.3,54.4,HIGH
IR-12424,2,SUPERFAST,11,5.0,495.0,105.0,94.2462078042048,22,0,Thursday,0,32.0,1.5,4.0,40,Light Rain,1,33.5,51.5,HIGH
IR-12424,2,SUPERFAST,11,5.0,495.0,105.0,92.10509606269082,8,1,Friday,0,20.8,0.0,9.0,10,Clear,3,36.3,55.8,HIGH
IR-12424,2,SUPERFAST,11,5.0,495.0,105.0,97.50340158767087,11,0,Friday,0,23.2,0.0,9.0,10,Clear,1,29.2,45.0,HIGH
IR-12424,2,SUPERFAST,11,5.0,495.0,105.0,95.90371990905174,14,0,Friday,0,25.6,0.0,9.0,10,Clear,1,31.3,48.2,HIGH
IR-12424,2,SUPERFAST,11,5.0,495.0,105.0,93.39188793937808,18,1,Friday,0,28.8,0.0,9.0,10,Clear,3,34.6,53.2,HIGH
IR-12424,2,SUPERFAST,11,5.0,495.0,105.0,96.61597885413035,22,0,Friday,0,32.0,0.0,9.0,10,Clear,1,30.4,46.8,HIGH
IR-12424,2,SUPERFAST,11,5.0,495.0,105.0,93.11838534493509,8,1,Saturday,1,20.8,0.0,9.0,10,Clear,3,34.9,53.8,HIGH
IR-12424,2,SUPERFAST,11,5.0,495.0,105.0,96.91974860439134,11,0,Saturday,1,23.2,0.0,9.0,10,Clear,1,30.0,46.2,HIGH
IR-12424,2,SUPERFAST,11,5.0,495.0,105.0,97.13102642784872,14,0,Saturday,1,25.6,0.0,9.0,10,Clear,1,29.7,45.7,HIGH
IR-12424,2,SUPERFAST,11,5.0,495.0,105.0,94.15163028548605,18,1,Saturday,1,28.8,0.0,9.0,10,Clear,3,33.6,51.7,HIGH
IR-12424,2,SUPERFAST,11,5.0,495.0,105.0,96.43339829448466,22,0,Saturday,1,32.0,0.0,9.0,10,Clear,1,30.6,47.1,HIGH
IR-12424,2,SUPERFAST,11,5.0,495.0,105.0,93.25245886342285,8,1,Sunday,1,20.8,0.0,1.5,65,Foggy,3,34.8,53.5,HIGH
IR-12424,2,SUPERFAST,11,5.0,495.0,105.0,95.64949938177624,11,0,Sunday,1,23.2,1.5,4.0,40,Light Rain,1,31.7,48.7,HIGH
IR-12424,2,SUPERFAST,11,5.0,495.0,105.0,93.75711747468804,14,0,Sunday,1,25.6,1.5,4.0,40,Light Rain,1,34.1,52.5,HIGH
IR-12424,2,SUPERFAST,11,5.0,495.0,105.0,93.25902689225325,18,1,Sunday,1,28.8,1.5,4.0,40,Light Rain,3,34.8,53.5,HIGH
IR-12424,2,SUPERFAST,11,5.0,495.0,105.0,96.30571267089769,22,0,Sunday,1,32.0,1.5,4.0,40,Light Rain,1,30.8,47.4,HIGH
IR-12424,2,SUPERFAST,12,5.0,540.0,60.0,93.2430148889838,8,1,Monday,0,20.8,0.0,1.5,65,Foggy,3,34.8,53.5,HIGH
IR-12424,2,SUPERFAST,12,5.0,540.0,60.0,96.96260078800279,11,0,Monday,0,23.2,1.5,4.0,40,Light Rain,1,29.9,46.1,HIGH
IR-12424,2,SUPERFAST,12,5.0,540.0,60.0,96.96120645082401,14,0,Monday,0,25.6,1.5,4.0,40,Light Rain,1,30.0,46.1,HIGH
IR-12424,2,SUPERFAST,12,5.0,540.0,60.0,94.80912744279058,18,1,Monday,0,28.8,1.5,4.0,40,Light Rain,3,32.7,50.4,HIGH
IR-12424,2,SUPERFAST,12,5.0,540.0,60.0,97.5952727738862,22,0,Monday,0,32.0,1.5,4.0,40,Light Rain,1,29.1,44.8,HIGH
IR-12424,2,SUPERFAST,12,5.0,540.0,60.0,95.7923282014866,8,1,Tuesday,0,20.8,0.0,9.0,10,Clear,3,31.5,48.4,HIGH
IR-12424,2,SUPERFAST,12,5.0,540.0,60.0,97.44629871673655,11,0,Tuesday,0,23.2,0.0,9.0,10,Clear,1,29.3,45.1,HIGH
IR-12424,2,SUPERFAST,12,5.0,540.0,60.0,100.09351436397374,14,0,Tuesday,0,25.6,0.0,9.0,10,Clear,1,25.9,39.8,HIGH
IR-12424,2,SUPERFAST,12,5.0,540.0,60.0,93.27497612863053,18,1,Tuesday,0,28.8,0.0,9.0,10,Clear,3,34.7,53.5,HIGH
IR-12424,2,SUPERFAST,12,5.0,540.0,60.0,99.36564777704419,22,0,Tuesday,0,32.0,0.0,9.0,10,Clear,1,26.8,41.3,HIGH
IR-12424,2,SUPERFAST,12,5.0,540.0,60.0,95.11775604190873,8,1,Wednesday,0,20.8,0.0,9.0,10,Clear,3,32.3,49.8,HIGH
IR-12424,2,SUPERFAST,12,5.0,540.0,60.0,98.1227731217501,11,0,Wednesday,0,23.2,0.0,9.0,10,Clear,1,28.4,43.8,HIGH
IR-12424,2,SUPERFAST,12,5.0,540.0,60.0,98.09049934931224,14,0,Wednesday,0,25.6,0.0,9.0,10,Clear,1,28.5,43.8,HIGH
IR-12424,2,SUPERFAST,12,5.0,540.0,60.0,95.96682839103914,18,1,Wednesday,0,28.8,0.0,9.0,10,Clear,3,31.2,48.1,HIGH
IR-12424,2,SUPERFAST,12,5.0,540.0,60.0,101.03479298243344,22,0,Wednesday,0,32.0,0.0,9.0,10,Clear,1,24.7,37.9,HIGH
IR-12424,2,SUPERFAST,12,5.0,540.0,60.0,93.275897030539,8,1,Thursday,0,20.8,0.0,1.5,65,Foggy,3,34.7,53.4,HIGH
IR-12424,2,SUPERFAST,12,5.0,540.0,60.0,97.17430361450073,11,0,Thursday,0,23.2,1.5,4.0,40,Light Rain,1,29.7,45.7,HIGH
IR-12424,2,SUPERFAST,12,5.0,540.0,60.0,96.88875135684674,14,0,Thursday,0,25.6,1.5,4.0,40,Light Rain,1,30.0,46.2,HIGH
IR-12424,2,SUPERFAST,12,5.0,540.0,60.0,94.86062011458031,18,1,Thursday,0,28.8,1.5,4.0,40,Light Rain,3,32.7,50.3,HIGH
IR-12424,2,SUPERFAST,12,5.0,540.0,60.0,99.2799381097046,22,0,Thursday,0,32.0,1.5,4.0,40,Light Rain,1,26.9,41.4,HIGH
IR-12424,2,SUPERFAST,12,5.0,540.0,60.0,94.02528737479987,8,1,Friday,0,20.8,0.0,9.0,10,Clear,3,33.8,51.9,HIGH
IR-12424,2,SUPERFAST,12,5.0,540.0,60.0,98.04935548983227,11,0,Friday,0,23.2,0.0,9.0,10,Clear,1,28.5,43.9,HIGH
IR-12424,2,SUPERFAST,12,5.0,540.0,60.0,99.67470646587913,14,0,Friday,0,25.6,0.0,9.0,10,Clear,1,26.4,40.7,HIGH
IR-12424,2,SUPERFAST,12,5.0,540.0,60.0,97.1135463626372,18,1,Friday,0,28.8,0.0,9.0,10,Clear,3,29.8,45.8,HIGH
IR-12424,2,SUPERFAST,12,5.0,540.0,60.0,100.28310934355466,22,0,Friday,0,32.0,0.0,9.0,10,Clear,1,25.6,39.4,HIGH
IR-12424,2,SUPERFAST,12,5.0,540.0,60.0,94.90552959938366,8,1,Saturday,1,20.8,0.0,9.0,10,Clear,3,32.6,50.2,HIGH
IR-12424,2,SUPERFAST,12,5.0,540.0,60.0,97.76233186957953,11,0,Saturday,1,23.2,0.0,9.0,10,Clear,1,28.9,44.5,HIGH
IR-12424,2,SUPERFAST,12,5.0,540.0,60.0,97.23441937597342,14,0,Saturday,1,25.6,0.0,9.0,10,Clear,1,29.6,45.5,HIGH
IR-12424,2,SUPERFAST,12,5.0,540.0,60.0,95.24702816671969,18,1,Saturday,1,28.8,0.0,9.0,10,Clear,3,32.2,49.5,HIGH
IR-12424,2,SUPERFAST,12,5.0,540.0,60.0,98.81383088271555,22,0,Saturday,1,32.0,0.0,9.0,10,Clear,1,27.5,42.4,HIGH
IR-12424,2,SUPERFAST,12,5.0,540.0,60.0,94.67000134212441,8,1,Sunday,1,20.8,0.0,1.5,65,Foggy,3,32.9,50.7,HIGH
IR-12424,2,SUPERFAST,12,5.0,540.0,60.0,97.21064329622205,11,0,Sunday,1,23.2,1.5,4.0,40,Light Rain,1,29.6,45.6,HIGH
IR-12424,2,SUPERFAST,12,5.0,540.0,60.0,99.1809324410204,14,0,Sunday,1,25.6,1.5,4.0,40,Light Rain,1,27.1,41.6,HIGH
IR-12424,2,SUPERFAST,12,5.0,540.0,60.0,96.45896419508563,18,1,Sunday,1,28.8,1.5,4.0,40,Light Rain,3,30.6,47.1,HIGH
IR-12424,2,SUPERFAST,12,5.0,540.0,60.0,99.39967435752293,22,0,Sunday,1,32.0,1.5,4.0,40,Light Rain,1,26.8,41.2,HIGH
IR-12424,2,SUPERFAST,13,5.0,585.0,15.0,88.16238003108587,8,1,Monday,0,20.8,0.0,1.5,65,Foggy,3,41.4,63.7,HIGH
IR-12424,2,SUPERFAST,13,5.0,585.0,15.0,90.87416609606949,11,0,Monday,0,23.2,1.5,4.0,40,Light Rain,1,37.9,58.3,HIGH
IR-12424,2,SUPERFAST,13,5.0,585.0,15.0,90.66080379227769,14,0,Monday,0,25.6,1.5,4.0,40,Light Rain,1,38.1,58.7,HIGH
IR-12424,2,SUPERFAST,13,5.0,585.0,15.0,85.62021659566471,18,1,Monday,0,28.8,1.5,4.0,40,Light Rain,3,44.7,68.8,HIGH
IR-12424,2,SUPERFAST,13,5.0,585.0,15.0,91.99251671438908,22,0,Monday,0,32.0,1.5,4.0,40,Light Rain,1,36.4,56.0,HIGH
IR-12424,2,SUPERFAST,13,5.0,585.0,15.0,86.33271690439273,8,1,Tuesday,0,20.8,0.0,9.0,10,Clear,3,43.8,67.3,HIGH
IR-12424,2,SUPERFAST,13,5.0,585.0,15.0,90.21804772048685,11,0,Tuesday,0,23.2,0.0,9.0,10,Clear,1,38.7,59.6,HIGH
IR-12424,2,SUPERFAST,13,5.0,585.0,15.0,91.44343086579221,14,0,Tuesday,0,25.6,0.0,9.0,10,Clear,1,37.1,57.1,HIGH
IR-12424,2,SUPERFAST,13,5.0,585.0,15.0,87.5885755830239,18,1,Tuesday,0,28.8,0.0,9.0,10,Clear,3,42.1,64.8,HIGH
IR-12424,2,SUPERFAST,13,5.0,585.0,15.0,93.10106201682979,22,0,Tuesday,0,32.0,0.0,9.0,10,Clear,1,35.0,53.8,HIGH
IR-12424,2,SUPERFAST,13,5.0,585.0,15.0,88.1955354969238,8,1,Wednesday,0,20.8,0.0,9.0,10,Clear,3,41.3,63.6,HIGH
IR-12424,2,SUPERFAST,13,5.0,585.0,15.0,92.03883579583943,11,0,Wednesday,0,23.2,0.0,9.0,10,Clear,1,36.3,55.9,HIGH
IR-12424,2,SUPERFAST,13,5.0,585.0,15.0,91.31524456722661,14,0,Wednesday,0,25.6,0.0,9.0,10,Clear,1,37.3,57.4,HIGH
IR-12424,2,SUPERFAST,13,5.0,585.0,15.0,90.0434110609041,18,1,Wednesday,0,28.8,0.0,9.0,10,Clear,3,38.9,59.9,HIGH
IR-12424,2,SUPERFAST,13,5.0,585.0,15.0,90.9383862172727,22,0,Wednesday,0,32.0,0.0,9.0,10,Clear,1,37.8,58.1,HIGH
IR-12424,2,SUPERFAST,13,5.0,585.0,15.0,88.31801830967795,8,1,Thursday,0,20.8,0.0,1.5,65,Foggy,3,41.2,63.4,HIGH
IR-12424,2,SUPERFAST,13,5.0,585.0,15.0,89.15164426347364,11,0,Thursday,0,23.2,1.5,4.0,40,Light Rain,1,40.1,61.7,HIGH
IR-12424,2,SUPERFAST,13,5.0,585.0,15.0,89.5575001079481,14,0,Thursday,0,25.6,1.5,4.0,40,Light Rain,1,39.6,60.9,HIGH
IR-12424,2,SUPERFAST,13,5.0,585.0,15.0,87.26982159437001,18,1,Thursday,0,28.8,1.5,4.0,40,Light Rain,3,42.5,65.5,HIGH
IR-12424,2,SUPERFAST,13,5.0,585.0,15.0,89.8351844930234,22,0,Thursday,0,32.0,1.5,4.0,40,Light Rain,1,39.2,60.3,HIGH
IR-12424,2,SUPERFAST,13,5.0,585.0,15.0,88.3014609008082,8,1,Friday,0,20.8,0.0,9.0,10,Clear,3,41.2,63.4,HIGH
IR-12424,2,SUPERFAST,13,5.0,585.0,15.0,91.97896194843523,11,0,Friday,0,23.2,0.0,9.0,10,Clear,1,36.4,56.0,HIGH
IR-12424,2,SUPERFAST,13,5.0,585.0,15.0,92.04433389681128,14,0,Friday,0,25.6,0.0,9.0,10,Clear,1,36.3,55.9,HIGH
IR-12424,2,SUPERFAST,13,5.0,585.0,15.0,90.8173068730102,18,1,Friday,0,28.8,0.0,9.0,10,Clear,3,37.9,58.4,HIGH
IR-12424,2,SUPERFAST,13,5.0,585.0,15.0,90.85243649600136,22,0,Friday,0,32.0,0.0,9.0,10,Clear,1,37.9,58.3,HIGH
IR-12424,2,SUPERFAST,13,5.0,585.0,15.0,85.90286690170133,8,1,Saturday,1,20.8,0.0,9.0,10,Clear,3,44.3,68.2,HIGH
IR-12424,2,SUPERFAST,13,5.0,585.0,15.0,90.4300366875305,11,0,Saturday,1,23.2,0.0,9.0,10,Clear,1,38.4,59.1,HIGH
IR-12424,2,SUPERFAST,13,5.0,585.0,15.0,92.01810209874085,14,0,Saturday,1,25.6,0.0,9.0,10,Clear,1,36.4,56.0,HIGH
IR-12424,2,SUPERFAST,13,5.0,585.0,15.0,87.87984053433692,18,1,Saturday,1,28.8,0.0,9.0,10,Clear,3,41.8,64.2,HIGH
IR-12424,2,SUPERFAST,13,5.0,585.0,15.0,91.25695708245696,22,0,Saturday,1,32.0,0.0,9.0,10,Clear,1,37.4,57.5,HIGH
IR-12424,2,SUPERFAST,13,5.0,585.0,15.0,89.3027083423683,8,1,Sunday,1,20.8,0.0,1.5,65,Foggy,3,39.9,61.4,HIGH
IR-12424,2,SUPERFAST,13,5.0,585.0,15.0,91.5287265534451,11,0,Sunday,1,23.2,1.5,4.0,40,Light Rain,1,37.0,56.9,HIGH
IR-12424,2,SUPERFAST,13,5.0,585.0,15.0,89.59778690056355,14,0,Sunday,1,25.6,1.5,4.0,40,Light Rain,1,39.5,60.8,HIGH
IR-12424,2,SUPERFAST,13,5.0,585.0,15.0,87.62145170721436,18,1,Sunday,1,28.8,1.5,4.0,40,Light Rain,3,42.1,64.8,HIGH
IR-12424,2,SUPERFAST,13,5.0,585.0,15.0,90.85531203220813,22,0,Sunday,1,32.0,1.5,4.0,40,Light Rain,1,37.9,58.3,HIGH
IR-12424,2,SUPERFAST,14,5.0,630.0,15.0,93.40098755214392,8,1,Monday,0,20.8,0.0,1.5,65,Foggy,3,34.6,53.2,HIGH
IR-12424,2,SUPERFAST,14,5.0,630.0,15.0,96.4743137835678,11,0,Monday,0,23.2,1.5,4.0,40,Light Rain,1,30.6,47.1,HIGH
IR-12424,2,SUPERFAST,14,5.0,630.0,15.0,94.18762839042463,14,0,Monday,0,25.6,1.5,4.0,40,Light Rain,1,33.6,51.6,HIGH
IR-12424,2,SUPERFAST,14,5.0,630.0,15.0,92.49672788250788,18,1,Monday,0,28.8,1.5,4.0,40,Light Rain,3,35.8,55.0,HIGH
IR-12424,2,SUPERFAST,14,5.0,630.0,15.0,96.39426534938474,22,0,Monday,0,32.0,1.5,4.0,40,Light Rain,1,30.7,47.2,HIGH
IR-12424,2,SUPERFAST,14,5.0,630.0,15.0,91.423865450455,8,1,Tuesday,0,20.8,0.0,9.0,10,Clear,3,37.1,57.2,HIGH
IR-12424,2,SUPERFAST,14,5.0,630.0,15.0,97.06792260325835,11,0,Tuesday,0,23.2,0.0,9.0,10,Clear,1,29.8,45.9,HIGH
IR-12424,2,SUPERFAST,14,5.0,630.0,15.0,97.491271884562,14,0,Tuesday,0,25.6,0.0,9.0,10,Clear,1,29.3,45.0,HIGH
IR-12424,2,SUPERFAST,14,5.0,630.0,15.0,92.96848377268273,18,1,Tuesday,0,28.8,0.0,9.0,10,Clear,3,35.1,54.1,HIGH
IR-12424,2,SUPERFAST,14,5.0,630.0,15.0,95.77436301136765,22,0,Tuesday,0,32.0,0.0,9.0,10,Clear,1,31.5,48.5,HIGH
IR-12424,2,SUPERFAST,14,5.0,630.0,15.0,95.09020370570771,8,1,Wednesday,0,20.8,0.0,9.0,10,Clear,3,32.4,49.8,HIGH
IR-12424,2,SUPERFAST,14,5.0,630.0,15.0,95.54462410448522,11,0,Wednesday,0,23.2,0.0,9.0,10,Clear,1,31.8,48.9,HIGH
IR-12424,2,SUPERFAST,14,5.0,630.0,15.0,97.04651537783116,14,0,Wednesday,0,25.6,0.0,9.0,10,Clear,1,29.8,45.9,HIGH
IR-12424,2,SUPERFAST,14,5.0,630.0,15.0,94.5110959689471,18,1,Wednesday,0,28.8,0.0,9.0,10,Clear,3,33.1,51.0,HIGH
IR-12424,2,SUPERFAST,14,5.0,630.0,15.0,94.72554527786045,22,0,Wednesday,0,32.0,0.0,9.0,10,Clear,1,32.9,50.5,HIGH
IR-12424,2,SUPERFAST,14,5.0,630.0,15.0,92.80107400193167,8,1,Thursday,0,20.8,0.0,1.5,65,Foggy,3,35.4,54.4,HIGH
IR-12424,2,SUPERFAST,14,5.0,630.0,15.0,93.84799762170194,11,0,Thursday,0,23.2,1.5,4.0,40,Light Rain,1,34.0,52.3,HIGH
IR-12424,2,SUPERFAST,14,5.0,630.0,15.0,98.17216450293029,14,0,Thursday,0,25.6,1.5,4.0,40,Light Rain,1,28.4,43.7,HIGH
IR-12424,2,SUPERFAST,14,5.0,630.0,15.0,90.45234280501501,18,1,Thursday,0,28.8,1.5,4.0,40,Light Rain,3,38.4,59.1,HIGH
IR-12424,2,SUPERFAST,14,5.0,630.0,15.0,94.88580219774315,22,0,Thursday,0,32.0,1.5,4.0,40,Light Rain,1,32.6,50.2,HIGH
IR-12424,2,SUPERFAST,14,5.0,630.0,15.0,93.98222567364039,8,1,Friday,0,20.8,0.0,9.0,10,Clear,3,33.8,52.0,HIGH
IR-12424,2,SUPERFAST,14,5.0,630.0,15.0,94.37840165166027,11,0,Friday,0,23.2,0.0,9.0,10,Clear,1,33.3,51.2,HIGH
IR-12424,2,SUPERFAST,14,5.0,630.0,15.0,95.15087673554467,14,0,Friday,0,25.6,0.0,9.0,10,Clear,1,32.3,49.7,HIGH
IR-12424,2,SUPERFAST,14,5.0,630.0,15.0,92.60278192228958,18,1,Friday,0,28.8,0.0,9.0,10,Clear,3,35.6,54.8,HIGH
IR-12424,2,SUPERFAST,14,5.0,630.0,15.0,97.78381784201284,22,0,Friday,0,32.0,0.0,9.0,10,Clear,1,28.9,44.4,HIGH
IR-12424,2,SUPERFAST,14,5.0,630.0,15.0,95.82515111081545,8,1,Saturday,1,20.8,0.0,9.0,10,Clear,3,31.4,48.3,HIGH
IR-12424,2,SUPERFAST,14,5.0,630.0,15.0,96.29497377782451,11,0,Saturday,1,23.2,0.0,9.0,10,Clear,1,30.8,47.4,HIGH
IR-12424,2,SUPERFAST,14,5.0,630.0,15.0,95.01765587621438,14,0,Saturday,1,25.6,0.0,9.0,10,Clear,1,32.5,50.0,HIGH
IR-12424,2,SUPERFAST,14,5.0,630.0,15.0,95.44301233270448,18,1,Saturday,1,28.8,0.0,9.0,10,Clear,3,31.9,49.1,HIGH
IR-12424,2,SUPERFAST,14,5.0,630.0,15.0,96.45653552684114,22,0,Saturday,1,32.0,0.0,9.0,10,Clear,1,30.6,47.1,HIGH
IR-12424,2,SUPERFAST,14,5.0,630.0,15.0,88.90599362660058,8,1,Sunday,1,20.8,0.0,1.5,65,Foggy,3,40.4,62.2,HIGH
IR-12424,2,SUPERFAST,14,5.0,630.0,15.0,95.02585087217695,11,0,Sunday,1,23.2,1.5,4.0,40,Light Rain,1,32.5,49.9,HIGH
IR-12424,2,SUPERFAST,14,5.0,630.0,15.0,93.35609461773589,14,0,Sunday,1,25.6,1.5,4.0,40,Light Rain,1,34.6,53.3,HIGH
IR-12424,2,SUPERFAST,14,5.0,630.0,15.0,93.43729261951688,18,1,Sunday,1,28.8,1.5,4.0,40,Light Rain,3,34.5,53.1,HIGH
IR-12424,2,SUPERFAST,14,5.0,630.0,15.0,96.46961075706885,22,0,Sunday,1,32.0,1.5,4.0,40,Light Rain,1,30.6,47.1,HIGH
IR-12424,2,SUPERFAST,15,5.0,675.0,15.0,70.21100244213818,8,1,Monday,0,20.8,0.0,1.5,65,Foggy,3,64.7,99.6,HIGH
IR-12424,2,SUPERFAST,15,5.0,675.0,15.0,75.09892273827967,11,0,Monday,0,23.2,1.5,4.0,40,Light Rain,1,58.4,89.8,HIGH
IR-12424,2,SUPERFAST,15,5.0,675.0,15.0,74.26723925781238,14,0,Monday,0,25.6,1.5,4.0,40,Light Rain,1,59.5,91.5,HIGH
IR-12424,2,SUPERFAST,15,5.0,675.0,15.0,70.3871269134556,18,1,Monday,0,28.8,1.5,4.0,40,Light Rain,3,64.5,99.2,HIGH
IR-12424,2,SUPERFAST,15,5.0,675.0,15.0,75.30438066634778,22,0,Monday,0,32.0,1.5,4.0,40,Light Rain,1,58.1,89.4,HIGH
IR-12424,2,SUPERFAST,15,5.0,675.0,15.0,69.88720934077227,8,1,Tuesday,0,20.8,0.0,9.0,10,Clear,3,65.1,100.2,HIGH
IR-12424,2,SUPERFAST,15,5.0,675.0,15.0,75.47542321291765,11,0,Tuesday,0,23.2,0.0,9.0,10,Clear,1,57.9,89.0,HIGH
IR-12424,2,SUPERFAST,15,5.0,675.0,15.0,76.45710825652634,14,0,Tuesday,0,25.6,0.0,9.0,10,Clear,1,56.6,87.1,HIGH
IR-12424,2,SUPERFAST,15,5.0,675.0,15.0,70.33342916081222,18,1,Tuesday,0,28.8,0.0,9.0,10,Clear,3,64.6,99.3,HIGH
IR-12424,2,SUPERFAST,15,5.0,675.0,15.0,73.76716155601613,22,0,Tuesday,0,32.0,0.0,9.0,10,Clear,1,60.1,92.5,HIGH
IR-12424,2,SUPERFAST,15,5.0,675.0,15.0,72.32905757060341,8,1,Wednesday,0,20.8,0.0,9.0,10,Clear,3,62.0,95.3,HIGH
IR-12424,2,SUPERFAST,15,5.0,675.0,15.0,73.9482069535488,11,0,Wednesday,0,23.2,0.0,9.0,10,Clear,1,59.9,92.1,HIGH
IR-12424,2,SUPERFAST,15,5.0,675.0,15.0,73.55045162930585,14,0,Wednesday,0,25.6,0.0,9.0,10,Clear,1,60.4,92.9,HIGH
IR-12424,2,SUPERFAST,15,5.0,675.0,15.0,73.49769364412076,18,1,Wednesday,0,28.8,0.0,9.0,10,Clear,3,60.5,93.0,HIGH
IR-12424,2,SUPERFAST,15,5.0,675.0,15.0,76.3004749298194,22,0,Wednesday,0,32.0,0.0,9.0,10,Clear,1,56.8,87.4,HIGH
IR-12424,2,SUPERFAST,15,5.0,675.0,15.0,70.04890432274749,8,1,Thursday,0,20.8,0.0,1.5,65,Foggy,3,64.9,99.9,HIGH
IR-12424,2,SUPERFAST,15,5.0,675.0,15.0,73.27044991638668,11,0,Thursday,0,23.2,1.5,4.0,40,Light Rain,1,60.7,93.5,HIGH
IR-12424,2,SUPERFAST,15,5.0,675.0,15.0,72.67240749758213,14,0,Thursday,0,25.6,1.5,4.0,40,Light Rain,1,61.5,94.7,HIGH
IR-12424,2,SUPERFAST,15,5.0,675.0,15.0,71.11111555662714,18,1,Thursday,0,28.8,1.5,4.0,40,Light Rain,3,63.6,97.8,HIGH
IR-12424,2,SUPERFAST,15,5.0,675.0,15.0,76.23145503326664,22,0,Thursday,0,32.0,1.5,4.0,40,Light Rain,1,56.9,87.5,HIGH
IR-12424,2,SUPERFAST,15,5.0,675.0,15.0,69.9027576305281,8,1,Friday,0,20.8,0.0,9.0,10,Clear,3,65.1,100.2,HIGH
IR-12424,2,SUPERFAST,15,5.0,675.0,15.0,74.80950477896697,11,0,Friday,0,23.2,0.0,9.0,10,Clear,1,58.7,90.4,HIGH
IR-12424,2,SUPERFAST,15,5.0,675.0,15.0,74.04645625011995,14,0,Friday,0,25.6,0.0,9.0,10,Clear,1,59.7,91.9,HIGH
IR-12424,2,SUPERFAST,15,5.0,675.0,15.0,72.14673592334984,18,1,Friday,0,28.8,0.0,9.0,10,Clear,3,62.2,95.7,HIGH
IR-12424,2,SUPERFAST,15,5.0,675.0,15.0,75.72113284418023,22,0,Friday,0,32.0,0.0,9.0,10,Clear,1,57.6,88.6,HIGH
IR-12424,2,SUPERFAST,15,5.0,675.0,15.0,71.50875153528652,8,1,Saturday,1,20.8,0.0,9.0,10,Clear,3,63.0,97.0,HIGH
IR-12424,2,SUPERFAST,15,5.0,675.0,15.0,77.2551274796405,11,0,Saturday,1,23.2,0.0,9.0,10,Clear,1,55.6,85.5,HIGH
IR-12424,2,SUPERFAST,15,5.0,675.0,15.0,73.64700305771652,14,0,Saturday,1,25.6,0.0,9.0,10,Clear,1,60.3,92.7,HIGH
IR-12424,2,SUPERFAST,15,5.0,675.0,15.0,71.08564818819096,18,1,Saturday,1,28.8,0.0,9.0,10,Clear,3,63.6,97.8,HIGH
IR-12424,2,SUPERFAST,15,5.0,675.0,15.0,76.19152850666714,22,0,Saturday,1,32.0,0.0,9.0,10,Clear,1,57.0,87.6,HIGH
IR-12424,2,SUPERFAST,15,5.0,675.0,15.0,69.82994262402698,8,1,Sunday,1,20.8,0.0,1.5,65,Foggy,3,65.2,100.3,HIGH
IR-12424,2,SUPERFAST,15,5.0,675.0,15.0,74.11083151732288,11,0,Sunday,1,23.2,1.5,4.0,40,Light Rain,1,59.7,91.8,HIGH
IR-12424,2,SUPERFAST,15,5.0,675.0,15.0,73.6204246209938,14,0,Sunday,1,25.6,1.5,4.0,40,Light Rain,1,60.3,92.8,HIGH
IR-12424,2,SUPERFAST,15,5.0,675.0,15.0,70.85798854666292,18,1,Sunday,1,28.8,1.5,4.0,40,Light Rain,3,63.9,98.3,HIGH
IR-12424,2,SUPERFAST,15,5.0,675.0,15.0,72.85897043107266,22,0,Sunday,1,32.0,1.5,4.0,40,Light Rain,1,61.3,94.3,HIGH
IR-12424,2,SUPERFAST,16,5.0,720.0,15.0,64.38083162471945,8,1,Monday,0,20.8,0.0,1.5,65,Foggy,3,72.3,111.2,HIGH
IR-12424,2,SUPERFAST,16,5.0,720.0,15.0,66.40981421186692,11,0,Monday,0,23.2,1.5,4.0,40,Light Rain,1,69.7,107.2,HIGH
IR-12424,2,SUPERFAST,16,5.0,720.0,15.0,68.12242073142181,14,0,Monday,0,25.6,1.5,4.0,40,Light Rain,1,67.4,103.8,HIGH
IR-12424,2,SUPERFAST,16,5.0,720.0,15.0,65.00879253393734,18,1,Monday,0,28.8,1.5,4.0,40,Light Rain,3,71.5,110.0,HIGH
IR-12424,2,SUPERFAST,16,5.0,720.0,15.0,67.71482461648336,22,0,Monday,0,32.0,1.5,4.0,40,Light Rain,1,68.0,104.6,HIGH
IR-12424,2,SUPERFAST,16,5.0,720.0,15.0,67.80615627050207,8,1,Tuesday,0,20.8,0.0,9.0,10,Clear,3,67.9,104.4,HIGH
IR-12424,2,SUPERFAST,16,5.0,720.0,15.0,69.25285965525777,11,0,Tuesday,0,23.2,0.0,9.0,10,Clear,1,66.0,101.5,HIGH
IR-12424,2,SUPERFAST,16,5.0,720.0,15.0,68.46004301897341,14,0,Tuesday,0,25.6,0.0,9.0,10,Clear,1,67.0,103.1,HIGH
IR-12424,2,SUPERFAST,16,5.0,720.0,15.0,65.39402234006077,18,1,Tuesday,0,28.8,0.0,9.0,10,Clear,3,71.0,109.2,HIGH
IR-12424,2,SUPERFAST,16,5.0,720.0,15.0,71.10724734814632,22,0,Tuesday,0,32.0,0.0,9.0,10,Clear,1,63.6,97.8,HIGH
IR-12424,2,SUPERFAST,16,5.0,720.0,15.0,65.13880141922994,8,1,Wednesday,0,20.8,0.0,9.0,10,Clear,3,71.3,109.7,HIGH
IR-12424,2,SUPERFAST,16,5.0,720.0,15.0,67.79761757414641,11,0,Wednesday,0,23.2,0.0,9.0,10,Clear,1,67.9,104.4,HIGH
IR-12424,2,SUPERFAST,16,5.0,720.0,15.0,70.77837425903834,14,0,Wednesday,0,25.6,0.0,9.0,10,Clear,1,64.0,98.4,HIGH
IR-12424,2,SUPERFAST,16,5.0,720.0,15.0,67.27451857947028,18,1,Wednesday,0,28.8,0.0,9.0,10,Clear,3,68.5,105.5,HIGH
IR-12424,2,SUPERFAST,16,5.0,720.0,15.0,69.3429740101935,22,0,Wednesday,0,32.0,0.0,9.0,10,Clear,1,65.9,101.3,HIGH
IR-12424,2,SUPERFAST,16,5.0,720.0,15.0,66.0756896650399,8,1,Thursday,0,20.8,0.0,1.5,65,Foggy,3,70.1,107.8,HIGH
IR-12424,2,SUPERFAST,16,5.0,720.0,15.0,66.41448732426116,11,0,Thursday,0,23.2,1.5,4.0,40,Light Rain,1,69.7,107.2,HIGH
IR-12424,2,SUPERFAST,16,5.0,720.0,15.0,69.62158177710252,14,0,Thursday,0,25.6,1.5,4.0,40,Light Rain,1,65.5,100.8,HIGH
IR-12424,2,SUPERFAST,16,5.0,720.0,15.0,65.08958721655844,18,1,Thursday,0,28.8,1.5,4.0,40,Light Rain,3,71.4,109.8,HIGH
IR-12424,2,SUPERFAST,16,5.0,720.0,15.0,67.68392276091289,22,0,Thursday,0,32.0,1.5,4.0,40,Light Rain,1,68.0,104.6,HIGH
IR-12424,2,SUPERFAST,16,5.0,720.0,15.0,66.76477888859318,8,1,Friday,0,20.8,0.0,9.0,10,Clear,3,69.2,106.5,HIGH
IR-12424,2,SUPERFAST,16,5.0,720.0,15.0,70.74028325409691,11,0,Friday,0,23.2,0.0,9.0,10,Clear,1,64.0,98.5,HIGH
IR-12424,2,SUPERFAST,16,5.0,720.0,15.0,68.77815841026342,14,0,Friday,0,25.6,0.0,9.0,10,Clear,1,66.6,102.4,HIGH
IR-12424,2,SUPERFAST,16,5.0,720.0,15.0,68.11527963833127,18,1,Friday,0,28.8,0.0,9.0,10,Clear,3,67.5,103.8,HIGH
IR-12424,2,SUPERFAST,16,5.0,720.0,15.0,66.63623657870048,22,0,Friday,0,32.0,0.0,9.0,10,Clear,1,69.4,106.7,HIGH
IR-12424,2,SUPERFAST,16,5.0,720.0,15.0,63.38261199920259,8,1,Saturday,1,20.8,0.0,9.0,10,Clear,3,73.6,113.2,HIGH
IR-12424,2,SUPERFAST,16,5.0,720.0,15.0,69.1747003422832,11,0,Saturday,1,23.2,0.0,9.0,10,Clear,1,66.1,101.7,HIGH
IR-12424,2,SUPERFAST,16,5.0,720.0,15.0,67.43157867621042,14,0,Saturday,1,25.6,0.0,9.0,10,Clear,1,68.3,105.1,HIGH
IR-12424,2,SUPERFAST,16,5.0,720.0,15.0,65.0130659017743,18,1,Saturday,1,28.8,0.0,9.0,10,Clear,3,71.5,110.0,HIGH
IR-12424,2,SUPERFAST,16,5.0,720.0,15.0,67.70285283659214,22,0,Saturday,1,32.0,0.0,9.0,10,Clear,1,68.0,104.6,HIGH
IR-12424,2,SUPERFAST,16,5.0,720.0,15.0,61.1741601403395,8,1,Sunday,1,20.8,0.0,1.5,65,Foggy,3,76.5,117.7,HIGH
IR-12424,2,SUPERFAST,16,5.0,720.0,15.0,66.84478048116148,11,0,Sunday,1,23.2,1.5,4.0,40,Light Rain,1,69.1,106.3,HIGH
IR-12424,2,SUPERFAST,16,5.0,720.0,15.0,68.18360236388727,14,0,Sunday,1,25.6,1.5,4.0,40,Light Rain,1,67.4,103.6,HIGH
IR-12424,2,SUPERFAST,16,5.0,720.0,15.0,67.54089206277929,18,1,Sunday,1,28.8,1.5,4.0,40,Light Rain,3,68.2,104.9,HIGH
IR-12424,2,SUPERFAST,16,5.0,720.0,15.0,64.16533724271206,22,0,Sunday,1,32.0,1.5,4.0,40,Light Rain,1,72.6,111.7,HIGH
IR-12424,2,SUPERFAST,17,5.0,765.0,15.0,70.48605486774491,8,1,Monday,0,20.8,0.0,1.5,65,Foggy,3,64.4,99.0,HIGH
IR-12424,2,SUPERFAST,17,5.0,765.0,15.0,74.32713480517569,11,0,Monday,0,23.2,1.5,4.0,40,Light Rain,1,59.4,91.3,HIGH
IR-12424,2,SUPERFAST,17,5.0,765.0,15.0,75.89327399997254,14,0,Monday,0,25.6,1.5,4.0,40,Light Rain,1,57.3,88.2,HIGH
IR-12424,2,SUPERFAST,17,5.0,765.0,15.0,72.07478202328326,18,1,Monday,0,28.8,1.5,4.0,40,Light Rain,3,62.3,95.9,HIGH
IR-12424,2,SUPERFAST,17,5.0,765.0,15.0,73.53006365533275,22,0,Monday,0,32.0,1.5,4.0,40,Light Rain,1,60.4,92.9,HIGH
IR-12424,2,SUPERFAST,17,5.0,765.0,15.0,71.07921216293062,8,1,Tuesday,0,20.8,0.0,9.0,10,Clear,3,63.6,97.8,HIGH
IR-12424,2,SUPERFAST,17,5.0,765.0,15.0,73.76449530104802,11,0,Tuesday,0,23.2,0.0,9.0,10,Clear,1,60.1,92.5,HIGH
IR-12424,2,SUPERFAST,17,5.0,765.0,15.0,75.0846168581553,14,0,Tuesday,0,25.6,0.0,9.0,10,Clear,1,58.4,89.8,HIGH
IR-12424,2,SUPERFAST,17,5.0,765.0,15.0,68.96212728041642,18,1,Tuesday,0,28.8,0.0,9.0,10,Clear,3,66.3,102.1,HIGH
IR-12424,2,SUPERFAST,17,5.0,765.0,15.0,77.11869937515918,22,0,Tuesday,0,32.0,0.0,9.0,10,Clear,1,55.7,85.8,HIGH
IR-12424,2,SUPERFAST,17,5.0,765.0,15.0,69.62615540400219,8,1,Wednesday,0,20.8,0.0,9.0,10,Clear,3,65.5,100.7,HIGH
IR-12424,2,SUPERFAST,17,5.0,765.0,15.0,73.56605331621691,11,0,Wednesday,0,23.2,0.0,9.0,10,Clear,1,60.4,92.9,HIGH
IR-12424,2,SUPERFAST,17,5.0,765.0,15.0,75.08858604377494,14,0,Wednesday,0,25.6,0.0,9.0,10,Clear,1,58.4,89.8,HIGH
IR-12424,2,SUPERFAST,17,5.0,765.0,15.0,72.86076347179068,18,1,Wednesday,0,28.8,0.0,9.0,10,Clear,3,61.3,94.3,HIGH
IR-12424,2,SUPERFAST,17,5.0,765.0,15.0,75.95830995753929,22,0,Wednesday,0,32.0,0.0,9.0,10,Clear,1,57.3,88.1,HIGH
IR-12424,2,SUPERFAST,17,5.0,765.0,15.0,72.18233779379203,8,1,Thursday,0,20.8,0.0,1.5,65,Foggy,3,62.2,95.6,HIGH
IR-12424,2,SUPERFAST,17,5.0,765.0,15.0,74.67659188400062,11,0,Thursday,0,23.2,1.5,4.0,40,Light Rain,1,58.9,90.6,HIGH
IR-12424,2,SUPERFAST,17,5.0,765.0,15.0,73.08881770421124,14,0,Thursday,0,25.6,1.5,4.0,40,Light Rain,1,61.0,93.8,HIGH
IR-12424,2,SUPERFAST,17,5.0,765.0,15.0,69.83235100559867,18,1,Thursday,0,28.8,1.5,4.0,40,Light Rain,3,65.2,100.3,HIGH
IR-12424,2,SUPERFAST,17,5.0,765.0,15.0,75.22357652474794,22,0,Thursday,0,32.0,1.5,4.0,40,Light Rain,1,58.2,89.6,HIGH
IR-12424,2,SUPERFAST,17,5.0,765.0,15.0,72.61290540244372,8,1,Friday,0,20.8,0.0,9.0,10,Clear,3,61.6,94.8,HIGH
IR-12424,2,SUPERFAST,17,5.0,765.0,15.0,75.37570376930141,11,0,Friday,0,23.2,0.0,9.0,10,Clear,1,58.0,89.2,HIGH
IR-12424,2,SUPERFAST,17,5.0,765.0,15.0,73.4289832002684,14,0,Friday,0,25.6,0.0,9.0,10,Clear,1,60.5,93.1,HIGH
IR-12424,2,SUPERFAST,17,5.0,765.0,15.0,73.69688957860346,18,1,Friday,0,28.8,0.0,9.0,10,Clear,3,60.2,92.6,HIGH
IR-12424,2,SUPERFAST,17,5.0,765.0,15.0,71.4219438337053,22,0,Friday,0,32.0,0.0,9.0,10,Clear,1,63.2,97.2,HIGH
IR-12424,2,SUPERFAST,17,5.0,765.0,15.0,73.04951010542192,8,1,Saturday,1,20.8,0.0,9.0,10,Clear,3,61.0,93.9,HIGH
IR-12424,2,SUPERFAST,17,5.0,765.0,15.0,75.69913250102232,11,0,Saturday,1,23.2,0.0,9.0,10,Clear,1,57.6,88.6,HIGH
IR-12424,2,SUPERFAST,17,5.0,765.0,15.0,76.48547802881251,14,0,Saturday,1,25.6,0.0,9.0,10,Clear,1,56.6,87.0,HIGH
IR-12424,2,SUPERFAST,17,5.0,765.0,15.0,72.72266830016508,18,1,Saturday,1,28.8,0.0,9.0,10,Clear,3,61.5,94.6,HIGH
IR-12424,2,SUPERFAST,17,5.0,765.0,15.0,76.76791849022948,22,0,Saturday,1,32.0,0.0,9.0,10,Clear,1,56.2,86.5,HIGH
IR-12424,2,SUPERFAST,17,5.0,765.0,15.0,70.48593362394382,8,1,Sunday,1,20.8,0.0,1.5,65,Foggy,3,64.4,99.0,HIGH
IR-12424,2,SUPERFAST,17,5.0,765.0,15.0,75.6630474314045,11,0,Sunday,1,23.2,1.5,4.0,40,Light Rain,1,57.6,88.7,HIGH
IR-12424,2,SUPERFAST,17,5.0,765.0,15.0,73.26324187103852,14,0,Sunday,1,25.6,1.5,4.0,40,Light Rain,1,60.8,93.5,HIGH
IR-12424,2,SUPERFAST,17,5.0,765.0,15.0,71.82969716824374,18,1,Sunday,1,28.8,1.5,4.0,40,Light Rain,3,62.6,96.3,HIGH
IR-12424,2,SUPERFAST,17,5.0,765.0,15.0,72.89469668032834,22,0,Sunday,1,32.0,1.5,4.0,40,Light Rain,1,61.2,94.2,HIGH
IR-12424,2,SUPERFAST,18,5.0,810.0,15.0,65.92997666999372,8,1,Monday,0,20.8,0.0,1.5,65,Foggy,3,70.3,108.1,HIGH
IR-12424,2,SUPERFAST,18,5.0,810.0,15.0,68.8290547245833,11,0,Monday,0,23.2,1.5,4.0,40,Light Rain,1,66.5,102.3,HIGH
IR-12424,2,SUPERFAST,18,5.0,810.0,15.0,69.89362276896509,14,0,Monday,0,25.6,1.5,4.0,40,Light Rain,1,65.1,100.2,HIGH
IR-12424,2,SUPERFAST,18,5.0,810.0,15.0,68.3646592843301,18,1,Monday,0,28.8,1.5,4.0,40,Light Rain,3,67.1,103.3,HIGH
IR-12424,2,SUPERFAST,18,5.0,810.0,15.0,67.83038256548994,22,0,Monday,0,32.0,1.5,4.0,40,Light Rain,1,67.8,104.3,HIGH
IR-12424,2,SUPERFAST,18,5.0,810.0,15.0,68.32033566567922,8,1,Tuesday,0,20.8,0.0,9.0,10,Clear,3,67.2,103.4,HIGH
IR-12424,2,SUPERFAST,18,5.0,810.0,15.0,71.18379827683276,11,0,Tuesday,0,23.2,0.0,9.0,10,Clear,1,63.5,97.6,HIGH
IR-12424,2,SUPERFAST,18,5.0,810.0,15.0,71.43521207244481,14,0,Tuesday,0,25.6,0.0,9.0,10,Clear,1,63.1,97.1,HIGH
IR-12424,2,SUPERFAST,18,5.0,810.0,15.0,67.78924265929331,18,1,Tuesday,0,28.8,0.0,9.0,10,Clear,3,67.9,104.4,HIGH
IR-12424,2,SUPERFAST,18,5.0,810.0,15.0,70.87647110190963,22,0,Tuesday,0,32.0,0.0,9.0,10,Clear,1,63.9,98.2,HIGH
IR-12424,2,SUPERFAST,18,5.0,810.0,15.0,65.80391293219498,8,1,Wednesday,0,20.8,0.0,9.0,10,Clear,3,70.5,108.4,HIGH
IR-12424,2,SUPERFAST,18,5.0,810.0,15.0,70.65541935544232,11,0,Wednesday,0,23.2,0.0,9.0,10,Clear,1,64.1,98.7,HIGH
IR-12424,2,SUPERFAST,18,5.0,810.0,15.0,71.59658426833971,14,0,Wednesday,0,25.6,0.0,9.0,10,Clear,1,62.9,96.8,HIGH
IR-12424,2,SUPERFAST,18,5.0,810.0,15.0,68.60454810824959,18,1,Wednesday,0,28.8,0.0,9.0,10,Clear,3,66.8,102.8,HIGH
IR-12424,2,SUPERFAST,18,5.0,810.0,15.0,70.87266297294448,22,0,Wednesday,0,32.0,0.0,9.0,10,Clear,1,63.9,98.3,HIGH
IR-12424,2,SUPERFAST,18,5.0,810.0,15.0,66.56271377032445,8,1,Thursday,0,20.8,0.0,1.5,65,Foggy,3,69.5,106.9,HIGH
IR-12424,2,SUPERFAST,18,5.0,810.0,15.0,69.27860428814745,11,0,Thursday,0,23.2,1.5,4.0,40,Light Rain,1,65.9,101.4,HIGH
IR-12424,2,SUPERFAST,18,5.0,810.0,15.0,69.87525537299003,14,0,Thursday,0,25.6,1.5,4.0,40,Light Rain,1,65.2,100.2,HIGH
IR-12424,2,SUPERFAST,18,5.0,810.0,15.0,67.10365151812377,18,1,Thursday,0,28.8,1.5,4.0,40,Light Rain,3,68.8,105.8,HIGH
IR-12424,2,SUPERFAST,18,5.0,810.0,15.0,66.67736829747017,22,0,Thursday,0,32.0,1.5,4.0,40,Light Rain,1,69.3,106.6,HIGH
IR-12424,2,SUPERFAST,18,5.0,810.0,15.0,69.91383026251492,8,1,Friday,0,20.8,0.0,9.0,10,Clear,3,65.1,100.2,HIGH
IR-12424,2,SUPERFAST,18,5.0,810.0,15.0,70.73124609341994,11,0,Friday,0,23.2,0.0,9.0,10,Clear,1,64.0,98.5,HIGH
IR-12424,2,SUPERFAST,18,5.0,810.0,15.0,70.42824800739032,14,0,Friday,0,25.6,0.0,9.0,10,Clear,1,64.4,99.1,HIGH
IR-12424,2,SUPERFAST,18,5.0,810.0,15.0,67.97414672793423,18,1,Friday,0,28.8,0.0,9.0,10,Clear,3,67.6,104.1,HIGH
IR-12424,2,SUPERFAST,18,5.0,810.0,15.0,69.28850662952613,22,0,Friday,0,32.0,0.0,9.0,10,Clear,1,65.9,101.4,HIGH
IR-12424,2,SUPERFAST,18,5.0,810.0,15.0,69.9356532821251,8,1,Saturday,1,20.8,0.0,9.0,10,Clear,3,65.1,100.1,HIGH
IR-12424,2,SUPERFAST,18,5.0,810.0,15.0,70.88428480414062,11,0,Saturday,1,23.2,0.0,9.0,10,Clear,1,63.9,98.2,HIGH
IR-12424,2,SUPERFAST,18,5.0,810.0,15.0,71.40014030569759,14,0,Saturday,1,25.6,0.0,9.0,10,Clear,1,63.2,97.2,HIGH
IR-12424,2,SUPERFAST,18,5.0,810.0,15.0,69.70267714027969,18,1,Saturday,1,28.8,0.0,9.0,10,Clear,3,65.4,100.6,HIGH
IR-12424,2,SUPERFAST,18,5.0,810.0,15.0,73.35095332464631,22,0,Saturday,1,32.0,0.0,9.0,10,Clear,1,60.6,93.3,HIGH
IR-12424,2,SUPERFAST,18,5.0,810.0,15.0,66.5733179777408,8,1,Sunday,1,20.8,0.0,1.5,65,Foggy,3,69.5,106.9,HIGH
IR-12424,2,SUPERFAST,18,5.0,810.0,15.0,69.64896378611164,11,0,Sunday,1,23.2,1.5,4.0,40,Light Rain,1,65.5,100.7,HIGH
IR-12424,2,SUPERFAST,18,5.0,810.0,15.0,69.00471538071224,14,0,Sunday,1,25.6,1.5,4.0,40,Light Rain,1,66.3,102.0,HIGH
IR-12424,2,SUPERFAST,18,5.0,810.0,15.0,65.55810067251528,18,1,Sunday,1,28.8,1.5,4.0,40,Light Rain,3,70.8,108.9,HIGH
IR-12424,2,SUPERFAST,18,5.0,810.0,15.0,70.66413728957471,22,0,Sunday,1,32.0,1.5,4.0,40,Light Rain,1,64.1,98.7,HIGH
IR-12424,2,SUPERFAST,19,5.0,855.0,15.0,71.94189766533054,8,1,Monday,0,20.8,0.0,1.5,65,Foggy,3,62.5,96.1,HIGH
IR-12424,2,SUPERFAST,19,5.0,855.0,15.0,77.28291650317016,11,0,Monday,0,23.2,1.5,4.0,40,Light Rain,1,55.5,85.4,HIGH
IR-12424,2,SUPERFAST,19,5.0,855.0,15.0,76.90413382754704,14,0,Monday,0,25.6,1.5,4.0,40,Light Rain,1,56.0,86.2,HIGH
IR-12424,2,SUPERFAST,19,5.0,855.0,15.0,74.26973965388159,18,1,Monday,0,28.8,1.5,4.0,40,Light Rain,3,59.4,91.5,HIGH
IR-12424,2,SUPERFAST,19,5.0,855.0,15.0,75.35722665024747,22,0,Monday,0,32.0,1.5,4.0,40,Light Rain,1,58.0,89.3,HIGH
IR-12424,2,SUPERFAST,19,5.0,855.0,15.0,75.64118170320556,8,1,Tuesday,0,20.8,0.0,9.0,10,Clear,3,57.7,88.7,HIGH
IR-12424,2,SUPERFAST,19,5.0,855.0,15.0,76.45689047896201,11,0,Tuesday,0,23.2,0.0,9.0,10,Clear,1,56.6,87.1,HIGH
IR-12424,2,SUPERFAST,19,5.0,855.0,15.0,77.06016204088326,14,0,Tuesday,0,25.6,0.0,9.0,10,Clear,1,55.8,85.9,HIGH
IR-12424,2,SUPERFAST,19,5.0,855.0,15.0,75.0997396923884,18,1,Tuesday,0,28.8,0.0,9.0,10,Clear,3,58.4,89.8,HIGH
IR-12424,2,SUPERFAST,19,5.0,855.0,15.0,77.88487914869573,22,0,Tuesday,0,32.0,0.0,9.0,10,Clear,1,54.7,84.2,HIGH
IR-12424,2,SUPERFAST,19,5.0,855.0,15.0,73.76867206318794,8,1,Wednesday,0,20.8,0.0,9.0,10,Clear,3,60.1,92.5,HIGH
IR-12424,2,SUPERFAST,19,5.0,855.0,15.0,77.38527132715818,11,0,Wednesday,0,23.2,0.0,9.0,10,Clear,1,55.4,85.2,HIGH
IR-12424,2,SUPERFAST,19,5.0,855.0,15.0,77.04277640536392,14,0,Wednesday,0,25.6,0.0,9.0,10,Clear,1,55.8,85.9,HIGH
IR-12424,2,SUPERFAST,19,5.0,855.0,15.0,71.86330723643584,18,1,Wednesday,0,28.8,0.0,9.0,10,Clear,3,62.6,96.3,HIGH
IR-12424,2,SUPERFAST,19,5.0,855.0,15.0,75.83118061799011,22,0,Wednesday,0,32.0,0.0,9.0,10,Clear,1,57.4,88.3,HIGH
IR-12424,2,SUPERFAST,19,5.0,855.0,15.0,74.13944548079172,8,1,Thursday,0,20.8,0.0,1.5,65,Foggy,3,59.6,91.7,HIGH
IR-12424,2,SUPERFAST,19,5.0,855.0,15.0,76.22589880801189,11,0,Thursday,0,23.2,1.5,4.0,40,Light Rain,1,56.9,87.5,HIGH
IR-12424,2,SUPERFAST,19,5.0,855.0,15.0,76.6481050298166,14,0,Thursday,0,25.6,1.5,4.0,40,Light Rain,1,56.4,86.7,HIGH
IR-12424,2,SUPERFAST,19,5.0,855.0,15.0,71.70711916451373,18,1,Thursday,0,28.8,1.5,4.0,40,Light Rain,3,62.8,96.6,HIGH
IR-12424,2,SUPERFAST,19,5.0,855.0,15.0,75.88303490661747,22,0,Thursday,0,32.0,1.5,4.0,40,Light Rain,1,57.4,88.2,HIGH
IR-12424,2,SUPERFAST,19,5.0,855.0,15.0,73.08431870046654,8,1,Friday,0,20.8,0.0,9.0,10,Clear,3,61.0,93.8,HIGH
IR-12424,2,SUPERFAST,19,5.0,855.0,15.0,77.12926394100094,11,0,Friday,0,23.2,0.0,9.0,10,Clear,1,55.7,85.7,HIGH
IR-12424,2,SUPERFAST,19,5.0,855.0,15.0,78.38049276564112,14,0,Friday,0,25.6,0.0,9.0,10,Clear,1,54.1,83.2,HIGH
IR-12424,2,SUPERFAST,19,5.0,855.0,15.0,73.64398393249581,18,1,Friday,0,28.8,0.0,9.0,10,Clear,3,60.3,92.7,HIGH
IR-12424,2,SUPERFAST,19,5.0,855.0,15.0,76.00407252128184,22,0,Friday,0,32.0,0.0,9.0,10,Clear,1,57.2,88.0,HIGH
IR-12424,2,SUPERFAST,19,5.0,855.0,15.0,75.39108495657094,8,1,Saturday,1,20.8,0.0,9.0,10,Clear,3,58.0,89.2,HIGH
IR-12424,2,SUPERFAST,19,5.0,855.0,15.0,76.57470117749273,11,0,Saturday,1,23.2,0.0,9.0,10,Clear,1,56.5,86.9,HIGH
IR-12424,2,SUPERFAST,19,5.0,855.0,15.0,77.30913407852897,14,0,Saturday,1,25.6,0.0,9.0,10,Clear,1,55.5,85.4,HIGH
IR-12424,2,SUPERFAST,19,5.0,855.0,15.0,76.12342858641496,18,1,Saturday,1,28.8,0.0,9.0,10,Clear,3,57.0,87.8,HIGH
IR-12424,2,SUPERFAST,19,5.0,855.0,15.0,77.67546394165919,22,0,Saturday,1,32.0,0.0,9.0,10,Clear,1,55.0,84.6,HIGH
IR-12424,2,SUPERFAST,19,5.0,855.0,15.0,71.09585992621213,8,1,Sunday,1,20.8,0.0,1.5,65,Foggy,3,63.6,97.8,HIGH
IR-12424,2,SUPERFAST,19,5.0,855.0,15.0,74.48502610643972,11,0,Sunday,1,23.2,1.5,4.0,40,Light Rain,1,59.2,91.0,HIGH
IR-12424,2,SUPERFAST,19,5.0,855.0,15.0,78.32746489314437,14,0,Sunday,1,25.6,1.5,4.0,40,Light Rain,1,54.2,83.3,HIGH
IR-12424,2,SUPERFAST,19,5.0,855.0,15.0,74.76739528601513,18,1,Sunday,1,28.8,1.5,4.0,40,Light Rain,3,58.8,90.5,HIGH
IR-12424,2,SUPERFAST,19,5.0,855.0,15.0,77.26693061408375,22,0,Sunday,1,32.0,1.5,4.0,40,Light Rain,1,55.6,85.5,HIGH
IR-12424,2,SUPERFAST,20,5.0,900.0,15.0,68.69284567229789,8,1,Monday,0,20.8,0.0,1.5,65,Foggy,3,66.7,102.6,HIGH
IR-12424,2,SUPERFAST,20,5.0,900.0,15.0,71.84712085092934,11,0,Monday,0,23.2,1.5,4.0,40,Light Rain,1,62.6,96.3,HIGH
IR-12424,2,SUPERFAST,20,5.0,900.0,15.0,72.50940214576136,14,0,Monday,0,25.6,1.5,4.0,40,Light Rain,1,61.7,95.0,HIGH
IR-12424,2,SUPERFAST,20,5.0,900.0,15.0,70.15817533789074,18,1,Monday,0,28.8,1.5,4.0,40,Light Rain,3,64.8,99.7,HIGH
IR-12424,2,SUPERFAST,20,5.0,900.0,15.0,71.43044652841203,22,0,Monday,0,32.0,1.5,4.0,40,Light Rain,1,63.1,97.1,HIGH
IR-12424,2,SUPERFAST,20,5.0,900.0,15.0,70.49866456284056,8,1,Tuesday,0,20.8,0.0,9.0,10,Clear,3,64.4,99.0,HIGH
IR-12424,2,SUPERFAST,20,5.0,900.0,15.0,71.7999290602699,11,0,Tuesday,0,23.2,0.0,9.0,10,Clear,1,62.7,96.4,HIGH
IR-12424,2,SUPERFAST,20,5.0,900.0,15.0,73.03509389163803,14,0,Tuesday,0,25.6,0.0,9.0,10,Clear,1,61.1,93.9,HIGH
IR-12424,2,SUPERFAST,20,5.0,900.0,15.0,69.94616674135327,18,1,Tuesday,0,28.8,0.0,9.0,10,Clear,3,65.1,100.1,HIGH
IR-12424,2,SUPERFAST,20,5.0,900.0,15.0,73.2304252679019,22,0,Tuesday,0,32.0,0.0,9.0,10,Clear,1,60.8,93.5,HIGH
IR-12424,2,SUPERFAST,20,5.0,900.0,15.0,71.91006822527653,8,1,Wednesday,0,20.8,0.0,9.0,10,Clear,3,62.5,96.2,HIGH
IR-12424,2,SUPERFAST,20,5.0,900.0,15.0,72.35070387113845,11,0,Wednesday,0,23.2,0.0,9.0,10,Clear,1,61.9,95.3,HIGH
IR-12424,2,SUPERFAST,20,5.0,900.0,15.0,71.56143356052043,14,0,Wednesday,0,25.6,0.0,9.0,10,Clear,1,63.0,96.9,HIGH
IR-12424,2,SUPERFAST,20,5.0,900.0,15.0,69.87024482817796,18,1,Wednesday,0,28.8,0.0,9.0,10,Clear,3,65.2,100.3,HIGH
IR-12424,2,SUPERFAST,20,5.0,900.0,15.0,71.6884823276504,22,0,Wednesday,0,32.0,0.0,9.0,10,Clear,1,62.8,96.6,HIGH
IR-12424,2,SUPERFAST,20,5.0,900.0,15.0,69.29240078048537,8,1,Thursday,0,20.8,0.0,1.5,65,Foggy,3,65.9,101.4,HIGH
IR-12424,2,SUPERFAST,20,5.0,900.0,15.0,70.927642509865,11,0,Thursday,0,23.2,1.5,4.0,40,Light Rain,1,63.8,98.1,HIGH
IR-12424,2,SUPERFAST,20,5.0,900.0,15.0,74.1514294339143,14,0,Thursday,0,25.6,1.5,4.0,40,Light Rain,1,59.6,91.7,HIGH
IR-12424,2,SUPERFAST,20,5.0,900.0,15.0,70.21337965432429,18,1,Thursday,0,28.8,1.5,4.0,40,Light Rain,3,64.7,99.6,HIGH
IR-12424,2,SUPERFAST,20,5.0,900.0,15.0,72.50403673905112,22,0,Thursday,0,32.0,1.5,4.0,40,Light Rain,1,61.7,95.0,HIGH
IR-12424,2,SUPERFAST,20,5.0,900.0,15.0,69.66233877769028,8,1,Friday,0,20.8,0.0,9.0,10,Clear,3,65.4,100.7,HIGH
IR-12424,2,SUPERFAST,20,5.0,900.0,15.0,73.13174394244015,11,0,Friday,0,23.2,0.0,9.0,10,Clear,1,60.9,93.7,HIGH
IR-12424,2,SUPERFAST,20,5.0,900.0,15.0,70.53154130534593,14,0,Friday,0,25.6,0.0,9.0,10,Clear,1,64.3,98.9,HIGH
IR-12424,2,SUPERFAST,20,5.0,900.0,15.0,68.60533187970184,18,1,Friday,0,28.8,0.0,9.0,10,Clear,3,66.8,102.8,HIGH
IR-12424,2,SUPERFAST,20,5.0,900.0,15.0,73.91870268094965,22,0,Friday,0,32.0,0.0,9.0,10,Clear,1,59.9,92.2,HIGH
IR-12424,2,SUPERFAST,20,5.0,900.0,15.0,70.77444921350141,8,1,Saturday,1,20.8,0.0,9.0,10,Clear,3,64.0,98.5,HIGH
IR-12424,2,SUPERFAST,20,5.0,900.0,15.0,72.31857477236719,11,0,Saturday,1,23.2,0.0,9.0,10,Clear,1,62.0,95.4,HIGH
IR-12424,2,SUPERFAST,20,5.0,900.0,15.0,72.28806695640046,14,0,Saturday,1,25.6,0.0,9.0,10,Clear,1,62.0,95.4,HIGH
IR-12424,2,SUPERFAST,20,5.0,900.0,15.0,69.61439360182135,18,1,Saturday,1,28.8,0.0,9.0,10,Clear,3,65.5,100.8,HIGH
IR-12424,2,SUPERFAST,20,5.0,900.0,15.0,72.39760625387247,22,0,Saturday,1,32.0,0.0,9.0,10,Clear,1,61.9,95.2,HIGH
IR-12424,2,SUPERFAST,20,5.0,900.0,15.0,68.83525906954544,8,1,Sunday,1,20.8,0.0,1.5,65,Foggy,3,66.5,102.3,HIGH
IR-12424,2,SUPERFAST,20,5.0,900.0,15.0,71.90933240264343,11,0,Sunday,1,23.2,1.5,4.0,40,Light Rain,1,62.5,96.2,HIGH
IR-12424,2,SUPERFAST,20,5.0,900.0,15.0,74.22216173278004,14,0,Sunday,1,25.6,1.5,4.0,40,Light Rain,1,59.5,91.6,HIGH
IR-12424,2,SUPERFAST,20,5.0,900.0,15.0,67.89168694561181,18,1,Sunday,1,28.8,1.5,4.0,40,Light Rain,3,67.7,104.2,HIGH
IR-12424,2,SUPERFAST,20,5.0,900.0,15.0,72.39098922269955,22,0,Sunday,1,32.0,1.5,4.0,40,Light Rain,1,61.9,95.2,HIGH
IR-12424,2,SUPERFAST,21,5.0,945.0,15.0,70.63106596604858,8,1,Monday,0,20.8,0.0,1.5,65,Foggy,3,64.2,98.7,HIGH
IR-12424,2,SUPERFAST,21,5.0,945.0,15.0,75.41983573948504,11,0,Monday,0,23.2,1.5,4.0,40,Light Rain,1,58.0,89.2,HIGH
IR-12424,2,SUPERFAST,21,5.0,945.0,15.0,71.63971436815007,14,0,Monday,0,25.6,1.5,4.0,40,Light Rain,1,62.9,96.7,HIGH
IR-12424,2,SUPERFAST,21,5.0,945.0,15.0,69.46094756337482,18,1,Monday,0,28.8,1.5,4.0,40,Light Rain,3,65.7,101.1,HIGH
IR-12424,2,SUPERFAST,21,5.0,945.0,15.0,73.74107676774275,22,0,Monday,0,32.0,1.5,4.0,40,Light Rain,1,60.1,92.5,HIGH
IR-12424,2,SUPERFAST,21,5.0,945.0,15.0,73.06994769946951,8,1,Tuesday,0,20.8,0.0,9.0,10,Clear,3,61.0,93.9,HIGH
IR-12424,2,SUPERFAST,21,5.0,945.0,15.0,75.15273973740963,11,0,Tuesday,0,23.2,0.0,9.0,10,Clear,1,58.3,89.7,HIGH
IR-12424,2,SUPERFAST,21,5.0,945.0,15.0,76.37157487011254,14,0,Tuesday,0,25.6,0.0,9.0,10,Clear,1,56.7,87.3,HIGH
IR-12424,2,SUPERFAST,21,5.0,945.0,15.0,72.84489391884382,18,1,Tuesday,0,28.8,0.0,9.0,10,Clear,3,61.3,94.3,HIGH
IR-12424,2,SUPERFAST,21,5.0,945.0,15.0,77.06655278909926,22,0,Tuesday,0,32.0,0.0,9.0,10,Clear,1,55.8,85.9,HIGH
IR-12424,2,SUPERFAST,21,5.0,945.0,15.0,72.4784438748026,8,1,Wednesday,0,20.8,0.0,9.0,10,Clear,3,61.8,95.0,HIGH
IR-12424,2,SUPERFAST,21,5.0,945.0,15.0,74.88809819908931,11,0,Wednesday,0,23.2,0.0,9.0,10,Clear,1,58.6,90.2,HIGH
IR-12424,2,SUPERFAST,21,5.0,945.0,15.0,74.95496126910356,14,0,Wednesday,0,25.6,0.0,9.0,10,Clear,1,58.6,90.1,HIGH
IR-12424,2,SUPERFAST,21,5.0,945.0,15.0,70.37811803128682,18,1,Wednesday,0,28.8,0.0,9.0,10,Clear,3,64.5,99.2,HIGH
IR-12424,2,SUPERFAST,21,5.0,945.0,15.0,73.25611413901032,22,0,Wednesday,0,32.0,0.0,9.0,10,Clear,1,60.8,93.5,HIGH
IR-12424,2,SUPERFAST,21,5.0,945.0,15.0,69.63925378323485,8,1,Thursday,0,20.8,0.0,1.5,65,Foggy,3,65.5,100.7,HIGH
IR-12424,2,SUPERFAST,21,5.0,945.0,15.0,73.18278061838353,11,0,Thursday,0,23.2,1.5,4.0,40,Light Rain,1,60.9,93.6,HIGH
IR-12424,2,SUPERFAST,21,5.0,945.0,15.0,72.18246525749282,14,0,Thursday,0,25.6,1.5,4.0,40,Light Rain,1,62.2,95.6,HIGH
IR-12424,2,SUPERFAST,21,5.0,945.0,15.0,71.29836525774616,18,1,Thursday,0,28.8,1.5,4.0,40,Light Rain,3,63.3,97.4,HIGH
IR-12424,2,SUPERFAST,21,5.0,945.0,15.0,75.14442804448272,22,0,Thursday,0,32.0,1.5,4.0,40,Light Rain,1,58.3,89.7,HIGH
IR-12424,2,SUPERFAST,21,5.0,945.0,15.0,69.6698657678497,8,1,Friday,0,20.8,0.0,9.0,10,Clear,3,65.4,100.7,HIGH
IR-12424,2,SUPERFAST,21,5.0,945.0,15.0,74.44697561093278,11,0,Friday,0,23.2,0.0,9.0,10,Clear,1,59.2,91.1,HIGH
IR-12424,2,SUPERFAST,21,5.0,945.0,15.0,75.15415933406942,14,0,Friday,0,25.6,0.0,9.0,10,Clear,1,58.3,89.7,HIGH
IR-12424,2,SUPERFAST,21,5.0,945.0,15.0,71.98106864659366,18,1,Friday,0,28.8,0.0,9.0,10,Clear,3,62.4,96.0,HIGH
IR-12424,2,SUPERFAST,21,5.0,945.0,15.0,74.18721867533549,22,0,Friday,0,32.0,0.0,9.0,10,Clear,1,59.6,91.6,HIGH
IR-12424,2,SUPERFAST,21,5.0,945.0,15.0,70.87606342720932,8,1,Saturday,1,20.8,0.0,9.0,10,Clear,3,63.9,98.2,HIGH
IR-12424,2,SUPERFAST,21,5.0,945.0,15.0,73.33479847939549,11,0,Saturday,1,23.2,0.0,9.0,10,Clear,1,60.7,93.3,HIGH
IR-12424,2,SUPERFAST,21,5.0,945.0,15.0,72.4551758067573,14,0,Saturday,1,25.6,0.0,9.0,10,Clear,1,61.8,95.1,HIGH
IR-12424,2,SUPERFAST,21,5.0,945.0,15.0,69.52843783323185,18,1,Saturday,1,28.8,0.0,9.0,10,Clear,3,65.6,100.9,HIGH
IR-12424,2,SUPERFAST,21,5.0,945.0,15.0,73.7100429057901,22,0,Saturday,1,32.0,0.0,9.0,10,Clear,1,60.2,92.6,HIGH
IR-12424,2,SUPERFAST,21,5.0,945.0,15.0,71.190228858814,8,1,Sunday,1,20.8,0.0,1.5,65,Foggy,3,63.5,97.6,HIGH
IR-12424,2,SUPERFAST,21,5.0,945.0,15.0,71.23261157397226,11,0,Sunday,1,23.2,1.5,4.0,40,Light Rain,1,63.4,97.5,HIGH
IR-12424,2,SUPERFAST,21,5.0,945.0,15.0,72.64880690018882,14,0,Sunday,1,25.6,1.5,4.0,40,Light Rain,1,61.6,94.7,HIGH
IR-12424,2,SUPERFAST,21,5.0,945.0,15.0,70.47932994525468,18,1,Sunday,1,28.8,1.5,4.0,40,Light Rain,3,64.4,99.0,HIGH
IR-12424,2,SUPERFAST,21,5.0,945.0,15.0,71.99873612624168,22,0,Sunday,1,32.0,1.5,4.0,40,Light Rain,1,62.4,96.0,HIGH
IR-12424,2,SUPERFAST,22,5.0,990.0,15.0,106.38840570032957,8,1,Monday,0,20.8,0.0,1.5,65,Foggy,3,17.7,27.2,HIGH
IR-12424,2,SUPERFAST,22,5.0,990.0,15.0,110.67796649210379,11,0,Monday,0,23.2,1.5,4.0,40,Light Rain,1,12.1,18.6,MEDIUM
IR-12424,2,SUPERFAST,22,5.0,990.0,15.0,111.00243190956986,14,0,Monday,0,25.6,1.5,4.0,40,Light Rain,1,11.7,18.0,MEDIUM
IR-12424,2,SUPERFAST,22,5.0,990.0,15.0,107.60776269782916,18,1,Monday,0,28.8,1.5,4.0,40,Light Rain,3,16.1,24.8,HIGH
IR-12424,2,SUPERFAST,22,5.0,990.0,15.0,109.93352387957867,22,0,Monday,0,32.0,1.5,4.0,40,Light Rain,1,13.1,20.1,MEDIUM
IR-12424,2,SUPERFAST,22,5.0,990.0,15.0,108.32321642696554,8,1,Tuesday,0,20.8,0.0,9.0,10,Clear,3,15.2,23.4,HIGH
IR-12424,2,SUPERFAST,22,5.0,990.0,15.0,114.29009802537016,11,0,Tuesday,0,23.2,0.0,9.0,10,Clear,1,7.4,11.4,MEDIUM
IR-12424,2,SUPERFAST,22,5.0,990.0,15.0,109.88942571387517,14,0,Tuesday,0,25.6,0.0,9.0,10,Clear,1,13.1,20.2,MEDIUM
IR-12424,2,SUPERFAST,22,5.0,990.0,15.0,107.55299505797615,18,1,Tuesday,0,28.8,0.0,9.0,10,Clear,3,16.2,24.9,HIGH
IR-12424,2,SUPERFAST,22,5.0,990.0,15.0,111.6838420368766,22,0,Tuesday,0,32.0,0.0,9.0,10,Clear,1,10.8,16.6,MEDIUM
IR-12424,2,SUPERFAST,22,5.0,990.0,15.0,108.40994773298836,8,1,Wednesday,0,20.8,0.0,9.0,10,Clear,3,15.1,23.2,HIGH
IR-12424,2,SUPERFAST,22,5.0,990.0,15.0,113.72473224682878,11,0,Wednesday,0,23.2,0.0,9.0,10,Clear,1,8.2,12.6,MEDIUM
IR-12424,2,SUPERFAST,22,5.0,990.0,15.0,112.26737732396094,14,0,Wednesday,0,25.6,0.0,9.0,10,Clear,1,10.1,15.5,MEDIUM
IR-12424,2,SUPERFAST,22,5.0,990.0,15.0,108.33856261881742,18,1,Wednesday,0,28.8,0.0,9.0,10,Clear,3,15.2,23.3,HIGH
IR-12424,2,SUPERFAST,22,5.0,990.0,15.0,111.65970822960051,22,0,Wednesday,0,32.0,0.0,9.0,10,Clear,1,10.8,16.7,MEDIUM
IR-12424,2,SUPERFAST,22,5.0,990.0,15.0,108.60561222828099,8,1,Thursday,0,20.8,0.0,1.5,65,Foggy,3,14.8,22.8,HIGH
IR-12424,2,SUPERFAST,22,5.0,990.0,15.0,108.89904711448459,11,0,Thursday,0,23.2,1.5,4.0,40,Light Rain,1,14.4,22.2,MEDIUM
IR-12424,2,SUPERFAST,22,5.0,990.0,15.0,109.72097951135018,14,0,Thursday,0,25.6,1.5,4.0,40,Light Rain,1,13.4,20.6,MEDIUM
IR-12424,2,SUPERFAST,22,5.0,990.0,15.0,105.96605049610194,18,1,Thursday,0,28.8,1.5,4.0,40,Light Rain,3,18.2,28.1,HIGH
IR-12424,2,SUPERFAST,22,5.0,990.0,15.0,110.9439867048509,22,0,Thursday,0,32.0,1.5,4.0,40,Light Rain,1,11.8,18.1,MEDIUM
IR-12424,2,SUPERFAST,22,5.0,990.0,15.0,108.9885256554349,8,1,Friday,0,20.8,0.0,9.0,10,Clear,3,14.3,22.0,HIGH
IR-12424,2,SUPERFAST,22,5.0,990.0,15.0,111.76929938731139,11,0,Friday,0,23.2,0.0,9.0,10,Clear,1,10.7,16.5,MEDIUM
IR-12424,2,SUPERFAST,22,5.0,990.0,15.0,112.40138152315112,14,0,Friday,0,25.6,0.0,9.0,10,Clear,1,9.9,15.2,MEDIUM
IR-12424,2,SUPERFAST,22,5.0,990.0,15.0,109.17591583964372,18,1,Friday,0,28.8,0.0,9.0,10,Clear,3,14.1,21.6,HIGH
IR-12424,2,SUPERFAST,22,5.0,990.0,15.0,110.5384811998256,22,0,Friday,0,32.0,0.0,9.0,10,Clear,1,12.3,18.9,MEDIUM
IR-12424,2,SUPERFAST,22,5.0,990.0,15.0,107.94209279521884,8,1,Saturday,1,20.8,0.0,9.0,10,Clear,3,15.7,24.1,HIGH
IR-12424,2,SUPERFAST,22,5.0,990.0,15.0,110.1789337538988,11,0,Saturday,1,23.2,0.0,9.0,10,Clear,1,12.8,19.6,MEDIUM
IR-12424,2,SUPERFAST,22,5.0,990.0,15.0,111.35204333128061,14,0,Saturday,1,25.6,0.0,9.0,10,Clear,1,11.2,17.3,MEDIUM
IR-12424,2,SUPERFAST,22,5.0,990.0,15.0,110.4369193818625,18,1,Saturday,1,28.8,0.0,9.0,10,Clear,3,12.4,19.1,HIGH
IR-12424,2,SUPERFAST,22,5.0,990.0,15.0,110.80918463455292,22,0,Saturday,1,32.0,0.0,9.0,10,Clear,1,11.9,18.4,MEDIUM
IR-12424,2,SUPERFAST,22,5.0,990.0,15.0,105.55009671409933,8,1,Sunday,1,20.8,0.0,1.5,65,Foggy,3,18.8,28.9,HIGH
IR-12424,2,SUPERFAST,22,5.0,990.0,15.0,112.63566871998935,11,0,Sunday,1,23.2,1.5,4.0,40,Light Rain,1,9.6,14.7,MEDIUM
IR-12424,2,SUPERFAST,22,5.0,990.0,15.0,110.8536664365422,14,0,Sunday,1,25.6,1.5,4.0,40,Light Rain,1,11.9,18.3,MEDIUM
IR-12424,2,SUPERFAST,22,5.0,990.0,15.0,109.25108548573473,18,1,Sunday,1,28.8,1.5,4.0,40,Light Rain,3,14.0,21.5,HIGH
IR-12424,2,SUPERFAST,22,5.0,990.0,15.0,111.96506852595495,22,0,Sunday,1,32.0,1.5,4.0,40,Light Rain,1,10.4,16.1,MEDIUM
IR-12346,3,EXPRESS,1,5.0,45.0,555.0,84.09195699484648,8,1,Monday,0,20.8,0.0,1.5,65,Foggy,3,14.2,21.8,HIGH
IR-12346,3,EXPRESS,1,5.0,45.0,555.0,87.11903795038738,11,0,Monday,0,23.2,1.5,4.0,40,Light Rain,1,10.2,15.8,MEDIUM
IR-12346,3,EXPRESS,1,5.0,45.0,555.0,85.94441117787629,14,0,Monday,0,25.6,1.5,4.0,40,Light Rain,1,11.8,18.1,MEDIUM
IR-12346,3,EXPRESS,1,5.0,45.0,555.0,81.36766572516419,18,1,Monday,0,28.8,1.5,4.0,40,Light Rain,3,17.7,27.3,HIGH
IR-12346,3,EXPRESS,1,5.0,45.0,555.0,86.67558384168743,22,0,Monday,0,32.0,1.5,4.0,40,Light Rain,1,10.8,16.6,MEDIUM
IR-12346,3,EXPRESS,1,5.0,45.0,555.0,82.97048090090672,8,1,Tuesday,0,20.8,0.0,9.0,10,Clear,3,15.6,24.1,HIGH
IR-12346,3,EXPRESS,1,5.0,45.0,555.0,85.42556746397861,11,0,Tuesday,0,23.2,0.0,9.0,10,Clear,1,12.4,19.1,MEDIUM
IR-12346,3,EXPRESS,1,5.0,45.0,555.0,86.07900958741502,14,0,Tuesday,0,25.6,0.0,9.0,10,Clear,1,11.6,17.8,MEDIUM
IR-12346,3,EXPRESS,1,5.0,45.0,555.0,83.09202542045074,18,1,Tuesday,0,28.8,0.0,9.0,10,Clear,3,15.5,23.8,HIGH
IR-12346,3,EXPRESS,1,5.0,45.0,555.0,86.65168777672612,22,0,Tuesday,0,32.0,0.0,9.0,10,Clear,1,10.9,16.7,MEDIUM
IR-12346,3,EXPRESS,1,5.0,45.0,555.0,84.44089642103764,8,1,Wednesday,0,20.8,0.0,9.0,10,Clear,3,13.7,21.1,HIGH
IR-12346,3,EXPRESS,1,5.0,45.0,555.0,87.82332460531107,11,0,Wednesday,0,23.2,0.0,9.0,10,Clear,1,9.3,14.4,MEDIUM
IR-12346,3,EXPRESS,1,5.0,45.0,555.0,89.49211269683816,14,0,Wednesday,0,25.6,0.0,9.0,10,Clear,1,7.2,11.0,MEDIUM
IR-12346,3,EXPRESS,1,5.0,45.0,555.0,82.55736159483325,18,1,Wednesday,0,28.8,0.0,9.0,10,Clear,3,16.2,24.9,HIGH
IR-12346,3,EXPRESS,1,5.0,45.0,555.0,86.01419386837651,22,0,Wednesday,0,32.0,0.0,9.0,10,Clear,1,11.7,18.0,MEDIUM
IR-12346,3,EXPRESS,1,5.0,45.0,555.0,82.96722045033967,8,1,Thursday,0,20.8,0.0,1.5,65,Foggy,3,15.6,24.1,HIGH
IR-12346,3,EXPRESS,1,5.0,45.0,555.0,91.13143556900278,11,0,Thursday,0,23.2,1.5,4.0,40,Light Rain,1,5.0,7.7,LOW
IR-12346,3,EXPRESS,1,5.0,45.0,555.0,88.164780846269,14,0,Thursday,0,25.6,1.5,4.0,40,Light Rain,1,8.9,13.7,MEDIUM
IR-12346,3,EXPRESS,1,5.0,45.0,555.0,82.8196221120995,18,1,Thursday,0,28.8,1.5,4.0,40,Light Rain,3,15.8,24.4,HIGH
IR-12346,3,EXPRESS,1,5.0,45.0,555.0,86.6067954629481,22,0,Thursday,0,32.0,1.5,4.0,40,Light Rain,1,10.9,16.8,MEDIUM
IR-12346,3,EXPRESS,1,5.0,45.0,555.0,85.54839627368523,8,1,Friday,0,20.8,0.0,9.0,10,Clear,3,12.3,18.9,HIGH
IR-12346,3,EXPRESS,1,5.0,45.0,555.0,87.43337880551388,11,0,Friday,0,23.2,0.0,9.0,10,Clear,1,9.8,15.1,MEDIUM
IR-12346,3,EXPRESS,1,5.0,45.0,555.0,86.90157327110362,14,0,Friday,0,25.6,0.0,9.0,10,Clear,1,10.5,16.2,MEDIUM
IR-12346,3,EXPRESS,1,5.0,45.0,555.0,83.56650570819045,18,1,Friday,0,28.8,0.0,9.0,10,Clear,3,14.9,22.9,HIGH
IR-12346,3,EXPRESS,1,5.0,45.0,555.0,87.432509942212,22,0,Friday,0,32.0,0.0,9.0,10,Clear,1,9.8,15.1,MEDIUM
IR-12346,3,EXPRESS,1,5.0,45.0,555.0,83.37067744313634,8,1,Saturday,1,20.8,0.0,9.0,10,Clear,3,15.1,23.3,HIGH
IR-12346,3,EXPRESS,1,5.0,45.0,555.0,89.39659612292931,11,0,Saturday,1,23.2,0.0,9.0,10,Clear,1,7.3,11.2,MEDIUM
IR-12346,3,EXPRESS,1,5.0,45.0,555.0,86.30081388115114,14,0,Saturday,1,25.6,0.0,9.0,10,Clear,1,11.3,17.4,MEDIUM
IR-12346,3,EXPRESS,1,5.0,45.0,555.0,82.52874765071724,18,1,Saturday,1,28.8,0.0,9.0,10,Clear,3,16.2,24.9,HIGH
IR-12346,3,EXPRESS,1,5.0,45.0,555.0,88.19562270794724,22,0,Saturday,1,32.0,0.0,9.0,10,Clear,1,8.8,13.6,MEDIUM
IR-12346,3,EXPRESS,1,5.0,45.0,555.0,82.14109703823839,8,1,Sunday,1,20.8,0.0,1.5,65,Foggy,3,16.7,25.7,HIGH
IR-12346,3,EXPRESS,1,5.0,45.0,555.0,86.54387007086724,11,0,Sunday,1,23.2,1.5,4.0,40,Light Rain,1,11.0,16.9,MEDIUM
IR-12346,3,EXPRESS,1,5.0,45.0,555.0,85.34231277663902,14,0,Sunday,1,25.6,1.5,4.0,40,Light Rain,1,12.6,19.3,MEDIUM
IR-12346,3,EXPRESS,1,5.0,45.0,555.0,83.67891908958697,18,1,Sunday,1,28.8,1.5,4.0,40,Light Rain,3,14.7,22.6,HIGH
IR-12346,3,EXPRESS,1,5.0,45.0,555.0,86.43487888314097,22,0,Sunday,1,32.0,1.5,4.0,40,Light Rain,1,11.1,17.1,MEDIUM
IR-12346,3,EXPRESS,2,5.0,90.0,510.0,82.57149309076206,8,1,Monday,0,20.8,0.0,1.5,65,Foggy,3,16.2,24.9,HIGH
IR-12346,3,EXPRESS,2,5.0,90.0,510.0,85.91309235957245,11,0,Monday,0,23.2,1.5,4.0,40,Light Rain,1,11.8,18.2,MEDIUM
IR-12346,3,EXPRESS,2,5.0,90.0,510.0,84.59949541150422,14,0,Monday,0,25.6,1.5,4.0,40,Light Rain,1,13.5,20.8,MEDIUM
IR-12346,3,EXPRESS,2,5.0,90.0,510.0,84.46121279974322,18,1,Monday,0,28.8,1.5,4.0,40,Light Rain,3,13.7,21.1,HIGH
IR-12346,3,EXPRESS,2,5.0,90.0,510.0,86.98985975713755,22,0,Monday,0,32.0,1.5,4.0,40,Light Rain,1,10.4,16.0,MEDIUM
IR-12346,3,EXPRESS,2,5.0,90.0,510.0,84.38095931826088,8,1,Tuesday,0,20.8,0.0,9.0,10,Clear,3,13.8,21.2,HIGH
IR-12346,3,EXPRESS,2,5.0,90.0,510.0,87.0773914666197,11,0,Tuesday,0,23.2,0.0,9.0,10,Clear,1,10.3,15.8,MEDIUM
IR-12346,3,EXPRESS,2,5.0,90.0,510.0,85.61695011425515,14,0,Tuesday,0,25.6,0.0,9.0,10,Clear,1,12.2,18.8,MEDIUM
IR-12346,3,EXPRESS,2,5.0,90.0,510.0,83.061711143445,18,1,Tuesday,0,28.8,0.0,9.0,10,Clear,3,15.5,23.9,HIGH
IR-12346,3,EXPRESS,2,5.0,90.0,510.0,87.69886494787475,22,0,Tuesday,0,32.0,0.0,9.0,10,Clear,1,9.5,14.6,MEDIUM
IR-12346,3,EXPRESS,2,5.0,90.0,510.0,85.46737975813775,8,1,Wednesday,0,20.8,0.0,9.0,10,Clear,3,12.4,19.1,HIGH
IR-12346,3,EXPRESS,2,5.0,90.0,510.0,87.1091683829587,11,0,Wednesday,0,23.2,0.0,9.0,10,Clear,1,10.3,15.8,MEDIUM
IR-12346,3,EXPRESS,2,5.0,90.0,510.0,87.42752314206312,14,0,Wednesday,0,25.6,0.0,9.0,10,Clear,1,9.8,15.1,MEDIUM
IR-12346,3,EXPRESS,2,5.0,90.0,510.0,85.54161513534403,18,1,Wednesday,0,28.8,0.0,9.0,10,Clear,3,12.3,18.9,HIGH
IR-12346,3,EXPRESS,2,5.0,90.0,510.0,85.53761802384588,22,0,Wednesday,0,32.0,0.0,9.0,10,Clear,1,12.3,18.9,MEDIUM
IR-12346,3,EXPRESS,2,5.0,90.0,510.0,82.78094554020768,8,1,Thursday,0,20.8,0.0,1.5,65,Foggy,3,15.9,24.4,HIGH
IR-12346,3,EXPRESS,2,5.0,90.0,510.0,85.1945490469365,11,0,Thursday,0,23.2,1.5,4.0,40,Light Rain,1,12.7,19.6,MEDIUM
IR-12346,3,EXPRESS,2,5.0,90.0,510.0,83.7570094466677,14,0,Thursday,0,25.6,1.5,4.0,40,Light Rain,1,14.6,22.5,MEDIUM
IR-12346,3,EXPRESS,2,5.0,90.0,510.0,86.03896144637245,18,1,Thursday,0,28.8,1.5,4.0,40,Light Rain,3,11.6,17.9,HIGH
IR-12346,3,EXPRESS,2,5.0,90.0,510.0,87.26119766444128,22,0,Thursday,0,32.0,1.5,4.0,40,Light Rain,1,10.1,15.5,MEDIUM
IR-12346,3,EXPRESS,2,5.0,90.0,510.0,85.54829526624198,8,1,Friday,0,20.8,0.0,9.0,10,Clear,3,12.3,18.9,HIGH
IR-12346,3,EXPRESS,2,5.0,90.0,510.0,88.4350946104107,11,0,Friday,0,23.2,0.0,9.0,10,Clear,1,8.5,13.1,MEDIUM
IR-12346,3,EXPRESS,2,5.0,90.0,510.0,83.68444924825593,14,0,Friday,0,25.6,0.0,9.0,10,Clear,1,14.7,22.6,MEDIUM
IR-12346,3,EXPRESS,2,5.0,90.0,510.0,85.58493827829557,18,1,Friday,0,28.8,0.0,9.0,10,Clear,3,12.2,18.8,HIGH
IR-12346,3,EXPRESS,2,5.0,90.0,510.0,85.78261061257741,22,0,Friday,0,32.0,0.0,9.0,10,Clear,1,12.0,18.4,MEDIUM
IR-12346,3,EXPRESS,2,5.0,90.0,510.0,81.74686439001805,8,1,Saturday,1,20.8,0.0,9.0,10,Clear,3,17.2,26.5,HIGH
IR-12346,3,EXPRESS,2,5.0,90.0,510.0,88.85706597066792,11,0,Saturday,1,23.2,0.0,9.0,10,Clear,1,8.0,12.3,MEDIUM
IR-12346,3,EXPRESS,2,5.0,90.0,510.0,84.90627103978036,14,0,Saturday,1,25.6,0.0,9.0,10,Clear,1,13.1,20.2,MEDIUM
IR-12346,3,EXPRESS,2,5.0,90.0,510.0,82.11343982683397,18,1,Saturday,1,28.8,0.0,9.0,10,Clear,3,16.8,25.8,HIGH
IR-12346,3,EXPRESS,2,5.0,90.0,510.0,88.8499294954968,22,0,Saturday,1,32.0,0.0,9.0,10,Clear,1,8.0,12.3,MEDIUM
IR-12346,3,EXPRESS,2,5.0,90.0,510.0,81.55846149228978,8,1,Sunday,1,20.8,0.0,1.5,65,Foggy,3,17.5,26.9,HIGH
IR-12346,3,EXPRESS,2,5.0,90.0,510.0,86.60548334196555,11,0,Sunday,1,23.2,1.5,4.0,40,Light Rain,1,10.9,16.8,MEDIUM
IR-12346,3,EXPRESS,2,5.0,90.0,510.0,85.93974967381584,14,0,Sunday,1,25.6,1.5,4.0,40,Light Rain,1,11.8,18.1,MEDIUM
IR-12346,3,EXPRESS,2,5.0,90.0,510.0,82.44713782532145,18,1,Sunday,1,28.8,1.5,4.0,40,Light Rain,3,16.3,25.1,HIGH
IR-12346,3,EXPRESS,2,5.0,90.0,510.0,86.75617375794425,22,0,Sunday,1,32.0,1.5,4.0,40,Light Rain,1,10.7,16.5,MEDIUM
IR-12346,3,EXPRESS,3,5.0,135.0,465.0,73.65596788100362,8,1,Monday,0,20.8,0.0,1.5,65,Foggy,3,27.7,42.7,HIGH
IR-12346,3,EXPRESS,3,5.0,135.0,465.0,77.74044820692336,11,0,Monday,0,23.2,1.5,4.0,40,Light Rain,1,22.4,34.5,HIGH
IR-12346,3,EXPRESS,3,5.0,135.0,465.0,77.48202856955824,14,0,Monday,0,25.6,1.5,4.0,40,Light Rain,1,22.8,35.0,HIGH
IR-12346,3,EXPRESS,3,5.0,135.0,465.0,73.34772470332331,18,1,Monday,0,28.8,1.5,4.0,40,Light Rain,3,28.1,43.3,HIGH
IR-12346,3,EXPRESS,3,5.0,135.0,465.0,76.3923010271632,22,0,Monday,0,32.0,1.5,4.0,40,Light Rain,1,24.2,37.2,HIGH
IR-12346,3,EXPRESS,3,5.0,135.0,465.0,76.4228057819181,8,1,Tuesday,0,20.8,0.0,9.0,10,Clear,3,24.2,37.2,HIGH
IR-12346,3,EXPRESS,3,5.0,135.0,465.0,80.16985971607608,11,0,Tuesday,0,23.2,0.0,9.0,10,Clear,1,19.3,29.7,HIGH
IR-12346,3,EXPRESS,3,5.0,135.0,465.0,79.5339056207345,14,0,Tuesday,0,25.6,0.0,9.0,10,Clear,1,20.1,30.9,HIGH
IR-12346,3,EXPRESS,3,5.0,135.0,465.0,73.75942649241725,18,1,Tuesday,0,28.8,0.0,9.0,10,Clear,3,27.6,42.5,HIGH
IR-12346,3,EXPRESS,3,5.0,135.0,465.0,78.49974011685228,22,0,Tuesday,0,32.0,0.0,9.0,10,Clear,1,21.5,33.0,HIGH
IR-12346,3,EXPRESS,3,5.0,135.0,465.0,76.53313003472097,8,1,Wednesday,0,20.8,0.0,9.0,10,Clear,3,24.0,36.9,HIGH
IR-12346,3,EXPRESS,3,5.0,135.0,465.0,75.43164273283969,11,0,Wednesday,0,23.2,0.0,9.0,10,Clear,1,25.4,39.1,HIGH
IR-12346,3,EXPRESS,3,5.0,135.0,465.0,76.28700024939846,14,0,Wednesday,0,25.6,0.0,9.0,10,Clear,1,24.3,37.4,HIGH
IR-12346,3,EXPRESS,3,5.0,135.0,465.0,77.94316038396447,18,1,Wednesday,0,28.8,0.0,9.0,10,Clear,3,22.2,34.1,HIGH
IR-12346,3,EXPRESS,3,5.0,135.0,465.0,80.41684328345286,22,0,Wednesday,0,32.0,0.0,9.0,10,Clear,1,19.0,29.2,HIGH
IR-12346,3,EXPRESS,3,5.0,135.0,465.0,74.14400102689564,8,1,Thursday,0,20.8,0.0,1.5,65,Foggy,3,27.1,41.7,HIGH
IR-12346,3,EXPRESS,3,5.0,135.0,465.0,76.6175194296034,11,0,Thursday,0,23.2,1.5,4.0,40,Light Rain,1,23.9,36.8,HIGH
IR-12346,3,EXPRESS,3,5.0,135.0,465.0,78.48372147112502,14,0,Thursday,0,25.6,1.5,4.0,40,Light Rain,1,21.5,33.0,HIGH
IR-12346,3,EXPRESS,3,5.0,135.0,465.0,74.69625110147726,18,1,Thursday,0,28.8,1.5,4.0,40,Light Rain,3,26.4,40.6,HIGH
IR-12346,3,EXPRESS,3,5.0,135.0,465.0,80.60370972995065,22,0,Thursday,0,32.0,1.5,4.0,40,Light Rain,1,18.7,28.8,HIGH
IR-12346,3,EXPRESS,3,5.0,135.0,465.0,75.68535620054776,8,1,Friday,0,20.8,0.0,9.0,10,Clear,3,25.1,38.6,HIGH
IR-12346,3,EXPRESS,3,5.0,135.0,465.0,78.75700869427564,11,0,Friday,0,23.2,0.0,9.0,10,Clear,1,21.1,32.5,HIGH
IR-12346,3,EXPRESS,3,5.0,135.0,465.0,78.60368453024338,14,0,Friday,0,25.6,0.0,9.0,10,Clear,1,21.3,32.8,HIGH
IR-12346,3,EXPRESS,3,5.0,135.0,465.0,76.6247062120486,18,1,Friday,0,28.8,0.0,9.0,10,Clear,3,23.9,36.8,HIGH
IR-12346,3,EXPRESS,3,5.0,135.0,465.0,76.77896825569866,22,0,Friday,0,32.0,0.0,9.0,10,Clear,1,23.7,36.4,HIGH
IR-12346,3,EXPRESS,3,5.0,135.0,465.0,76.20878535054791,8,1,Saturday,1,20.8,0.0,9.0,10,Clear,3,24.4,37.6,HIGH
IR-12346,3,EXPRESS,3,5.0,135.0,465.0,79.10595437795968,11,0,Saturday,1,23.2,0.0,9.0,10,Clear,1,20.7,31.8,HIGH
IR-12346,3,EXPRESS,3,5.0,135.0,465.0,79.60074203751543,14,0,Saturday,1,25.6,0.0,9.0,10,Clear,1,20.0,30.8,HIGH
IR-12346,3,EXPRESS,3,5.0,135.0,465.0,78.33804323337951,18,1,Saturday,1,28.8,0.0,9.0,10,Clear,3,21.7,33.3,HIGH
IR-12346,3,EXPRESS,3,5.0,135.0,465.0,79.57769736619515,22,0,Saturday,1,32.0,0.0,9.0,10,Clear,1,20.0,30.8,HIGH
IR-12346,3,EXPRESS,3,5.0,135.0,465.0,73.65071148678742,8,1,Sunday,1,20.8,0.0,1.5,65,Foggy,3,27.8,42.7,HIGH
IR-12346,3,EXPRESS,3,5.0,135.0,465.0,81.16034659780175,11,0,Sunday,1,23.2,1.5,4.0,40,Light Rain,1,18.0,27.7,HIGH
IR-12346,3,EXPRESS,3,5.0,135.0,465.0,76.2509175004889,14,0,Sunday,1,25.6,1.5,4.0,40,Light Rain,1,24.4,37.5,HIGH
IR-12346,3,EXPRESS,3,5.0,135.0,465.0,75.52755425575434,18,1,Sunday,1,28.8,1.5,4.0,40,Light Rain,3,25.3,38.9,HIGH
IR-12346,3,EXPRESS,3,5.0,135.0,465.0,78.21331434011115,22,0,Sunday,1,32.0,1.5,4.0,40,Light Rain,1,21.8,33.6,HIGH
IR-12346,3,EXPRESS,4,5.0,180.0,420.0,72.59148846655131,8,1,Monday,0,20.8,0.0,1.5,65,Foggy,3,29.1,44.8,HIGH
IR-12346,3,EXPRESS,4,5.0,180.0,420.0,75.93281600540705,11,0,Monday,0,23.2,1.5,4.0,40,Light Rain,1,24.8,38.1,HIGH
IR-12346,3,EXPRESS,4,5.0,180.0,420.0,74.24335217190225,14,0,Monday,0,25.6,1.5,4.0,40,Light Rain,1,27.0,41.5,HIGH
IR-12346,3,EXPRESS,4,5.0,180.0,420.0,70.39920261157133,18,1,Monday,0,28.8,1.5,4.0,40,Light Rain,3,32.0,49.2,HIGH
IR-12346,3,EXPRESS,4,5.0,180.0,420.0,74.20977775895747,22,0,Monday,0,32.0,1.5,4.0,40,Light Rain,1,27.0,41.6,HIGH
IR-12346,3,EXPRESS,4,5.0,180.0,420.0,72.69968034131311,8,1,Tuesday,0,20.8,0.0,9.0,10,Clear,3,29.0,44.6,HIGH
IR-12346,3,EXPRESS,4,5.0,180.0,420.0,74.7668158985065,11,0,Tuesday,0,23.2,0.0,9.0,10,Clear,1,26.3,40.5,HIGH
IR-12346,3,EXPRESS,4,5.0,180.0,420.0,75.27944365555751,14,0,Tuesday,0,25.6,0.0,9.0,10,Clear,1,25.6,39.4,HIGH
IR-12346,3,EXPRESS,4,5.0,180.0,420.0,70.93503592217331,18,1,Tuesday,0,28.8,0.0,9.0,10,Clear,3,31.3,48.1,HIGH
IR-12346,3,EXPRESS,4,5.0,180.0,420.0,77.14171196582485,22,0,Tuesday,0,32.0,0.0,9.0,10,Clear,1,23.2,35.7,HIGH
IR-12346,3,EXPRESS,4,5.0,180.0,420.0,71.24474919501347,8,1,Wednesday,0,20.8,0.0,9.0,10,Clear,3,30.9,47.5,HIGH
IR-12346,3,EXPRESS,4,5.0,180.0,420.0,76.27744903084232,11,0,Wednesday,0,23.2,0.0,9.0,10,Clear,1,24.3,37.4,HIGH
IR-12346,3,EXPRESS,4,5.0,180.0,420.0,73.13713655923259,14,0,Wednesday,0,25.6,0.0,9.0,10,Clear,1,28.4,43.7,HIGH
IR-12346,3,EXPRESS,4,5.0,180.0,420.0,74.76438092054703,18,1,Wednesday,0,28.8,0.0,9.0,10,Clear,3,26.3,40.5,HIGH
IR-12346,3,EXPRESS,4,5.0,180.0,420.0,77.37815873377951,22,0,Wednesday,0,32.0,0.0,9.0,10,Clear,1,22.9,35.2,HIGH
IR-12346,3,EXPRESS,4,5.0,180.0,420.0,71.22623737862925,8,1,Thursday,0,20.8,0.0,1.5,65,Foggy,3,30.9,47.5,HIGH
IR-12346,3,EXPRESS,4,5.0,180.0,420.0,75.27143859453011,11,0,Thursday,0,23.2,1.5,4.0,40,Light Rain,1,25.6,39.5,HIGH
IR-12346,3,EXPRESS,4,5.0,180.0,420.0,75.57702492129906,14,0,Thursday,0,25.6,1.5,4.0,40,Light Rain,1,25.2,38.8,HIGH
IR-12346,3,EXPRESS,4,5.0,180.0,420.0,71.8954131621496,18,1,Thursday,0,28.8,1.5,4.0,40,Light Rain,3,30.0,46.2,HIGH
IR-12346,3,EXPRESS,4,5.0,180.0,420.0,73.70070943700188,22,0,Thursday,0,32.0,1.5,4.0,40,Light Rain,1,27.7,42.6,HIGH
IR-12346,3,EXPRESS,4,5.0,180.0,420.0,70.09398590519976,8,1,Friday,0,20.8,0.0,9.0,10,Clear,3,32.4,49.8,HIGH
IR-12346,3,EXPRESS,4,5.0,180.0,420.0,75.23454632064872,11,0,Friday,0,23.2,0.0,9.0,10,Clear,1,25.7,39.5,HIGH
IR-12346,3,EXPRESS,4,5.0,180.0,420.0,74.47517676200479,14,0,Friday,0,25.6,0.0,9.0,10,Clear,1,26.7,41.0,HIGH
IR-12346,3,EXPRESS,4,5.0,180.0,420.0,72.00982789928833,18,1,Friday,0,28.8,0.0,9.0,10,Clear,3,29.9,46.0,HIGH
IR-12346,3,EXPRESS,4,5.0,180.0,420.0,75.09555826369541,22,0,Friday,0,32.0,0.0,9.0,10,Clear,1,25.9,39.8,HIGH
IR-12346,3,EXPRESS,4,5.0,180.0,420.0,73.14432680424505,8,1,Saturday,1,20.8,0.0,9.0,10,Clear,3,28.4,43.7,HIGH
IR-12346,3,EXPRESS,4,5.0,180.0,420.0,76.39830101159875,11,0,Saturday,1,23.2,0.0,9.0,10,Clear,1,24.2,37.2,HIGH
IR-12346,3,EXPRESS,4,5.0,180.0,420.0,76.27947428985621,14,0,Saturday,1,25.6,0.0,9.0,10,Clear,1,24.3,37.4,HIGH
IR-12346,3,EXPRESS,4,5.0,180.0,420.0,73.6669369804311,18,1,Saturday,1,28.8,0.0,9.0,10,Clear,3,27.7,42.7,HIGH
IR-12346,3,EXPRESS,4,5.0,180.0,420.0,71.87070398345719,22,0,Saturday,1,32.0,0.0,9.0,10,Clear,1,30.1,46.3,HIGH
IR-12346,3,EXPRESS,4,5.0,180.0,420.0,71.60984654536922,8,1,Sunday,1,20.8,0.0,1.5,65,Foggy,3,30.4,46.8,HIGH
IR-12346,3,EXPRESS,4,5.0,180.0,420.0,76.20615875729816,11,0,Sunday,1,23.2,1.5,4.0,40,Light Rain,1,24.4,37.6,HIGH
IR-12346,3,EXPRESS,4,5.0,180.0,420.0,73.43086125731102,14,0,Sunday,1,25.6,1.5,4.0,40,Light Rain,1,28.0,43.1,HIGH
IR-12346,3,EXPRESS,4,5.0,180.0,420.0,70.52688901729312,18,1,Sunday,1,28.8,1.5,4.0,40,Light Rain,3,31.8,48.9,HIGH
IR-12346,3,EXPRESS,4,5.0,180.0,420.0,75.75313837110602,22,0,Sunday,1,32.0,1.5,4.0,40,Light Rain,1,25.0,38.5,HIGH
IR-12346,3,EXPRESS,5,5.0,225.0,375.0,64.47391817586713,8,1,Monday,0,20.8,0.0,1.5,65,Foggy,3,39.7,61.1,HIGH
IR-12346,3,EXPRESS,5,5.0,225.0,375.0,65.16376114320737,11,0,Monday,0,23.2,1.5,4.0,40,Light Rain,1,38.8,59.7,HIGH
IR-12346,3,EXPRESS,5,5.0,225.0,375.0,67.22054678177174,14,0,Monday,0,25.6,1.5,4.0,40,Light Rain,1,36.1,55.6,HIGH
IR-12346,3,EXPRESS,5,5.0,225.0,375.0,62.35995336984993,18,1,Monday,0,28.8,1.5,4.0,40,Light Rain,3,42.4,65.3,HIGH
IR-12346,3,EXPRESS,5,5.0,225.0,375.0,65.25416592502113,22,0,Monday,0,32.0,1.5,4.0,40,Light Rain,1,38.7,59.5,HIGH
IR-12346,3,EXPRESS,5,5.0,225.0,375.0,63.83162946775063,8,1,Tuesday,0,20.8,0.0,9.0,10,Clear,3,40.5,62.3,HIGH
IR-12346,3,EXPRESS,5,5.0,225.0,375.0,67.13008651824381,11,0,Tuesday,0,23.2,0.0,9.0,10,Clear,1,36.2,55.7,HIGH
IR-12346,3,EXPRESS,5,5.0,225.0,375.0,66.49426430974256,14,0,Tuesday,0,25.6,0.0,9.0,10,Clear,1,37.1,57.0,HIGH
IR-12346,3,EXPRESS,5,5.0,225.0,375.0,64.03103229959265,18,1,Tuesday,0,28.8,0.0,9.0,10,Clear,3,40.3,61.9,HIGH
IR-12346,3,EXPRESS,5,5.0,225.0,375.0,67.94379753532206,22,0,Tuesday,0,32.0,0.0,9.0,10,Clear,1,35.2,54.1,HIGH
IR-12346,3,EXPRESS,5,5.0,225.0,375.0,63.95386611039842,8,1,Wednesday,0,20.8,0.0,9.0,10,Clear,3,40.4,62.1,HIGH
IR-12346,3,EXPRESS,5,5.0,225.0,375.0,66.89828175377866,11,0,Wednesday,0,23.2,0.0,9.0,10,Clear,1,36.5,56.2,HIGH
IR-12346,3,EXPRESS,5,5.0,225.0,375.0,69.14730425433719,14,0,Wednesday,0,25.6,0.0,9.0,10,Clear,1,33.6,51.7,HIGH
IR-12346,3,EXPRESS,5,5.0,225.0,375.0,65.34459874485991,18,1,Wednesday,0,28.8,0.0,9.0,10,Clear,3,38.6,59.3,HIGH
IR-12346,3,EXPRESS,5,5.0,225.0,375.0,68.71596222988516,22,0,Wednesday,0,32.0,0.0,9.0,10,Clear,1,34.2,52.6,HIGH
IR-12346,3,EXPRESS,5,5.0,225.0,375.0,63.23694385219601,8,1,Thursday,0,20.8,0.0,1.5,65,Foggy,3,41.3,63.5,HIGH
IR-12346,3,EXPRESS,5,5.0,225.0,375.0,66.94147959714307,11,0,Thursday,0,23.2,1.5,4.0,40,Light Rain,1,36.5,56.1,HIGH
IR-12346,3,EXPRESS,5,5.0,225.0,375.0,66.67817438069567,14,0,Thursday,0,25.6,1.5,4.0,40,Light Rain,1,36.8,56.6,HIGH
IR-12346,3,EXPRESS,5,5.0,225.0,375.0,63.02230443595348,18,1,Thursday,0,28.8,1.5,4.0,40,Light Rain,3,41.6,64.0,HIGH
IR-12346,3,EXPRESS,5,5.0,225.0,375.0,65.64934308664415,22,0,Thursday,0,32.0,1.5,4.0,40,Light Rain,1,38.2,58.7,HIGH
IR-12346,3,EXPRESS,5,5.0,225.0,375.0,62.84577936544833,8,1,Friday,0,20.8,0.0,9.0,10,Clear,3,41.8,64.3,HIGH
IR-12346,3,EXPRESS,5,5.0,225.0,375.0,69.97471857324754,11,0,Friday,0,23.2,0.0,9.0,10,Clear,1,32.5,50.1,HIGH
IR-12346,3,EXPRESS,5,5.0,225.0,375.0,65.91122955495472,14,0,Friday,0,25.6,0.0,9.0,10,Clear,1,37.8,58.2,HIGH
IR-12346,3,EXPRESS,5,5.0,225.0,375.0,64.22901680338649,18,1,Friday,0,28.8,0.0,9.0,10,Clear,3,40.0,61.5,HIGH
IR-12346,3,EXPRESS,5,5.0,225.0,375.0,67.89901904423786,22,0,Friday,0,32.0,0.0,9.0,10,Clear,1,35.2,54.2,HIGH
IR-12346,3,EXPRESS,5,5.0,225.0,375.0,64.34920757704218,8,1,Saturday,1,20.8,0.0,9.0,10,Clear,3,39.8,61.3,HIGH
IR-12346,3,EXPRESS,5,5.0,225.0,375.0,67.00393651374144,11,0,Saturday,1,23.2,0.0,9.0,10,Clear,1,36.4,56.0,HIGH
IR-12346,3,EXPRESS,5,5.0,225.0,375.0,66.25116492814864,14,0,Saturday,1,25.6,0.0,9.0,10,Clear,1,37.4,57.5,HIGH
IR-12346,3,EXPRESS,5,5.0,225.0,375.0,64.39887243709344,18,1,Saturday,1,28.8,0.0,9.0,10,Clear,3,39.8,61.2,HIGH
IR-12346,3,EXPRESS,5,5.0,225.0,375.0,66.06094390575205,22,0,Saturday,1,32.0,0.0,9.0,10,Clear,1,37.6,57.9,HIGH
IR-12346,3,EXPRESS,5,5.0,225.0,375.0,63.69433592880386,8,1,Sunday,1,20.8,0.0,1.5,65,Foggy,3,40.7,62.6,HIGH
IR-12346,3,EXPRESS,5,5.0,225.0,375.0,65.63423286121073,11,0,Sunday,1,23.2,1.5,4.0,40,Light Rain,1,38.2,58.7,HIGH
IR-12346,3,EXPRESS,5,5.0,225.0,375.0,67.94825196190233,14,0,Sunday,1,25.6,1.5,4.0,40,Light Rain,1,35.2,54.1,HIGH
IR-12346,3,EXPRESS,5,5.0,225.0,375.0,61.50751133807294,18,1,Sunday,1,28.8,1.5,4.0,40,Light Rain,3,43.5,67.0,HIGH
IR-12346,3,EXPRESS,5,5.0,225.0,375.0,65.47214289432314,22,0,Sunday,1,32.0,1.5,4.0,40,Light Rain,1,38.4,59.1,HIGH
IR-12346,3,EXPRESS,6,5.0,270.0,330.0,63.23414482706538,8,1,Monday,0,20.8,0.0,1.5,65,Foggy,3,41.3,63.5,HIGH
IR-12346,3,EXPRESS,6,5.0,270.0,330.0,66.34518436389999,11,0,Monday,0,23.2,1.5,4.0,40,Light Rain,1,37.3,57.3,HIGH
IR-12346,3,EXPRESS,6,5.0,270.0,330.0,66.35053684561834,14,0,Monday,0,25.6,1.5,4.0,40,Light Rain,1,37.2,57.3,HIGH
IR-12346,3,EXPRESS,6,5.0,270.0,330.0,62.061669630466085,18,1,Monday,0,28.8,1.5,4.0,40,Light Rain,3,42.8,65.9,HIGH
IR-12346,3,EXPRESS,6,5.0,270.0,330.0,65.43445769127857,22,0,Monday,0,32.0,1.5,4.0,40,Light Rain,1,38.4,59.1,HIGH
IR-12346,3,EXPRESS,6,5.0,270.0,330.0,64.15345054147045,8,1,Tuesday,0,20.8,0.0,9.0,10,Clear,3,40.1,61.7,HIGH
IR-12346,3,EXPRESS,6,5.0,270.0,330.0,69.73871213498178,11,0,Tuesday,0,23.2,0.0,9.0,10,Clear,1,32.8,50.5,HIGH
IR-12346,3,EXPRESS,6,5.0,270.0,330.0,66.92042575750125,14,0,Tuesday,0,25.6,0.0,9.0,10,Clear,1,36.5,56.2,HIGH
IR-12346,3,EXPRESS,6,5.0,270.0,330.0,65.33117173016116,18,1,Tuesday,0,28.8,0.0,9.0,10,Clear,3,38.6,59.3,HIGH
IR-12346,3,EXPRESS,6,5.0,270.0,330.0,66.86560588330397,22,0,Tuesday,0,32.0,0.0,9.0,10,Clear,1,36.6,56.3,HIGH
IR-12346,3,EXPRESS,6,5.0,270.0,330.0,64.65815372592819,8,1,Wednesday,0,20.8,0.0,9.0,10,Clear,3,39.4,60.7,HIGH
IR-12346,3,EXPRESS,6,5.0,270.0,330.0,64.988392092043,11,0,Wednesday,0,23.2,0.0,9.0,10,Clear,1,39.0,60.0,HIGH
IR-12346,3,EXPRESS,6,5.0,270.0,330.0,68.21295490366995,14,0,Wednesday,0,25.6,0.0,9.0,10,Clear,1,34.8,53.6,HIGH
IR-12346,3,EXPRESS,6,5.0,270.0,330.0,64.24725159386972,18,1,Wednesday,0,28.8,0.0,9.0,10,Clear,3,40.0,61.5,HIGH
IR-12346,3,EXPRESS,6,5.0,270.0,330.0,66.63119717565483,22,0,Wednesday,0,32.0,0.0,9.0,10,Clear,1,36.9,56.7,HIGH
IR-12346,3,EXPRESS,6,5.0,270.0,330.0,64.17442376669143,8,1,Thursday,0,20.8,0.0,1.5,65,Foggy,3,40.1,61.7,HIGH
IR-12346,3,EXPRESS,6,5.0,270.0,330.0,65.5996981389233,11,0,Thursday,0,23.2,1.5,4.0,40,Light Rain,1,38.2,58.8,HIGH
IR-12346,3,EXPRESS,6,5.0,270.0,330.0,68.18845805899238,14,0,Thursday,0,25.6,1.5,4.0,40,Light Rain,1,34.9,53.6,HIGH
IR-12346,3,EXPRESS,6,5.0,270.0,330.0,63.372985040868414,18,1,Thursday,0,28.8,1.5,4.0,40,Light Rain,3,41.1,63.3,HIGH
IR-12346,3,EXPRESS,6,5.0,270.0,330.0,66.47369332763262,22,0,Thursday,0,32.0,1.5,4.0,40,Light Rain,1,37.1,57.1,HIGH
IR-12346,3,EXPRESS,6,5.0,270.0,330.0,64.03845219140632,8,1,Friday,0,20.8,0.0,9.0,10,Clear,3,40.3,61.9,HIGH
IR-12346,3,EXPRESS,6,5.0,270.0,330.0,65.96680452688138,11,0,Friday,0,23.2,0.0,9.0,10,Clear,1,37.7,58.1,HIGH
IR-12346,3,EXPRESS,6,5.0,270.0,330.0,68.0869380094622,14,0,Friday,0,25.6,0.0,9.0,10,Clear,1,35.0,53.8,HIGH
IR-12346,3,EXPRESS,6,5.0,270.0,330.0,64.69590111653763,18,1,Friday,0,28.8,0.0,9.0,10,Clear,3,39.4,60.6,HIGH
IR-12346,3,EXPRESS,6,5.0,270.0,330.0,65.1691969086721,22,0,Friday,0,32.0,0.0,9.0,10,Clear,1,38.8,59.7,HIGH
IR-12346,3,EXPRESS,6,5.0,270.0,330.0,62.89506607845513,8,1,Saturday,1,20.8,0.0,9.0,10,Clear,3,41.7,64.2,HIGH
IR-12346,3,EXPRESS,6,5.0,270.0,330.0,66.40854670741726,11,0,Saturday,1,23.2,0.0,9.0,10,Clear,1,37.2,57.2,HIGH
IR-12346,3,EXPRESS,6,5.0,270.0,330.0,68.98716229570815,14,0,Saturday,1,25.6,0.0,9.0,10,Clear,1,33.8,52.0,HIGH
IR-12346,3,EXPRESS,6,5.0,270.0,330.0,62.75638673413453,18,1,Saturday,1,28.8,0.0,9.0,10,Clear,3,41.9,64.5,HIGH
IR-12346,3,EXPRESS,6,5.0,270.0,330.0,67.12676205588886,22,0,Saturday,1,32.0,0.0,9.0,10,Clear,1,36.2,55.7,HIGH
IR-12346,3,EXPRESS,6,5.0,270.0,330.0,65.81641758198523,8,1,Sunday,1,20.8,0.0,1.5,65,Foggy,3,37.9,58.4,HIGH
IR-12346,3,EXPRESS,6,5.0,270.0,330.0,66.70806696897719,11,0,Sunday,1,23.2,1.5,4.0,40,Light Rain,1,36.8,56.6,HIGH
IR-12346,3,EXPRESS,6,5.0,270.0,330.0,65.57236842774373,14,0,Sunday,1,25.6,1.5,4.0,40,Light Rain,1,38.3,58.9,HIGH
IR-12346,3,EXPRESS,6,5.0,270.0,330.0,63.862666958875465,18,1,Sunday,1,28.8,1.5,4.0,40,Light Rain,3,40.5,62.3,HIGH
IR-12346,3,EXPRESS,6,5.0,270.0,330.0,68.34774644621604,22,0,Sunday,1,32.0,1.5,4.0,40,Light Rain,1,34.6,53.3,HIGH
IR-12346,3,EXPRESS,7,5.0,315.0,285.0,63.617520221702264,8,1,Monday,0,20.8,0.0,1.5,65,Foggy,3,40.8,62.8,HIGH
IR-12346,3,EXPRESS,7,5.0,315.0,285.0,66.91430555184903,11,0,Monday,0,23.2,1.5,4.0,40,Light Rain,1,36.5,56.2,HIGH
IR-12346,3,EXPRESS,7,5.0,315.0,285.0,67.15853420212912,14,0,Monday,0,25.6,1.5,4.0,40,Light Rain,1,36.2,55.7,HIGH
IR-12346,3,EXPRESS,7,5.0,315.0,285.0,64.09239584491866,18,1,Monday,0,28.8,1.5,4.0,40,Light Rain,3,40.2,61.8,HIGH
IR-12346,3,EXPRESS,7,5.0,315.0,285.0,65.79827092996771,22,0,Monday,0,32.0,1.5,4.0,40,Light Rain,1,38.0,58.4,HIGH
IR-12346,3,EXPRESS,7,5.0,315.0,285.0,65.86676017485132,8,1,Tuesday,0,20.8,0.0,9.0,10,Clear,3,37.9,58.3,HIGH
IR-12346,3,EXPRESS,7,5.0,315.0,285.0,68.93670772839621,11,0,Tuesday,0,23.2,0.0,9.0,10,Clear,1,33.9,52.1,HIGH
IR-12346,3,EXPRESS,7,5.0,315.0,285.0,68.48680411966058,14,0,Tuesday,0,25.6,0.0,9.0,10,Clear,1,34.5,53.0,HIGH
IR-12346,3,EXPRESS,7,5.0,315.0,285.0,65.02002702118685,18,1,Tuesday,0,28.8,0.0,9.0,10,Clear,3,39.0,60.0,HIGH
IR-12346,3,EXPRESS,7,5.0,315.0,285.0,64.8786949185072,22,0,Tuesday,0,32.0,0.0,9.0,10,Clear,1,39.2,60.2,HIGH
IR-12346,3,EXPRESS,7,5.0,315.0,285.0,64.87357380913011,8,1,Wednesday,0,20.8,0.0,9.0,10,Clear,3,39.2,60.3,HIGH
IR-12346,3,EXPRESS,7,5.0,315.0,285.0,67.29477458499633,11,0,Wednesday,0,23.2,0.0,9.0,10,Clear,1,36.0,55.4,HIGH
IR-12346,3,EXPRESS,7,5.0,315.0,285.0,68.79507701131081,14,0,Wednesday,0,25.6,0.0,9.0,10,Clear,1,34.1,52.4,HIGH
IR-12346,3,EXPRESS,7,5.0,315.0,285.0,62.66616264572332,18,1,Wednesday,0,28.8,0.0,9.0,10,Clear,3,42.0,64.7,HIGH
IR-12346,3,EXPRESS,7,5.0,315.0,285.0,66.9402629089581,22,0,Wednesday,0,32.0,0.0,9.0,10,Clear,1,36.5,56.1,HIGH
IR-12346,3,EXPRESS,7,5.0,315.0,285.0,63.749575866157656,8,1,Thursday,0,20.8,0.0,1.5,65,Foggy,3,40.6,62.5,HIGH
IR-12346,3,EXPRESS,7,5.0,315.0,285.0,68.66055673423995,11,0,Thursday,0,23.2,1.5,4.0,40,Light Rain,1,34.2,52.7,HIGH
IR-12346,3,EXPRESS,7,5.0,315.0,285.0,65.89843565170824,14,0,Thursday,0,25.6,1.5,4.0,40,Light Rain,1,37.8,58.2,HIGH
IR-12346,3,EXPRESS,7,5.0,315.0,285.0,63.37821358748269,18,1,Thursday,0,28.8,1.5,4.0,40,Light Rain,3,41.1,63.2,HIGH
IR-12346,3,EXPRESS,7,5.0,315.0,285.0,65.22017729967567,22,0,Thursday,0,32.0,1.5,4.0,40,Light Rain,1,38.7,59.6,HIGH
IR-12346,3,EXPRESS,7,5.0,315.0,285.0,64.45618687990073,8,1,Friday,0,20.8,0.0,9.0,10,Clear,3,39.7,61.1,HIGH
IR-12346,3,EXPRESS,7,5.0,315.0,285.0,67.54506628342669,11,0,Friday,0,23.2,0.0,9.0,10,Clear,1,35.7,54.9,HIGH
IR-12346,3,EXPRESS,7,5.0,315.0,285.0,67.18069341666786,14,0,Friday,0,25.6,0.0,9.0,10,Clear,1,36.2,55.6,HIGH
IR-12346,3,EXPRESS,7,5.0,315.0,285.0,65.50143386555297,18,1,Friday,0,28.8,0.0,9.0,10,Clear,3,38.3,59.0,HIGH
IR-12346,3,EXPRESS,7,5.0,315.0,285.0,69.24826855501443,22,0,Friday,0,32.0,0.0,9.0,10,Clear,1,33.5,51.5,HIGH
IR-12346,3,EXPRESS,7,5.0,315.0,285.0,65.2660309312132,8,1,Saturday,1,20.8,0.0,9.0,10,Clear,3,38.7,59.5,HIGH
IR-12346,3,EXPRESS,7,5.0,315.0,285.0,66.14077112366738,11,0,Saturday,1,23.2,0.0,9.0,10,Clear,1,37.5,57.7,HIGH
IR-12346,3,EXPRESS,7,5.0,315.0,285.0,68.92762225960065,14,0,Saturday,1,25.6,0.0,9.0,10,Clear,1,33.9,52.1,HIGH
IR-12346,3,EXPRESS,7,5.0,315.0,285.0,63.396902787939254,18,1,Saturday,1,28.8,0.0,9.0,10,Clear,3,41.1,63.2,HIGH
IR-12346,3,EXPRESS,7,5.0,315.0,285.0,68.02604891022656,22,0,Saturday,1,32.0,0.0,9.0,10,Clear,1,35.1,53.9,HIGH
IR-12346,3,EXPRESS,7,5.0,315.0,285.0,63.72538187773609,8,1,Sunday,1,20.8,0.0,1.5,65,Foggy,3,40.7,62.5,HIGH
IR-12346,3,EXPRESS,7,5.0,315.0,285.0,66.17169814796011,11,0,Sunday,1,23.2,1.5,4.0,40,Light Rain,1,37.5,57.7,HIGH
IR-12346,3,EXPRESS,7,5.0,315.0,285.0,67.87896250484035,14,0,Sunday,1,25.6,1.5,4.0,40,Light Rain,1,35.3,54.2,HIGH
IR-12346,3,EXPRESS,7,5.0,315.0,285.0,64.58945617294813,18,1,Sunday,1,28.8,1.5,4.0,40,Light Rain,3,39.5,60.8,HIGH
IR-12346,3,EXPRESS,7,5.0,315.0,285.0,67.15322648910728,22,0,Sunday,1,32.0,1.5,4.0,40,Light Rain,1,36.2,55.7,HIGH
IR-12346,3,EXPRESS,8,5.0,360.0,240.0,69.5976717117904,8,1,Monday,0,20.8,0.0,1.5,65,Foggy,3,33.0,50.8,HIGH
IR-12346,3,EXPRESS,8,5.0,360.0,240.0,71.27007935025813,11,0,Monday,0,23.2,1.5,4.0,40,Light Rain,1,30.8,47.5,HIGH
IR-12346,3,EXPRESS,8,5.0,360.0,240.0,75.27945214623846,14,0,Monday,0,25.6,1.5,4.0,40,Light Rain,1,25.6,39.4,HIGH
IR-12346,3,EXPRESS,8,5.0,360.0,240.0,70.14619280511187,18,1,Monday,0,28.8,1.5,4.0,40,Light Rain,3,32.3,49.7,HIGH
IR-12346,3,EXPRESS,8,5.0,360.0,240.0,73.628803446885,22,0,Monday,0,32.0,1.5,4.0,40,Light Rain,1,27.8,42.7,HIGH
IR-12346,3,EXPRESS,8,5.0,360.0,240.0,72.03958835229872,8,1,Tuesday,0,20.8,0.0,9.0,10,Clear,3,29.8,45.9,HIGH
IR-12346,3,EXPRESS,8,5.0,360.0,240.0,74.906929601998,11,0,Tuesday,0,23.2,0.0,9.0,10,Clear,1,26.1,40.2,HIGH
IR-12346,3,EXPRESS,8,5.0,360.0,240.0,75.58528239857026,14,0,Tuesday,0,25.6,0.0,9.0,10,Clear,1,25.2,38.8,HIGH
IR-12346,3,EXPRESS,8,5.0,360.0,240.0,72.29934747220796,18,1,Tuesday,0,28.8,0.0,9.0,10,Clear,3,29.5,45.4,HIGH
IR-12346,3,EXPRESS,8,5.0,360.0,240.0,74.3881263454191,22,0,Tuesday,0,32.0,0.0,9.0,10,Clear,1,26.8,41.2,HIGH
IR-12346,3,EXPRESS,8,5.0,360.0,240.0,70.86070448059067,8,1,Wednesday,0,20.8,0.0,9.0,10,Clear,3,31.4,48.3,HIGH
IR-12346,3,EXPRESS,8,5.0,360.0,240.0,76.05373762340679,11,0,Wednesday,0,23.2,0.0,9.0,10,Clear,1,24.6,37.9,HIGH
IR-12346,3,EXPRESS,8,5.0,360.0,240.0,73.95558170403555,14,0,Wednesday,0,25.6,0.0,9.0,10,Clear,1,27.4,42.1,HIGH
IR-12346,3,EXPRESS,8,5.0,360.0,240.0,72.464877049759,18,1,Wednesday,0,28.8,0.0,9.0,10,Clear,3,29.3,45.1,HIGH
IR-12346,3,EXPRESS,8,5.0,360.0,240.0,75.68794583825333,22,0,Wednesday,0,32.0,0.0,9.0,10,Clear,1,25.1,38.6,HIGH
IR-12346,3,EXPRESS,8,5.0,360.0,240.0,69.97797373092234,8,1,Thursday,0,20.8,0.0,1.5,65,Foggy,3,32.5,50.0,HIGH
IR-12346,3,EXPRESS,8,5.0,360.0,240.0,74.55197004894515,11,0,Thursday,0,23.2,1.5,4.0,40,Light Rain,1,26.6,40.9,HIGH
IR-12346,3,EXPRESS,8,5.0,360.0,240.0,73.23715833876675,14,0,Thursday,0,25.6,1.5,4.0,40,Light Rain,1,28.3,43.5,HIGH
IR-12346,3,EXPRESS,8,5.0,360.0,240.0,71.28957683741824,18,1,Thursday,0,28.8,1.5,4.0,40,Light Rain,3,30.8,47.4,HIGH
IR-12346,3,EXPRESS,8,5.0,360.0,240.0,76.02332341262945,22,0,Thursday,0,32.0,1.5,4.0,40,Light Rain,1,24.7,38.0,HIGH
IR-12346,3,EXPRESS,8,5.0,360.0,240.0,69.37576660240856,8,1,Friday,0,20.8,0.0,9.0,10,Clear,3,33.3,51.2,HIGH
IR-12346,3,EXPRESS,8,5.0,360.0,240.0,72.9629550698017,11,0,Friday,0,23.2,0.0,9.0,10,Clear,1,28.6,44.1,HIGH
IR-12346,3,EXPRESS,8,5.0,360.0,240.0,74.33775248522298,14,0,Friday,0,25.6,0.0,9.0,10,Clear,1,26.9,41.3,HIGH
IR-12346,3,EXPRESS,8,5.0,360.0,240.0,71.54144406351472,18,1,Friday,0,28.8,0.0,9.0,10,Clear,3,30.5,46.9,HIGH
IR-12346,3,EXPRESS,8,5.0,360.0,240.0,74.32913313460519,22,0,Friday,0,32.0,0.0,9.0,10,Clear,1,26.9,41.3,HIGH
IR-12346,3,EXPRESS,8,5.0,360.0,240.0,72.51425433412984,8,1,Saturday,1,20.8,0.0,9.0,10,Clear,3,29.2,45.0,HIGH
IR-12346,3,EXPRESS,8,5.0,360.0,240.0,74.8245642854106,11,0,Saturday,1,23.2,0.0,9.0,10,Clear,1,26.2,40.4,HIGH
IR-12346,3,EXPRESS,8,5.0,360.0,240.0,75.0169353930153,14,0,Saturday,1,25.6,0.0,9.0,10,Clear,1,26.0,40.0,HIGH
IR-12346,3,EXPRESS,8,5.0,360.0,240.0,72.31234661037955,18,1,Saturday,1,28.8,0.0,9.0,10,Clear,3,29.5,45.4,HIGH
IR-12346,3,EXPRESS,8,5.0,360.0,240.0,72.62136464372088,22,0,Saturday,1,32.0,0.0,9.0,10,Clear,1,29.1,44.8,HIGH
IR-12346,3,EXPRESS,8,5.0,360.0,240.0,69.48983825730484,8,1,Sunday,1,20.8,0.0,1.5,65,Foggy,3,33.2,51.0,HIGH
IR-12346,3,EXPRESS,8,5.0,360.0,240.0,74.6568719018642,11,0,Sunday,1,23.2,1.5,4.0,40,Light Rain,1,26.4,40.7,HIGH
IR-12346,3,EXPRESS,8,5.0,360.0,240.0,72.76599452138137,14,0,Sunday,1,25.6,1.5,4.0,40,Light Rain,1,28.9,44.5,HIGH
IR-12346,3,EXPRESS,8,5.0,360.0,240.0,69.13091846409642,18,1,Sunday,1,28.8,1.5,4.0,40,Light Rain,3,33.6,51.7,HIGH
IR-12346,3,EXPRESS,8,5.0,360.0,240.0,73.60101441266298,22,0,Sunday,1,32.0,1.5,4.0,40,Light Rain,1,27.8,42.8,HIGH
IR-12346,3,EXPRESS,9,5.0,405.0,195.0,64.06607109999621,8,1,Monday,0,20.8,0.0,1.5,65,Foggy,3,40.2,61.9,HIGH
IR-12346,3,EXPRESS,9,5.0,405.0,195.0,68.39227025921623,11,0,Monday,0,23.2,1.5,4.0,40,Light Rain,1,34.6,53.2,HIGH
IR-12346,3,EXPRESS,9,5.0,405.0,195.0,68.72619374401039,14,0,Monday,0,25.6,1.5,4.0,40,Light Rain,1,34.2,52.5,HIGH
IR-12346,3,EXPRESS,9,5.0,405.0,195.0,63.26462906068322,18,1,Monday,0,28.8,1.5,4.0,40,Light Rain,3,41.3,63.5,HIGH
IR-12346,3,EXPRESS,9,5.0,405.0,195.0,65.64614580834126,22,0,Monday,0,32.0,1.5,4.0,40,Light Rain,1,38.2,58.7,HIGH
IR-12346,3,EXPRESS,9,5.0,405.0,195.0,65.54531902126001,8,1,Tuesday,0,20.8,0.0,9.0,10,Clear,3,38.3,58.9,HIGH
IR-12346,3,EXPRESS,9,5.0,405.0,195.0,69.22504565959039,11,0,Tuesday,0,23.2,0.0,9.0,10,Clear,1,33.5,51.5,HIGH
IR-12346,3,EXPRESS,9,5.0,405.0,195.0,69.98567882975563,14,0,Tuesday,0,25.6,0.0,9.0,10,Clear,1,32.5,50.0,HIGH
IR-12346,3,EXPRESS,9,5.0,405.0,195.0,64.78025647948533,18,1,Tuesday,0,28.8,0.0,9.0,10,Clear,3,39.3,60.4,HIGH
IR-12346,3,EXPRESS,9,5.0,405.0,195.0,69.47124973297653,22,0,Tuesday,0,32.0,0.0,9.0,10,Clear,1,33.2,51.1,HIGH
IR-12346,3,EXPRESS,9,5.0,405.0,195.0,67.30339144951049,8,1,Wednesday,0,20.8,0.0,9.0,10,Clear,3,36.0,55.4,HIGH
IR-12346,3,EXPRESS,9,5.0,405.0,195.0,67.8412364316795,11,0,Wednesday,0,23.2,0.0,9.0,10,Clear,1,35.3,54.3,HIGH
IR-12346,3,EXPRESS,9,5.0,405.0,195.0,69.74468092373878,14,0,Wednesday,0,25.6,0.0,9.0,10,Clear,1,32.8,50.5,HIGH
IR-12346,3,EXPRESS,9,5.0,405.0,195.0,66.0192865161762,18,1,Wednesday,0,28.8,0.0,9.0,10,Clear,3,37.7,58.0,HIGH
IR-12346,3,EXPRESS,9,5.0,405.0,195.0,65.61105354633474,22,0,Wednesday,0,32.0,0.0,9.0,10,Clear,1,38.2,58.8,HIGH
IR-12346,3,EXPRESS,9,5.0,405.0,195.0,64.76067092469434,8,1,Thursday,0,20.8,0.0,1.5,65,Foggy,3,39.3,60.5,HIGH
IR-12346,3,EXPRESS,9,5.0,405.0,195.0,66.39807305390774,11,0,Thursday,0,23.2,1.5,4.0,40,Light Rain,1,37.2,57.2,HIGH
IR-12346,3,EXPRESS,9,5.0,405.0,195.0,67.1848788096531,14,0,Thursday,0,25.6,1.5,4.0,40,Light Rain,1,36.2,55.6,HIGH
IR-12346,3,EXPRESS,9,5.0,405.0,195.0,62.77809141566479,18,1,Thursday,0,28.8,1.5,4.0,40,Light Rain,3,41.9,64.4,HIGH
IR-12346,3,EXPRESS,9,5.0,405.0,195.0,67.5604341658536,22,0,Thursday,0,32.0,1.5,4.0,40,Light Rain,1,35.7,54.9,HIGH
IR-12346,3,EXPRESS,9,5.0,405.0,195.0,66.53202883496118,8,1,Friday,0,20.8,0.0,9.0,10,Clear,3,37.0,56.9,HIGH
IR-12346,3,EXPRESS,9,5.0,405.0,195.0,70.02392833627871,11,0,Friday,0,23.2,0.0,9.0,10,Clear,1,32.5,50.0,HIGH
IR-12346,3,EXPRESS,9,5.0,405.0,195.0,68.52148998974698,14,0,Friday,0,25.6,0.0,9.0,10,Clear,1,34.4,53.0,HIGH
IR-12346,3,EXPRESS,9,5.0,405.0,195.0,62.00493085668172,18,1,Friday,0,28.8,0.0,9.0,10,Clear,3,42.9,66.0,HIGH
IR-12346,3,EXPRESS,9,5.0,405.0,195.0,66.21859548776462,22,0,Friday,0,32.0,0.0,9.0,10,Clear,1,37.4,57.6,HIGH
IR-12346,3,EXPRESS,9,5.0,405.0,195.0,66.60182901091305,8,1,Saturday,1,20.8,0.0,9.0,10,Clear,3,36.9,56.8,HIGH
IR-12346,3,EXPRESS,9,5.0,405.0,195.0,66.4714234591792,11,0,Saturday,1,23.2,0.0,9.0,10,Clear,1,37.1,57.1,HIGH
IR-12346,3,EXPRESS,9,5.0,405.0,195.0,68.25621967681255,14,0,Saturday,1,25.6,0.0,9.0,10,Clear,1,34.8,53.5,HIGH
IR-12346,3,EXPRESS,9,5.0,405.0,195.0,65.717948186779,18,1,Saturday,1,28.8,0.0,9.0,10,Clear,3,38.1,58.6,HIGH
IR-12346,3,EXPRESS,9,5.0,405.0,195.0,66.77226323427412,22,0,Saturday,1,32.0,0.0,9.0,10,Clear,1,36.7,56.5,HIGH
IR-12346,3,EXPRESS,9,5.0,405.0,195.0,63.4346857618577,8,1,Sunday,1,20.8,0.0,1.5,65,Foggy,3,41.0,63.1,HIGH
IR-12346,3,EXPRESS,9,5.0,405.0,195.0,70.4362505713898,11,0,Sunday,1,23.2,1.5,4.0,40,Light Rain,1,31.9,49.1,HIGH
IR-12346,3,EXPRESS,9,5.0,405.0,195.0,67.50529638482561,14,0,Sunday,1,25.6,1.5,4.0,40,Light Rain,1,35.7,55.0,HIGH
IR-12346,3,EXPRESS,9,5.0,405.0,195.0,61.38043600521574,18,1,Sunday,1,28.8,1.5,4.0,40,Light Rain,3,43.7,67.2,HIGH
IR-12346,3,EXPRESS,9,5.0,405.0,195.0,68.3151224142734,22,0,Sunday,1,32.0,1.5,4.0,40,Light Rain,1,34.7,53.4,HIGH
IR-12346,3,EXPRESS,10,5.0,450.0,150.0,66.6155692870351,8,1,Monday,0,20.8,0.0,1.5,65,Foggy,3,36.9,56.8,HIGH
IR-12346,3,EXPRESS,10,5.0,450.0,150.0,70.55047925553805,11,0,Monday,0,23.2,1.5,4.0,40,Light Rain,1,31.8,48.9,HIGH
IR-12346,3,EXPRESS,10,5.0,450.0,150.0,70.47717209620679,14,0,Monday,0,25.6,1.5,4.0,40,Light Rain,1,31.9,49.0,HIGH
IR-12346,3,EXPRESS,10,5.0,450.0,150.0,67.67544477661386,18,1,Monday,0,28.8,1.5,4.0,40,Light Rain,3,35.5,54.6,HIGH
IR-12346,3,EXPRESS,10,5.0,450.0,150.0,69.83682243950402,22,0,Monday,0,32.0,1.5,4.0,40,Light Rain,1,32.7,50.3,HIGH
IR-12346,3,EXPRESS,10,5.0,450.0,150.0,68.84975169723455,8,1,Tuesday,0,20.8,0.0,9.0,10,Clear,3,34.0,52.3,HIGH
IR-12346,3,EXPRESS,10,5.0,450.0,150.0,73.92841141789181,11,0,Tuesday,0,23.2,0.0,9.0,10,Clear,1,27.4,42.1,HIGH
IR-12346,3,EXPRESS,10,5.0,450.0,150.0,70.19961184590878,14,0,Tuesday,0,25.6,0.0,9.0,10,Clear,1,32.2,49.6,HIGH
IR-12346,3,EXPRESS,10,5.0,450.0,150.0,69.99540029214393,18,1,Tuesday,0,28.8,0.0,9.0,10,Clear,3,32.5,50.0,HIGH
IR-12346,3,EXPRESS,10,5.0,450.0,150.0,72.8942162965736,22,0,Tuesday,0,32.0,0.0,9.0,10,Clear,1,28.7,44.2,HIGH
IR-12346,3,EXPRESS,10,5.0,450.0,150.0,69.51025008954944,8,1,Wednesday,0,20.8,0.0,9.0,10,Clear,3,33.1,51.0,HIGH
IR-12346,3,EXPRESS,10,5.0,450.0,150.0,70.59160594061234,11,0,Wednesday,0,23.2,0.0,9.0,10,Clear,1,31.7,48.8,HIGH
IR-12346,3,EXPRESS,10,5.0,450.0,150.0,71.64395676622905,14,0,Wednesday,0,25.6,0.0,9.0,10,Clear,1,30.4,46.7,HIGH
IR-12346,3,EXPRESS,10,5.0,450.0,150.0,67.44589710964424,18,1,Wednesday,0,28.8,0.0,9.0,10,Clear,3,35.8,55.1,HIGH
IR-12346,3,EXPRESS,10,5.0,450.0,150.0,70.0957148503732,22,0,Wednesday,0,32.0,0.0,9.0,10,Clear,1,32.4,49.8,HIGH
IR-12346,3,EXPRESS,10,5.0,450.0,150.0,65.7880751251783,8,1,Thursday,0,20.8,0.0,1.5,65,Foggy,3,38.0,58.4,HIGH
IR-12346,3,EXPRESS,10,5.0,450.0,150.0,68.95031061935602,11,0,Thursday,0,23.2,1.5,4.0,40,Light Rain,1,33.9,52.1,HIGH
IR-12346,3,EXPRESS,10,5.0,450.0,150.0,72.10481765588827,14,0,Thursday,0,25.6,1.5,4.0,40,Light Rain,1,29.8,45.8,HIGH
IR-12346,3,EXPRESS,10,5.0,450.0,150.0,65.97280159276417,18,1,Thursday,0,28.8,1.5,4.0,40,Light Rain,3,37.7,58.1,HIGH
IR-12346,3,EXPRESS,10,5.0,450.0,150.0,71.50304622362187,22,0,Thursday,0,32.0,1.5,4.0,40,Light Rain,1,30.5,47.0,HIGH
IR-12346,3,EXPRESS,10,5.0,450.0,150.0,68.84934825781527,8,1,Friday,0,20.8,0.0,9.0,10,Clear,3,34.0,52.3,HIGH
IR-12346,3,EXPRESS,10,5.0,450.0,150.0,69.19732684185124,11,0,Friday,0,23.2,0.0,9.0,10,Clear,1,33.5,51.6,HIGH
IR-12346,3,EXPRESS,10,5.0,450.0,150.0,68.6876556912689,14,0,Friday,0,25.6,0.0,9.0,10,Clear,1,34.2,52.6,HIGH
IR-12346,3,EXPRESS,10,5.0,450.0,150.0,70.09320044065123,18,1,Friday,0,28.8,0.0,9.0,10,Clear,3,32.4,49.8,HIGH
IR-12346,3,EXPRESS,10,5.0,450.0,150.0,70.36371870874851,22,0,Friday,0,32.0,0.0,9.0,10,Clear,1,32.0,49.3,HIGH
IR-12346,3,EXPRESS,10,5.0,450.0,150.0,67.53520509024942,8,1,Saturday,1,20.8,0.0,9.0,10,Clear,3,35.7,54.9,HIGH
IR-12346,3,EXPRESS,10,5.0,450.0,150.0,71.53939496590398,11,0,Saturday,1,23.2,0.0,9.0,10,Clear,1,30.5,46.9,HIGH
IR-12346,3,EXPRESS,10,5.0,450.0,150.0,71.00168555818038,14,0,Saturday,1,25.6,0.0,9.0,10,Clear,1,31.2,48.0,HIGH
IR-12346,3,EXPRESS,10,5.0,450.0,150.0,68.27464454442767,18,1,Saturday,1,28.8,0.0,9.0,10,Clear,3,34.7,53.5,HIGH
IR-12346,3,EXPRESS,10,5.0,450.0,150.0,72.30671986286882,22,0,Saturday,1,32.0,0.0,9.0,10,Clear,1,29.5,45.4,HIGH
IR-12346,3,EXPRESS,10,5.0,450.0,150.0,69.21137836750671,8,1,Sunday,1,20.8,0.0,1.5,65,Foggy,3,33.5,51.6,HIGH
IR-12346,3,EXPRESS,10,5.0,450.0,150.0,70.05442815107516,11,0,Sunday,1,23.2,1.5,4.0,40,Light Rain,1,32.4,49.9,HIGH
IR-12346,3,EXPRESS,10,5.0,450.0,150.0,72.13643686590189,14,0,Sunday,1,25.6,1.5,4.0,40,Light Rain,1,29.7,45.7,HIGH
IR-12346,3,EXPRESS,10,5.0,450.0,150.0,68.30695306736466,18,1,Sunday,1,28.8,1.5,4.0,40,Light Rain,3,34.7,53.4,HIGH
IR-12346,3,EXPRESS,10,5.0,450.0,150.0,70.24774579803623,22,0,Sunday,1,32.0,1.5,4.0,40,Light Rain,1,32.2,49.5,HIGH
IR-12346,3,EXPRESS,11,5.0,495.0,105.0,67.98640184408562,8,1,Monday,0,20.8,0.0,1.5,65,Foggy,3,35.1,54.0,HIGH
IR-12346,3,EXPRESS,11,5.0,495.0,105.0,72.12565391436034,11,0,Monday,0,23.2,1.5,4.0,40,Light Rain,1,29.7,45.7,HIGH
IR-12346,3,EXPRESS,11,5.0,495.0,105.0,70.87460400023693,14,0,Monday,0,25.6,1.5,4.0,40,Light Rain,1,31.4,48.3,HIGH
IR-12346,3,EXPRESS,11,5.0,495.0,105.0,69.11622561489081,18,1,Monday,0,28.8,1.5,4.0,40,Light Rain,3,33.6,51.8,HIGH
IR-12346,3,EXPRESS,11,5.0,495.0,105.0,72.78973756068811,22,0,Monday,0,32.0,1.5,4.0,40,Light Rain,1,28.9,44.4,HIGH
IR-12346,3,EXPRESS,11,5.0,495.0,105.0,71.29926339255067,8,1,Tuesday,0,20.8,0.0,9.0,10,Clear,3,30.8,47.4,HIGH
IR-12346,3,EXPRESS,11,5.0,495.0,105.0,73.28935860663512,11,0,Tuesday,0,23.2,0.0,9.0,10,Clear,1,28.2,43.4,HIGH
IR-12346,3,EXPRESS,11,5.0,495.0,105.0,75.12666838035193,14,0,Tuesday,0,25.6,0.0,9.0,10,Clear,1,25.8,39.7,HIGH
IR-12346,3,EXPRESS,11,5.0,495.0,105.0,70.00629316118408,18,1,Tuesday,0,28.8,0.0,9.0,10,Clear,3,32.5,50.0,HIGH
IR-12346,3,EXPRESS,11,5.0,495.0,105.0,73.34803699925733,22,0,Tuesday,0,32.0,0.0,9.0,10,Clear,1,28.1,43.3,HIGH
IR-12346,3,EXPRESS,11,5.0,495.0,105.0,70.56028690747547,8,1,Wednesday,0,20.8,0.0,9.0,10,Clear,3,31.8,48.9,HIGH
IR-12346,3,EXPRESS,11,5.0,495.0,105.0,73.09803578691074,11,0,Wednesday,0,23.2,0.0,9.0,10,Clear,1,28.5,43.8,HIGH
IR-12346,3,EXPRESS,11,5.0,495.0,105.0,75.71590275903453,14,0,Wednesday,0,25.6,0.0,9.0,10,Clear,1,25.1,38.6,HIGH
IR-12346,3,EXPRESS,11,5.0,495.0,105.0,68.93191499249889,18,1,Wednesday,0,28.8,0.0,9.0,10,Clear,3,33.9,52.1,HIGH
IR-12346,3,EXPRESS,11,5.0,495.0,105.0,73.70415150241551,22,0,Wednesday,0,32.0,0.0,9.0,10,Clear,1,27.7,42.6,HIGH
IR-12346,3,EXPRESS,11,5.0,495.0,105.0,67.53787996095161,8,1,Thursday,0,20.8,0.0,1.5,65,Foggy,3,35.7,54.9,HIGH
IR-12346,3,EXPRESS,11,5.0,495.0,105.0,73.8251518781311,11,0,Thursday,0,23.2,1.5,4.0,40,Light Rain,1,27.5,42.3,HIGH
IR-12346,3,EXPRESS,11,5.0,495.0,105.0,71.2276010844677,14,0,Thursday,0,25.6,1.5,4.0,40,Light Rain,1,30.9,47.5,HIGH
IR-12346,3,EXPRESS,11,5.0,495.0,105.0,69.33442382626464,18,1,Thursday,0,28.8,1.5,4.0,40,Light Rain,3,33.4,51.3,HIGH
IR-12346,3,EXPRESS,11,5.0,495.0,105.0,69.83290341876408,22,0,Thursday,0,32.0,1.5,4.0,40,Light Rain,1,32.7,50.3,HIGH
IR-12346,3,EXPRESS,11,5.0,495.0,105.0,70.65903554548159,8,1,Friday,0,20.8,0.0,9.0,10,Clear,3,31.6,48.7,HIGH
IR-12346,3,EXPRESS,11,5.0,495.0,105.0,70.94488953708941,11,0,Friday,0,23.2,0.0,9.0,10,Clear,1,31.3,48.1,HIGH
IR-12346,3,EXPRESS,11,5.0,495.0,105.0,72.0395659248674,14,0,Friday,0,25.6,0.0,9.0,10,Clear,1,29.8,45.9,HIGH
IR-12346,3,EXPRESS,11,5.0,495.0,105.0,70.06518283515655,18,1,Friday,0,28.8,0.0,9.0,10,Clear,3,32.4,49.9,HIGH
IR-12346,3,EXPRESS,11,5.0,495.0,105.0,70.73942618439409,22,0,Friday,0,32.0,0.0,9.0,10,Clear,1,31.5,48.5,HIGH
IR-12346,3,EXPRESS,11,5.0,495.0,105.0,69.51372127591249,8,1,Saturday,1,20.8,0.0,9.0,10,Clear,3,33.1,51.0,HIGH
IR-12346,3,EXPRESS,11,5.0,495.0,105.0,72.08468597720689,11,0,Saturday,1,23.2,0.0,9.0,10,Clear,1,29.8,45.8,HIGH
IR-12346,3,EXPRESS,11,5.0,495.0,105.0,74.37276463888749,14,0,Saturday,1,25.6,0.0,9.0,10,Clear,1,26.8,41.3,HIGH
IR-12346,3,EXPRESS,11,5.0,495.0,105.0,72.58393806859048,18,1,Saturday,1,28.8,0.0,9.0,10,Clear,3,29.1,44.8,HIGH
IR-12346,3,EXPRESS,11,5.0,495.0,105.0,74.02262405662735,22,0,Saturday,1,32.0,0.0,9.0,10,Clear,1,27.3,42.0,HIGH
IR-12346,3,EXPRESS,11,5.0,495.0,105.0,69.69320517339676,8,1,Sunday,1,20.8,0.0,1.5,65,Foggy,3,32.9,50.6,HIGH
IR-12346,3,EXPRESS,11,5.0,495.0,105.0,69.49431753820208,11,0,Sunday,1,23.2,1.5,4.0,40,Light Rain,1,33.2,51.0,HIGH
IR-12346,3,EXPRESS,11,5.0,495.0,105.0,73.55506656946186,14,0,Sunday,1,25.6,1.5,4.0,40,Light Rain,1,27.9,42.9,HIGH
IR-12346,3,EXPRESS,11,5.0,495.0,105.0,69.32874077953592,18,1,Sunday,1,28.8,1.5,4.0,40,Light Rain,3,33.4,51.3,HIGH
IR-12346,3,EXPRESS,11,5.0,495.0,105.0,71.98500844747008,22,0,Sunday,1,32.0,1.5,4.0,40,Light Rain,1,29.9,46.0,HIGH
IR-12346,3,EXPRESS,12,5.0,540.0,60.0,61.628644726403074,8,1,Monday,0,20.8,0.0,1.5,65,Foggy,3,43.4,66.7,HIGH
IR-12346,3,EXPRESS,12,5.0,540.0,60.0,64.02348788881812,11,0,Monday,0,23.2,1.5,4.0,40,Light Rain,1,40.3,62.0,HIGH
IR-12346,3,EXPRESS,12,5.0,540.0,60.0,63.68992536810951,14,0,Monday,0,25.6,1.5,4.0,40,Light Rain,1,40.7,62.6,HIGH
IR-12346,3,EXPRESS,12,5.0,540.0,60.0,61.117584795964014,18,1,Monday,0,28.8,1.5,4.0,40,Light Rain,3,44.0,67.8,HIGH
IR-12346,3,EXPRESS,12,5.0,540.0,60.0,64.46301793674209,22,0,Monday,0,32.0,1.5,4.0,40,Light Rain,1,39.7,61.1,HIGH
IR-12346,3,EXPRESS,12,5.0,540.0,60.0,63.55244093717995,8,1,Tuesday,0,20.8,0.0,9.0,10,Clear,3,40.9,62.9,HIGH
IR-12346,3,EXPRESS,12,5.0,540.0,60.0,65.6467130303161,11,0,Tuesday,0,23.2,0.0,9.0,10,Clear,1,38.2,58.7,HIGH
IR-12346,3,EXPRESS,12,5.0,540.0,60.0,64.70107000332132,14,0,Tuesday,0,25.6,0.0,9.0,10,Clear,1,39.4,60.6,HIGH
IR-12346,3,EXPRESS,12,5.0,540.0,60.0,62.677064517647935,18,1,Tuesday,0,28.8,0.0,9.0,10,Clear,3,42.0,64.6,HIGH
IR-12346,3,EXPRESS,12,5.0,540.0,60.0,66.50665858738354,22,0,Tuesday,0,32.0,0.0,9.0,10,Clear,1,37.0,57.0,HIGH
IR-12346,3,EXPRESS,12,5.0,540.0,60.0,62.516456383080666,8,1,Wednesday,0,20.8,0.0,9.0,10,Clear,3,42.2,65.0,HIGH
IR-12346,3,EXPRESS,12,5.0,540.0,60.0,65.65357995925726,11,0,Wednesday,0,23.2,0.0,9.0,10,Clear,1,38.2,58.7,HIGH
IR-12346,3,EXPRESS,12,5.0,540.0,60.0,65.23373068016184,14,0,Wednesday,0,25.6,0.0,9.0,10,Clear,1,38.7,59.5,HIGH
IR-12346,3,EXPRESS,12,5.0,540.0,60.0,63.07006525402686,18,1,Wednesday,0,28.8,0.0,9.0,10,Clear,3,41.5,63.9,HIGH
IR-12346,3,EXPRESS,12,5.0,540.0,60.0,63.48910842693276,22,0,Wednesday,0,32.0,0.0,9.0,10,Clear,1,41.0,63.0,HIGH
IR-12346,3,EXPRESS,12,5.0,540.0,60.0,60.35523575975287,8,1,Thursday,0,20.8,0.0,1.5,65,Foggy,3,45.0,69.3,HIGH
IR-12346,3,EXPRESS,12,5.0,540.0,60.0,65.72833952515407,11,0,Thursday,0,23.2,1.5,4.0,40,Light Rain,1,38.1,58.5,HIGH
IR-12346,3,EXPRESS,12,5.0,540.0,60.0,62.84439497915956,14,0,Thursday,0,25.6,1.5,4.0,40,Light Rain,1,41.8,64.3,HIGH
IR-12346,3,EXPRESS,12,5.0,540.0,60.0,60.15957176635247,18,1,Thursday,0,28.8,1.5,4.0,40,Light Rain,3,45.3,69.7,HIGH
IR-12346,3,EXPRESS,12,5.0,540.0,60.0,64.97984468552183,22,0,Thursday,0,32.0,1.5,4.0,40,Light Rain,1,39.0,60.0,HIGH
IR-12346,3,EXPRESS,12,5.0,540.0,60.0,60.81307757055159,8,1,Friday,0,20.8,0.0,9.0,10,Clear,3,44.4,68.4,HIGH
IR-12346,3,EXPRESS,12,5.0,540.0,60.0,65.10046239803725,11,0,Friday,0,23.2,0.0,9.0,10,Clear,1,38.9,59.8,HIGH
IR-12346,3,EXPRESS,12,5.0,540.0,60.0,66.98981488924467,14,0,Friday,0,25.6,0.0,9.0,10,Clear,1,36.4,56.0,HIGH
IR-12346,3,EXPRESS,12,5.0,540.0,60.0,61.898952609084745,18,1,Friday,0,28.8,0.0,9.0,10,Clear,3,43.0,66.2,HIGH
IR-12346,3,EXPRESS,12,5.0,540.0,60.0,66.51189383550226,22,0,Friday,0,32.0,0.0,9.0,10,Clear,1,37.0,57.0,HIGH
IR-12346,3,EXPRESS,12,5.0,540.0,60.0,62.103917166496515,8,1,Saturday,1,20.8,0.0,9.0,10,Clear,3,42.8,65.8,HIGH
IR-12346,3,EXPRESS,12,5.0,540.0,60.0,62.82312618943103,11,0,Saturday,1,23.2,0.0,9.0,10,Clear,1,41.8,64.4,HIGH
IR-12346,3,EXPRESS,12,5.0,540.0,60.0,64.62946889109786,14,0,Saturday,1,25.6,0.0,9.0,10,Clear,1,39.5,60.7,HIGH
IR-12346,3,EXPRESS,12,5.0,540.0,60.0,62.244372372250595,18,1,Saturday,1,28.8,0.0,9.0,10,Clear,3,42.6,65.5,HIGH
IR-12346,3,EXPRESS,12,5.0,540.0,60.0,66.02815958194464,22,0,Saturday,1,32.0,0.0,9.0,10,Clear,1,37.7,57.9,HIGH
IR-12346,3,EXPRESS,12,5.0,540.0,60.0,61.386409225625286,8,1,Sunday,1,20.8,0.0,1.5,65,Foggy,3,43.7,67.2,HIGH
IR-12346,3,EXPRESS,12,5.0,540.0,60.0,62.4471244701771,11,0,Sunday,1,23.2,1.5,4.0,40,Light Rain,1,42.3,65.1,HIGH
IR-12346,3,EXPRESS,12,5.0,540.0,60.0,64.1249857472505,14,0,Sunday,1,25.6,1.5,4.0,40,Light Rain,1,40.1,61.8,HIGH
IR-12346,3,EXPRESS,12,5.0,540.0,60.0,62.40885122205629,18,1,Sunday,1,28.8,1.5,4.0,40,Light Rain,3,42.4,65.2,HIGH
IR-12346,3,EXPRESS,12,5.0,540.0,60.0,65.03577962897961,22,0,Sunday,1,32.0,1.5,4.0,40,Light Rain,1,39.0,59.9,HIGH
IR-12346,3,EXPRESS,13,5.0,585.0,15.0,54.98877821337363,8,1,Monday,0,20.8,0.0,1.5,65,Foggy,3,52.0,80.0,HIGH
IR-12346,3,EXPRESS,13,5.0,585.0,15.0,59.916117565546244,11,0,Monday,0,23.2,1.5,4.0,40,Light Rain,1,45.6,70.2,HIGH
IR-12346,3,EXPRESS,13,5.0,585.0,15.0,59.38933749836334,14,0,Monday,0,25.6,1.5,4.0,40,Light Rain,1,46.3,71.2,HIGH
IR-12346,3,EXPRESS,13,5.0,585.0,15.0,56.909879126813685,18,1,Monday,0,28.8,1.5,4.0,40,Light Rain,3,49.5,76.2,HIGH
IR-12346,3,EXPRESS,13,5.0,585.0,15.0,57.622434013712216,22,0,Monday,0,32.0,1.5,4.0,40,Light Rain,1,48.6,74.8,HIGH
IR-12346,3,EXPRESS,13,5.0,585.0,15.0,56.21796621119193,8,1,Tuesday,0,20.8,0.0,9.0,10,Clear,3,50.4,77.6,HIGH
IR-12346,3,EXPRESS,13,5.0,585.0,15.0,59.68541304386542,11,0,Tuesday,0,23.2,0.0,9.0,10,Clear,1,45.9,70.6,HIGH
IR-12346,3,EXPRESS,13,5.0,585.0,15.0,59.128247513497314,14,0,Tuesday,0,25.6,0.0,9.0,10,Clear,1,46.6,71.7,HIGH
IR-12346,3,EXPRESS,13,5.0,585.0,15.0,57.55574479181789,18,1,Tuesday,0,28.8,0.0,9.0,10,Clear,3,48.7,74.9,HIGH
IR-12346,3,EXPRESS,13,5.0,585.0,15.0,61.78585572315668,22,0,Tuesday,0,32.0,0.0,9.0,10,Clear,1,43.2,66.4,HIGH
IR-12346,3,EXPRESS,13,5.0,585.0,15.0,55.52269615149248,8,1,Wednesday,0,20.8,0.0,9.0,10,Clear,3,51.3,79.0,HIGH
IR-12346,3,EXPRESS,13,5.0,585.0,15.0,60.1149224341414,11,0,Wednesday,0,23.2,0.0,9.0,10,Clear,1,45.4,69.8,HIGH
IR-12346,3,EXPRESS,13,5.0,585.0,15.0,58.63940861821885,14,0,Wednesday,0,25.6,0.0,9.0,10,Clear,1,47.3,72.7,HIGH
IR-12346,3,EXPRESS,13,5.0,585.0,15.0,56.436009958456324,18,1,Wednesday,0,28.8,0.0,9.0,10,Clear,3,50.1,77.1,HIGH
IR-12346,3,EXPRESS,13,5.0,585.0,15.0,58.897210442860576,22,0,Wednesday,0,32.0,0.0,9.0,10,Clear,1,46.9,72.2,HIGH
IR-12346,3,EXPRESS,13,5.0,585.0,15.0,54.540993293506524,8,1,Thursday,0,20.8,0.0,1.5,65,Foggy,3,52.6,80.9,HIGH
IR-12346,3,EXPRESS,13,5.0,585.0,15.0,60.15912932394555,11,0,Thursday,0,23.2,1.5,4.0,40,Light Rain,1,45.3,69.7,HIGH
IR-12346,3,EXPRESS,13,5.0,585.0,15.0,58.146013314047394,14,0,Thursday,0,25.6,1.5,4.0,40,Light Rain,1,47.9,73.7,HIGH
IR-12346,3,EXPRESS,13,5.0,585.0,15.0,54.842036946971284,18,1,Thursday,0,28.8,1.5,4.0,40,Light Rain,3,52.2,80.3,HIGH
IR-12346,3,EXPRESS,13,5.0,585.0,15.0,58.31933498313322,22,0,Thursday,0,32.0,1.5,4.0,40,Light Rain,1,47.7,73.4,HIGH
IR-12346,3,EXPRESS,13,5.0,585.0,15.0,55.18212533842579,8,1,Friday,0,20.8,0.0,9.0,10,Clear,3,51.8,79.6,HIGH
IR-12346,3,EXPRESS,13,5.0,585.0,15.0,57.829123270193264,11,0,Friday,0,23.2,0.0,9.0,10,Clear,1,48.3,74.3,HIGH
IR-12346,3,EXPRESS,13,5.0,585.0,15.0,58.695278296931484,14,0,Friday,0,25.6,0.0,9.0,10,Clear,1,47.2,72.6,HIGH
IR-12346,3,EXPRESS,13,5.0,585.0,15.0,55.55602235145429,18,1,Friday,0,28.8,0.0,9.0,10,Clear,3,51.3,78.9,HIGH
IR-12346,3,EXPRESS,13,5.0,585.0,15.0,59.46769553051564,22,0,Friday,0,32.0,0.0,9.0,10,Clear,1,46.2,71.1,HIGH
IR-12346,3,EXPRESS,13,5.0,585.0,15.0,56.40303556464212,8,1,Saturday,1,20.8,0.0,9.0,10,Clear,3,50.2,77.2,HIGH
IR-12346,3,EXPRESS,13,5.0,585.0,15.0,60.4874447453826,11,0,Saturday,1,23.2,0.0,9.0,10,Clear,1,44.9,69.0,HIGH
IR-12346,3,EXPRESS,13,5.0,585.0,15.0,59.4071288118228,14,0,Saturday,1,25.6,0.0,9.0,10,Clear,1,46.3,71.2,HIGH
IR-12346,3,EXPRESS,13,5.0,585.0,15.0,56.76739291328907,18,1,Saturday,1,28.8,0.0,9.0,10,Clear,3,49.7,76.5,HIGH
IR-12346,3,EXPRESS,13,5.0,585.0,15.0,60.92447369953588,22,0,Saturday,1,32.0,0.0,9.0,10,Clear,1,44.3,68.2,HIGH
IR-12346,3,EXPRESS,13,5.0,585.0,15.0,54.36568397277913,8,1,Sunday,1,20.8,0.0,1.5,65,Foggy,3,52.8,81.3,HIGH
IR-12346,3,EXPRESS,13,5.0,585.0,15.0,58.42205729665147,11,0,Sunday,1,23.2,1.5,4.0,40,Light Rain,1,47.6,73.2,HIGH
IR-12346,3,EXPRESS,13,5.0,585.0,15.0,59.34109003339413,14,0,Sunday,1,25.6,1.5,4.0,40,Light Rain,1,46.4,71.3,HIGH
IR-12346,3,EXPRESS,13,5.0,585.0,15.0,56.26175407745041,18,1,Sunday,1,28.8,1.5,4.0,40,Light Rain,3,50.4,77.5,HIGH
IR-12346,3,EXPRESS,13,5.0,585.0,15.0,59.58763889914098,22,0,Sunday,1,32.0,1.5,4.0,40,Light Rain,1,46.0,70.8,HIGH
IR-12346,3,EXPRESS,14,5.0,630.0,15.0,61.753342057651665,8,1,Monday,0,20.8,0.0,1.5,65,Foggy,3,43.2,66.5,HIGH
IR-12346,3,EXPRESS,14,5.0,630.0,15.0,63.116118100901886,11,0,Monday,0,23.2,1.5,4.0,40,Light Rain,1,41.4,63.8,HIGH
IR-12346,3,EXPRESS,14,5.0,630.0,15.0,64.36956082667052,14,0,Monday,0,25.6,1.5,4.0,40,Light Rain,1,39.8,61.3,HIGH
IR-12346,3,EXPRESS,14,5.0,630.0,15.0,60.98911976990466,18,1,Monday,0,28.8,1.5,4.0,40,Light Rain,3,44.2,68.0,HIGH
IR-12346,3,EXPRESS,14,5.0,630.0,15.0,65.39768350241502,22,0,Monday,0,32.0,1.5,4.0,40,Light Rain,1,38.5,59.2,HIGH
IR-12346,3,EXPRESS,14,5.0,630.0,15.0,63.16786533037903,8,1,Tuesday,0,20.8,0.0,9.0,10,Clear,3,41.4,63.7,HIGH
IR-12346,3,EXPRESS,14,5.0,630.0,15.0,66.76163640687389,11,0,Tuesday,0,23.2,0.0,9.0,10,Clear,1,36.7,56.5,HIGH
IR-12346,3,EXPRESS,14,5.0,630.0,15.0,62.90319326377984,14,0,Tuesday,0,25.6,0.0,9.0,10,Clear,1,41.7,64.2,HIGH
IR-12346,3,EXPRESS,14,5.0,630.0,15.0,62.62040556233791,18,1,Tuesday,0,28.8,0.0,9.0,10,Clear,3,42.1,64.8,HIGH
IR-12346,3,EXPRESS,14,5.0,630.0,15.0,64.197353000166,22,0,Tuesday,0,32.0,0.0,9.0,10,Clear,1,40.0,61.6,HIGH
IR-12346,3,EXPRESS,14,5.0,630.0,15.0,62.27970802751746,8,1,Wednesday,0,20.8,0.0,9.0,10,Clear,3,42.5,65.4,HIGH
IR-12346,3,EXPRESS,14,5.0,630.0,15.0,67.96987623594013,11,0,Wednesday,0,23.2,0.0,9.0,10,Clear,1,35.1,54.1,HIGH
IR-12346,3,EXPRESS,14,5.0,630.0,15.0,63.55861494200319,14,0,Wednesday,0,25.6,0.0,9.0,10,Clear,1,40.9,62.9,HIGH
IR-12346,3,EXPRESS,14,5.0,630.0,15.0,63.026057655432275,18,1,Wednesday,0,28.8,0.0,9.0,10,Clear,3,41.6,63.9,HIGH
IR-12346,3,EXPRESS,14,5.0,630.0,15.0,65.84187911831933,22,0,Wednesday,0,32.0,0.0,9.0,10,Clear,1,37.9,58.3,HIGH
IR-12346,3,EXPRESS,14,5.0,630.0,15.0,60.17743537562317,8,1,Thursday,0,20.8,0.0,1.5,65,Foggy,3,45.3,69.6,HIGH
IR-12346,3,EXPRESS,14,5.0,630.0,15.0,64.84082061686422,11,0,Thursday,0,23.2,1.5,4.0,40,Light Rain,1,39.2,60.3,HIGH
IR-12346,3,EXPRESS,14,5.0,630.0,15.0,64.13758647628119,14,0,Thursday,0,25.6,1.5,4.0,40,Light Rain,1,40.1,61.7,HIGH
IR-12346,3,EXPRESS,14,5.0,630.0,15.0,63.089690392735434,18,1,Thursday,0,28.8,1.5,4.0,40,Light Rain,3,41.5,63.8,HIGH
IR-12346,3,EXPRESS,14,5.0,630.0,15.0,63.90665002799007,22,0,Thursday,0,32.0,1.5,4.0,40,Light Rain,1,40.4,62.2,HIGH
IR-12346,3,EXPRESS,14,5.0,630.0,15.0,65.86072330708475,8,1,Friday,0,20.8,0.0,9.0,10,Clear,3,37.9,58.3,HIGH
IR-12346,3,EXPRESS,14,5.0,630.0,15.0,64.51319157548086,11,0,Friday,0,23.2,0.0,9.0,10,Clear,1,39.6,61.0,HIGH
IR-12346,3,EXPRESS,14,5.0,630.0,15.0,66.29185573312655,14,0,Friday,0,25.6,0.0,9.0,10,Clear,1,37.3,57.4,HIGH
IR-12346,3,EXPRESS,14,5.0,630.0,15.0,62.41035268445075,18,1,Friday,0,28.8,0.0,9.0,10,Clear,3,42.4,65.2,HIGH
IR-12346,3,EXPRESS,14,5.0,630.0,15.0,66.4932411704001,22,0,Friday,0,32.0,0.0,9.0,10,Clear,1,37.1,57.0,HIGH
IR-12346,3,EXPRESS,14,5.0,630.0,15.0,61.95230102885829,8,1,Saturday,1,20.8,0.0,9.0,10,Clear,3,43.0,66.1,HIGH
IR-12346,3,EXPRESS,14,5.0,630.0,15.0,66.68340151012309,11,0,Saturday,1,23.2,0.0,9.0,10,Clear,1,36.8,56.6,HIGH
IR-12346,3,EXPRESS,14,5.0,630.0,15.0,66.147944774835,14,0,Saturday,1,25.6,0.0,9.0,10,Clear,1,37.5,57.7,HIGH
IR-12346,3,EXPRESS,14,5.0,630.0,15.0,65.52645685698715,18,1,Saturday,1,28.8,0.0,9.0,10,Clear,3,38.3,58.9,HIGH
IR-12346,3,EXPRESS,14,5.0,630.0,15.0,66.75845079367983,22,0,Saturday,1,32.0,0.0,9.0,10,Clear,1,36.7,56.5,HIGH
IR-12346,3,EXPRESS,14,5.0,630.0,15.0,59.99359128490618,8,1,Sunday,1,20.8,0.0,1.5,65,Foggy,3,45.5,70.0,HIGH
IR-12346,3,EXPRESS,14,5.0,630.0,15.0,66.2559383946624,11,0,Sunday,1,23.2,1.5,4.0,40,Light Rain,1,37.4,57.5,HIGH
IR-12346,3,EXPRESS,14,5.0,630.0,15.0,64.74163272299202,14,0,Sunday,1,25.6,1.5,4.0,40,Light Rain,1,39.3,60.5,HIGH
IR-12346,3,EXPRESS,14,5.0,630.0,15.0,61.072338750536716,18,1,Sunday,1,28.8,1.5,4.0,40,Light Rain,3,44.1,67.9,HIGH
IR-12346,3,EXPRESS,14,5.0,630.0,15.0,65.07407104933328,22,0,Sunday,1,32.0,1.5,4.0,40,Light Rain,1,38.9,59.9,HIGH
IR-12346,3,EXPRESS,15,5.0,675.0,15.0,65.03904832629694,8,1,Monday,0,20.8,0.0,1.5,65,Foggy,3,38.9,59.9,HIGH
IR-12346,3,EXPRESS,15,5.0,675.0,15.0,71.45691396019298,11,0,Monday,0,23.2,1.5,4.0,40,Light Rain,1,30.6,47.1,HIGH
IR-12346,3,EXPRESS,15,5.0,675.0,15.0,69.94877496259488,14,0,Monday,0,25.6,1.5,4.0,40,Light Rain,1,32.6,50.1,HIGH
IR-12346,3,EXPRESS,15,5.0,675.0,15.0,65.38252085903162,18,1,Monday,0,28.8,1.5,4.0,40,Light Rain,3,38.5,59.2,HIGH
IR-12346,3,EXPRESS,15,5.0,675.0,15.0,70.92526570497674,22,0,Monday,0,32.0,1.5,4.0,40,Light Rain,1,31.3,48.1,HIGH
IR-12346,3,EXPRESS,15,5.0,675.0,15.0,66.21632441499011,8,1,Tuesday,0,20.8,0.0,9.0,10,Clear,3,37.4,57.6,HIGH
IR-12346,3,EXPRESS,15,5.0,675.0,15.0,71.41703553605653,11,0,Tuesday,0,23.2,0.0,9.0,10,Clear,1,30.7,47.2,HIGH
IR-12346,3,EXPRESS,15,5.0,675.0,15.0,73.2133021884836,14,0,Tuesday,0,25.6,0.0,9.0,10,Clear,1,28.3,43.6,HIGH
IR-12346,3,EXPRESS,15,5.0,675.0,15.0,69.01018378345283,18,1,Tuesday,0,28.8,0.0,9.0,10,Clear,3,33.8,52.0,HIGH
IR-12346,3,EXPRESS,15,5.0,675.0,15.0,69.60939663980956,22,0,Tuesday,0,32.0,0.0,9.0,10,Clear,1,33.0,50.8,HIGH
IR-12346,3,EXPRESS,15,5.0,675.0,15.0,67.53753427202824,8,1,Wednesday,0,20.8,0.0,9.0,10,Clear,3,35.7,54.9,HIGH
IR-12346,3,EXPRESS,15,5.0,675.0,15.0,70.08304952511594,11,0,Wednesday,0,23.2,0.0,9.0,10,Clear,1,32.4,49.8,HIGH
IR-12346,3,EXPRESS,15,5.0,675.0,15.0,71.57005689786897,14,0,Wednesday,0,25.6,0.0,9.0,10,Clear,1,30.5,46.9,HIGH
IR-12346,3,EXPRESS,15,5.0,675.0,15.0,67.61683094045489,18,1,Wednesday,0,28.8,0.0,9.0,10,Clear,3,35.6,54.8,HIGH
IR-12346,3,EXPRESS,15,5.0,675.0,15.0,69.74977322658543,22,0,Wednesday,0,32.0,0.0,9.0,10,Clear,1,32.8,50.5,HIGH
IR-12346,3,EXPRESS,15,5.0,675.0,15.0,64.17891872785913,8,1,Thursday,0,20.8,0.0,1.5,65,Foggy,3,40.1,61.6,HIGH
IR-12346,3,EXPRESS,15,5.0,675.0,15.0,68.13604854881429,11,0,Thursday,0,23.2,1.5,4.0,40,Light Rain,1,34.9,53.7,HIGH
IR-12346,3,EXPRESS,15,5.0,675.0,15.0,69.72925376008297,14,0,Thursday,0,25.6,1.5,4.0,40,Light Rain,1,32.9,50.5,HIGH
IR-12346,3,EXPRESS,15,5.0,675.0,15.0,65.74540267548048,18,1,Thursday,0,28.8,1.5,4.0,40,Light Rain,3,38.0,58.5,HIGH
IR-12346,3,EXPRESS,15,5.0,675.0,15.0,71.24826279135348,22,0,Thursday,0,32.0,1.5,4.0,40,Light Rain,1,30.9,47.5,HIGH
IR-12346,3,EXPRESS,15,5.0,675.0,15.0,66.8156251490871,8,1,Friday,0,20.8,0.0,9.0,10,Clear,3,36.6,56.4,HIGH
IR-12346,3,EXPRESS,15,5.0,675.0,15.0,71.15501088614268,11,0,Friday,0,23.2,0.0,9.0,10,Clear,1,31.0,47.7,HIGH
IR-12346,3,EXPRESS,15,5.0,675.0,15.0,68.36083792217407,14,0,Friday,0,25.6,0.0,9.0,10,Clear,1,34.6,53.3,HIGH
IR-12346,3,EXPRESS,15,5.0,675.0,15.0,66.54922032548077,18,1,Friday,0,28.8,0.0,9.0,10,Clear,3,37.0,56.9,HIGH
IR-12346,3,EXPRESS,15,5.0,675.0,15.0,68.31727264171705,22,0,Friday,0,32.0,0.0,9.0,10,Clear,1,34.7,53.4,HIGH
IR-12346,3,EXPRESS,15,5.0,675.0,15.0,65.63622601516543,8,1,Saturday,1,20.8,0.0,9.0,10,Clear,3,38.2,58.7,HIGH
IR-12346,3,EXPRESS,15,5.0,675.0,15.0,69.62342950738145,11,0,Saturday,1,23.2,0.0,9.0,10,Clear,1,33.0,50.8,HIGH
IR-12346,3,EXPRESS,15,5.0,675.0,15.0,70.13018213528318,14,0,Saturday,1,25.6,0.0,9.0,10,Clear,1,32.3,49.7,HIGH
IR-12346,3,EXPRESS,15,5.0,675.0,15.0,65.38407318408382,18,1,Saturday,1,28.8,0.0,9.0,10,Clear,3,38.5,59.2,HIGH
IR-12346,3,EXPRESS,15,5.0,675.0,15.0,69.88726108361598,22,0,Saturday,1,32.0,0.0,9.0,10,Clear,1,32.6,50.2,HIGH
IR-12346,3,EXPRESS,15,5.0,675.0,15.0,63.36847100941169,8,1,Sunday,1,20.8,0.0,1.5,65,Foggy,3,41.1,63.3,HIGH
IR-12346,3,EXPRESS,15,5.0,675.0,15.0,67.32759512744923,11,0,Sunday,1,23.2,1.5,4.0,40,Light Rain,1,36.0,55.3,HIGH
IR-12346,3,EXPRESS,15,5.0,675.0,15.0,69.74741329098782,14,0,Sunday,1,25.6,1.5,4.0,40,Light Rain,1,32.8,50.5,HIGH
IR-12346,3,EXPRESS,15,5.0,675.0,15.0,66.3450949833722,18,1,Sunday,1,28.8,1.5,4.0,40,Light Rain,3,37.3,57.3,HIGH
IR-12346,3,EXPRESS,15,5.0,675.0,15.0,71.27489336381569,22,0,Sunday,1,32.0,1.5,4.0,40,Light Rain,1,30.8,47.5,HIGH
