train_number,train_type,source_station,destination_station,section_id,distance_km,scheduled_travel_time,actual_travel_time,scheduled_arrival,actual_arrival,delay_minutes,speed,weather,temperature,rain,visibility,congestion,station_dwell_time,disruption,timestamp,data_source,distance_remaining_km,remaining_travel_time_minutes
TR001,EXPRESS,,,KNP-PRYJ-SEC-B,,,,Start,Start,0.0,,CLEAR,18.0,0.0,9.0,LOW,,NONE,2024-01-15T16:55:00Z,PUBLIC_HISTORICAL,,
TR001,EXPRESS,,,KNP-PRYJ-SEC-B,,,,18:10,18:15,5.0,,CLEAR,18.0,0.0,9.0,LOW,,NONE,2024-01-15T18:12:00Z,PUBLIC_HISTORICAL,,
TR001,EXPRESS,,,KNP-PRYJ-SEC-B,,,,21:35,21:48,13.0,,CLEAR,15.0,0.0,9.0,LOW,,NONE,2024-01-15T21:40:00Z,PUBLIC_HISTORICAL,,
TR001,EXPRESS,,,KNP-PRYJ-SEC-B,,,,23:25,23:42,17.0,,FOGGY,12.0,,1.5,MEDIUM,,NONE,2024-01-15T23:30:00Z,PUBLIC_HISTORICAL,,
TR001,EXPRESS,,,KNP-PRYJ-SEC-B,,,,03:15,03:35,20.0,,FOGGY,8.0,,1.5,MEDIUM,,NONE,2024-01-16T03:20:00Z,PUBLIC_HISTORICAL,,
TR001,EXPRESS,,,KNP-PRYJ-SEC-B,,,,05:10,05:28,18.0,,FOGGY,7.0,,1.5,MEDIUM,,NONE,2024-01-16T05:15:00Z,PUBLIC_HISTORICAL,,
TR001,EXPRESS,,,KNP-PRYJ-SEC-B,,,,10:05,10:20,15.0,,CLOUDY,22.0,,4.0,LOW,,NONE,2024-01-16TEnd:00Z,PUBLIC_HISTORICAL,,
TR002,EXPRESS,,,KNP-PRYJ-SEC-B,,,,Start,Start,0.0,,CLEAR,16.0,0.0,9.0,LOW,,NONE,2024-01-16T20:25:00Z,PUBLIC_HISTORICAL,,
TR002,EXPRESS,,,KNP-PRYJ-SEC-B,,,,04:30,04:38,8.0,,CLEAR,14.0,0.0,9.0,LOW,,NONE,2024-01-17T04:35:00Z,PUBLIC_HISTORICAL,,
TR002,EXPRESS,,,KNP-PRYJ-SEC-B,,,,06:50,07:05,15.0,,CLEAR,20.0,0.0,9.0,LOW,,NONE,2024-01-17T06:55:00Z,PUBLIC_HISTORICAL,,
TR002,EXPRESS,,,KNP-PRYJ-SEC-B,,,,08:35,08:45,10.0,,CLOUDY,28.0,,4.0,LOW,,NONE,2024-01-17TEnd:00Z,PUBLIC_HISTORICAL,,
TR003,EXPRESS,,,KNP-PRYJ-SEC-B,,,,Start,Start,0.0,,CLEAR,12.0,0.0,9.0,LOW,,NONE,2024-01-17T06:05:00Z,PUBLIC_HISTORICAL,,
TR003,EXPRESS,,,KNP-PRYJ-SEC-B,,,,10:45,10:50,5.0,,CLEAR,22.0,0.0,9.0,LOW,,NONE,2024-01-17TEnd:00Z,PUBLIC_HISTORICAL,,
TR004,EXPRESS,,,KNP-PRYJ-SEC-B,,,,Start,Start,0.0,,CLEAR,16.0,0.0,9.0,LOW,,NONE,2024-01-18T22:30:00Z,PUBLIC_HISTORICAL,,
TR004,EXPRESS,,,KNP-PRYJ-SEC-B,,,,01:15,01:22,7.0,,FOGGY,10.0,,1.5,LOW,,NONE,2024-01-19T01:20:00Z,PUBLIC_HISTORICAL,,
TR004,EXPRESS,,,KNP-PRYJ-SEC-B,,,,04:30,04:45,15.0,,FOGGY,8.0,,1.5,LOW,,NONE,2024-01-19T04:35:00Z,PUBLIC_HISTORICAL,,
TR004,EXPRESS,,,KNP-PRYJ-SEC-B,,,,10:45,11:05,20.0,,CLEAR,22.0,0.0,9.0,MEDIUM,,NONE,2024-01-19T10:50:00Z,PUBLIC_HISTORICAL,,
TR004,EXPRESS,,,KNP-PRYJ-SEC-B,,,,16:20,16:38,18.0,,CLOUDY,26.0,,4.0,MEDIUM,,NONE,2024-01-19T16:25:00Z,PUBLIC_HISTORICAL,,
TR004,EXPRESS,,,KNP-PRYJ-SEC-B,,,,20:30,20:52,22.0,,CLEAR,24.0,0.0,9.0,MEDIUM,,NONE,2024-01-19T20:35:00Z,PUBLIC_HISTORICAL,,
TR004,EXPRESS,,,KNP-PRYJ-SEC-B,,,,09:15,09:35,20.0,,CLOUDY,32.0,,4.0,MEDIUM,,NONE,2024-01-20TEnd:00Z,PUBLIC_HISTORICAL,,
TR005,EXPRESS,,,KNP-PRYJ-SEC-B,,,,Start,Start,0.0,,CLEAR,14.0,0.0,9.0,LOW,,NONE,2024-01-20T05:30:00Z,PUBLIC_HISTORICAL,,
TR005,EXPRESS,,,KNP-PRYJ-SEC-B,,,,07:15,07:20,5.0,,CLEAR,15.0,0.0,9.0,LOW,,NONE,2024-01-20T07:20:00Z,PUBLIC_HISTORICAL,,
TR005,EXPRESS,,,KNP-PRYJ-SEC-B,,,,08:45,08:55,10.0,,CLEAR,16.0,0.0,9.0,LOW,,NONE,2024-01-20T08:50:00Z,PUBLIC_HISTORICAL,,
TR005,EXPRESS,,,KNP-PRYJ-SEC-B,,,,10:20,10:32,12.0,,CLEAR,17.0,0.0,9.0,LOW,,NONE,2024-01-20T10:25:00Z,PUBLIC_HISTORICAL,,
TR005,EXPRESS,,,KNP-PRYJ-SEC-B,,,,12:10,12:25,15.0,,CLEAR,18.0,0.0,9.0,LOW,,NONE,2024-01-20T12:15:00Z,PUBLIC_HISTORICAL,,
TR005,EXPRESS,,,KNP-PRYJ-SEC-B,,,,14:20,14:30,10.0,,CLEAR,19.0,0.0,9.0,LOW,,NONE,2024-01-20TEnd:00Z,PUBLIC_HISTORICAL,,
TR006,EXPRESS,,,KNP-PRYJ-SEC-B,,,,Start,Start,0.0,,CLEAR,13.0,0.0,9.0,LOW,,NONE,2024-01-21T06:50:00Z,PUBLIC_HISTORICAL,,
TR006,EXPRESS,,,KNP-PRYJ-SEC-B,,,,08:20,08:24,4.0,,CLEAR,15.0,0.0,9.0,LOW,,NONE,2024-01-21T08:22:00Z,PUBLIC_HISTORICAL,,
TR006,EXPRESS,,,KNP-PRYJ-SEC-B,,,,09:50,09:55,5.0,,CLEAR,18.0,0.0,9.0,LOW,,NONE,2024-01-21TEnd:00Z,PUBLIC_HISTORICAL,,
TR007,EXPRESS,,,KNP-PRYJ-SEC-B,,,,Start,Start,0.0,,CLEAR,26.0,0.0,9.0,LOW,,NONE,2024-01-22T15:20:00Z,PUBLIC_HISTORICAL,,
TR007,EXPRESS,,,KNP-PRYJ-SEC-B,,,,18:30,18:40,10.0,,CLEAR,22.0,0.0,9.0,LOW,,NONE,2024-01-22T18:40:00Z,PUBLIC_HISTORICAL,,
TR007,EXPRESS,,,KNP-PRYJ-SEC-B,,,,01:15,01:28,13.0,,CLEAR,18.0,0.0,9.0,LOW,,NONE,2024-01-23T01:20:00Z,PUBLIC_HISTORICAL,,
TR007,EXPRESS,,,KNP-PRYJ-SEC-B,,,,04:30,04:45,15.0,,CLEAR,20.0,0.0,9.0,LOW,,NONE,2024-01-23T04:35:00Z,PUBLIC_HISTORICAL,,
TR007,EXPRESS,,,KNP-PRYJ-SEC-B,,,,06:40,06:55,15.0,,CLOUDY,24.0,,4.0,LOW,,NONE,2024-01-23TEnd:00Z,PUBLIC_HISTORICAL,,
TR008,EXPRESS,,,KNP-PRYJ-SEC-B,,,,Start,Start,0.0,,CLEAR,24.0,0.0,9.0,LOW,,NONE,2024-01-23T05:50:00Z,PUBLIC_HISTORICAL,,
TR008,EXPRESS,,,KNP-PRYJ-SEC-B,,,,09:35,09:38,3.0,,CLEAR,23.0,0.0,9.0,LOW,,NONE,2024-01-23TEnd:00Z,PUBLIC_HISTORICAL,,
TR009,EXPRESS,,,KNP-PRYJ-SEC-B,,,,Start,Start,0.0,,CLEAR,27.0,0.0,9.0,LOW,,NONE,2024-01-24T14:35:00Z,PUBLIC_HISTORICAL,,
TR009,EXPRESS,,,KNP-PRYJ-SEC-B,,,,17:45,17:52,7.0,,CLEAR,19.0,0.0,9.0,LOW,,NONE,2024-01-24T17:50:00Z,PUBLIC_HISTORICAL,,
TR009,EXPRESS,,,KNP-PRYJ-SEC-B,,,,21:25,21:35,10.0,,CLEAR,16.0,0.0,9.0,LOW,,NONE,2024-01-24TEnd:00Z,PUBLIC_HISTORICAL,,
TR010,EXPRESS,,,KNP-PRYJ-SEC-B,,,,Start,Start,0.0,,RAINY,24.0,15.0,4.0,LOW,,NONE,2024-01-25T18:10:00Z,PUBLIC_HISTORICAL,,
TR010,EXPRESS,,,KNP-PRYJ-SEC-B,,,,20:30,20:42,12.0,,RAINY,22.0,15.0,4.0,LOW,,NONE,2024-01-25T20:35:00Z,PUBLIC_HISTORICAL,,
TR010,EXPRESS,,,KNP-PRYJ-SEC-B,,,,22:15,22:30,15.0,,RAINY,21.0,15.0,4.0,LOW,,NONE,2024-01-25T22:20:00Z,PUBLIC_HISTORICAL,,
TR010,EXPRESS,,,KNP-PRYJ-SEC-B,,,,00:45,01:05,20.0,,RAINY,19.0,15.0,4.0,MEDIUM,,NONE,2024-01-26T00:50:00Z,PUBLIC_HISTORICAL,,
TR010,EXPRESS,,,KNP-PRYJ-SEC-B,,,,06:30,06:48,18.0,,RAINY,25.0,15.0,4.0,MEDIUM,,NONE,2024-01-26T06:35:00Z,PUBLIC_HISTORICAL,,
TR010,EXPRESS,,,KNP-PRYJ-SEC-B,,,,10:15,10:30,15.0,,CLOUDY,28.0,,4.0,LOW,,NONE,2024-01-26T10:20:00Z,PUBLIC_HISTORICAL,,
TR010,EXPRESS,,,KNP-PRYJ-SEC-B,,,,16:20,16:40,20.0,,CLOUDY,27.0,,4.0,MEDIUM,,NONE,2024-01-26TEnd:00Z,PUBLIC_HISTORICAL,,
TR011,EXPRESS,,,KNP-PRYJ-SEC-B,,,,Start,Start,0.0,,CLEAR,17.0,0.0,9.0,LOW,,NONE,2024-01-27T15:00:00Z,PUBLIC_HISTORICAL,,
TR011,EXPRESS,,,KNP-PRYJ-SEC-B,,,,17:30,17:33,3.0,,CLEAR,16.0,0.0,9.0,LOW,,NONE,2024-01-27TEnd:00Z,PUBLIC_HISTORICAL,,
TR012,EXPRESS,,,KNP-PRYJ-SEC-B,,,,Start,Start,0.0,,FOGGY,11.0,,1.5,LOW,,NONE,2024-01-28T22:40:00Z,PUBLIC_HISTORICAL,,
TR012,EXPRESS,,,KNP-PRYJ-SEC-B,,,,12:15,12:35,20.0,,FOGGY,8.0,,1.5,MEDIUM,,NONE,2024-01-29TEnd:00Z,PUBLIC_HISTORICAL,,
TR013,EXPRESS,,,KNP-PRYJ-SEC-B,,,,Start,Start,0.0,,CLEAR,28.0,0.0,9.0,LOW,,NONE,2024-01-29T23:15:00Z,PUBLIC_HISTORICAL,,
TR013,EXPRESS,,,KNP-PRYJ-SEC-B,,,,04:30,04:40,10.0,,CLEAR,26.0,0.0,9.0,LOW,,NONE,2024-01-30TEnd:00Z,PUBLIC_HISTORICAL,,
TR014,EXPRESS,,,KNP-PRYJ-SEC-B,,,,Start,Start,0.0,,CLEAR,18.0,0.0,9.0,LOW,,NONE,2024-01-30T11:35:00Z,PUBLIC_HISTORICAL,,
TR014,EXPRESS,,,KNP-PRYJ-SEC-B,,,,13:15,13:18,3.0,,CLEAR,19.0,0.0,9.0,LOW,,NONE,2024-01-30T13:17:00Z,PUBLIC_HISTORICAL,,
TR014,EXPRESS,,,KNP-PRYJ-SEC-B,,,,16:45,16:55,10.0,,CLEAR,17.0,0.0,9.0,LOW,,NONE,2024-01-30T16:50:00Z,PUBLIC_HISTORICAL,,
TR014,EXPRESS,,,KNP-PRYJ-SEC-B,,,,04:50,05:05,15.0,,FOGGY,10.0,,1.5,LOW,,NONE,2024-01-31TEnd:00Z,PUBLIC_HISTORICAL,,
TR015,EXPRESS,,,KNP-PRYJ-SEC-B,,,,Start,Start,0.0,,CLEAR,16.0,0.0,9.0,LOW,,NONE,2024-02-01T17:45:00Z,PUBLIC_HISTORICAL,,
TR015,EXPRESS,,,KNP-PRYJ-SEC-B,,,,19:30,19:38,8.0,,CLEAR,15.0,0.0,9.0,LOW,,NONE,2024-02-01T19:35:00Z,PUBLIC_HISTORICAL,,
TR015,EXPRESS,,,KNP-PRYJ-SEC-B,,,,20:50,21:00,10.0,,CLEAR,14.0,0.0,9.0,LOW,,NONE,2024-02-01T20:55:00Z,PUBLIC_HISTORICAL,,
TR015,EXPRESS,,,KNP-PRYJ-SEC-B,,,,21:40,21:48,8.0,,CLEAR,13.0,0.0,9.0,LOW,,NONE,2024-02-01T21:45:00Z,PUBLIC_HISTORICAL,,
TR015,EXPRESS,,,KNP-PRYJ-SEC-B,,,,22:30,22:35,5.0,,CLEAR,13.0,0.0,9.0,LOW,,NONE,2024-02-01TEnd:00Z,PUBLIC_HISTORICAL,,
TR016,EXPRESS,,,KNP-PRYJ-SEC-B,,,,Start,Start,0.0,,CLEAR,27.0,0.0,9.0,LOW,,NONE,2024-02-02T05:40:00Z,PUBLIC_HISTORICAL,,
TR016,EXPRESS,,,KNP-PRYJ-SEC-B,,,,12:30,12:42,12.0,,CLEAR,29.0,0.0,9.0,LOW,,NONE,2024-02-02TEnd:00Z,PUBLIC_HISTORICAL,,
TR017,EXPRESS,,,KNP-PRYJ-SEC-B,,,,Start,Start,0.0,,CLEAR,20.0,0.0,9.0,LOW,,NONE,2024-02-03T15:30:00Z,PUBLIC_HISTORICAL,,
TR017,EXPRESS,,,KNP-PRYJ-SEC-B,,,,20:15,20:22,7.0,,CLEAR,16.0,0.0,9.0,LOW,,NONE,2024-02-03TEnd:00Z,PUBLIC_HISTORICAL,,
TR018,EXPRESS,,,KNP-PRYJ-SEC-B,,,,Start,Start,0.0,,FOGGY,10.0,,1.5,LOW,,NONE,2024-02-04T06:15:00Z,PUBLIC_HISTORICAL,,
TR018,EXPRESS,,,KNP-PRYJ-SEC-B,,,,08:30,08:42,12.0,,FOGGY,9.0,,1.5,LOW,,NONE,2024-02-04T08:35:00Z,PUBLIC_HISTORICAL,,
TR018,EXPRESS,,,KNP-PRYJ-SEC-B,,,,12:30,12:45,15.0,,FOGGY,8.0,,1.5,LOW,,NONE,2024-02-04TEnd:00Z,PUBLIC_HISTORICAL,,
TR019,EXPRESS,,,KNP-PRYJ-SEC-B,,,,Start,Start,0.0,,CLEAR,22.0,0.0,9.0,LOW,,NONE,2024-02-05T20:45:00Z,PUBLIC_HISTORICAL,,
TR019,EXPRESS,,,KNP-PRYJ-SEC-B,,,,06:30,06:48,18.0,,CLEAR,19.0,0.0,9.0,MEDIUM,,NONE,2024-02-06TEnd:00Z,PUBLIC_HISTORICAL,,
TR020,EXPRESS,,,KNP-PRYJ-SEC-B,,,,Start,Start,0.0,,CLEAR,25.0,0.0,9.0,LOW,,NONE,2024-02-06T22:00:00Z,PUBLIC_HISTORICAL,,
TR020,EXPRESS,,,KNP-PRYJ-SEC-B,,,,10:45,10:58,13.0,,CLEAR,21.0,0.0,9.0,LOW,,NONE,2024-02-07TEnd:00Z,PUBLIC_HISTORICAL,,
12346,EXPRESS,GHY,NDLS,NDLS-CNB-SEC-A,48.0,32.0,47.0,,,15.0,90.0,CLEAR,25.0,0.0,8.0,MEDIUM,5.0,NONE,2023-06-15T00:00:00Z,PUBLIC_HISTORICAL,720.0,495.0
12346,EXPRESS,GHY,NDLS,NDLS-CNB-SEC-A,96.0,64.0,80.0,,,16.0,90.0,CLEAR,25.0,0.0,8.0,MEDIUM,5.0,NONE,2023-06-15T01:00:00Z,PUBLIC_HISTORICAL,672.0,464.0
12346,EXPRESS,GHY,NDLS,NDLS-CNB-SEC-A,144.0,96.0,128.0,,,32.0,90.0,CLEAR,25.0,0.0,8.0,HIGH,5.0,NONE,2023-06-15T02:00:00Z,PUBLIC_HISTORICAL,624.0,448.0
12346,EXPRESS,GHY,NDLS,NDLS-CNB-SEC-A,192.0,128.0,167.0,,,39.0,90.0,CLEAR,25.0,0.0,8.0,HIGH,5.0,NONE,2023-06-15T03:00:00Z,PUBLIC_HISTORICAL,576.0,423.0
12346,EXPRESS,GHY,NDLS,NDLS-CNB-SEC-A,240.0,160.0,215.0,,,55.0,90.0,CLEAR,25.0,0.0,8.0,HIGH,5.0,NONE,2023-06-15T04:00:00Z,PUBLIC_HISTORICAL,528.0,407.0
12346,EXPRESS,GHY,NDLS,KNP-PRYJ-SEC-B,288.0,192.0,247.0,,,55.0,90.0,CLEAR,25.0,0.0,8.0,HIGH,5.0,NONE,2023-06-15T05:00:00Z,PUBLIC_HISTORICAL,480.0,375.0
12346,EXPRESS,GHY,NDLS,KNP-PRYJ-SEC-B,336.0,224.0,277.0,,,53.0,90.0,CLEAR,25.0,0.0,8.0,HIGH,5.0,NONE,2023-06-15T06:00:00Z,PUBLIC_HISTORICAL,432.0,341.0
12346,EXPRESS,GHY,NDLS,KNP-PRYJ-SEC-B,384.0,256.0,296.0,,,40.0,90.0,CLEAR,25.0,0.0,8.0,HIGH,5.0,NONE,2023-06-15T07:00:00Z,PUBLIC_HISTORICAL,384.0,296.0
12346,EXPRESS,GHY,NDLS,KNP-PRYJ-SEC-B,432.0,288.0,341.0,,,53.0,90.0,CLEAR,25.0,0.0,8.0,HIGH,5.0,NONE,2023-06-15T08:00:00Z,PUBLIC_HISTORICAL,336.0,277.0
12346,EXPRESS,GHY,NDLS,KNP-PRYJ-SEC-B,480.0,320.0,366.0,,,46.0,90.0,CLEAR,25.0,0.0,8.0,HIGH,5.0,NONE,2023-06-15T09:00:00Z,PUBLIC_HISTORICAL,288.0,238.0
12346,EXPRESS,GHY,NDLS,KNP-PRYJ-SEC-B,528.0,352.0,395.0,,,43.0,90.0,CLEAR,25.0,0.0,8.0,HIGH,5.0,NONE,2023-06-15T10:00:00Z,PUBLIC_HISTORICAL,240.0,203.0
12346,EXPRESS,GHY,NDLS,KNP-PRYJ-SEC-B,576.0,384.0,443.0,,,59.0,90.0,CLEAR,25.0,0.0,8.0,HIGH,5.0,NONE,2023-06-15T11:00:00Z,PUBLIC_HISTORICAL,192.0,187.0
12346,EXPRESS,GHY,NDLS,KNP-PRYJ-SEC-B,624.0,416.0,487.0,,,71.0,90.0,CLEAR,25.0,0.0,8.0,HIGH,5.0,NONE,2023-06-15T12:00:00Z,PUBLIC_HISTORICAL,144.0,167.0
12346,EXPRESS,GHY,NDLS,KNP-PRYJ-SEC-B,672.0,448.0,506.0,,,58.0,90.0,CLEAR,25.0,0.0,8.0,HIGH,5.0,NONE,2023-06-15T13:00:00Z,PUBLIC_HISTORICAL,96.0,122.0
12346,EXPRESS,GHY,NDLS,KNP-PRYJ-SEC-B,720.0,480.0,529.0,,,49.0,90.0,CLEAR,25.0,0.0,8.0,HIGH,5.0,NONE,2023-06-15T14:00:00Z,PUBLIC_HISTORICAL,48.0,81.0
12423,RAJADHANI,NDLS,GHY,NDLS-CNB-SEC-A,48.0,24.0,32.0,,,8.0,120.0,CLEAR,25.0,0.0,8.0,LOW,5.0,NONE,2023-06-15T00:00:00Z,PUBLIC_HISTORICAL,1104.0,560.0
12423,RAJADHANI,NDLS,GHY,NDLS-CNB-SEC-A,96.0,48.0,51.0,,,3.0,120.0,CLEAR,25.0,0.0,8.0,LOW,5.0,NONE,2023-06-15T01:00:00Z,PUBLIC_HISTORICAL,1056.0,531.0
12423,RAJADHANI,NDLS,GHY,NDLS-CNB-SEC-A,144.0,72.0,81.0,,,9.0,120.0,CLEAR,25.0,0.0,8.0,LOW,5.0,NONE,2023-06-15T02:00:00Z,PUBLIC_HISTORICAL,1008.0,513.0
12423,RAJADHANI,NDLS,GHY,NDLS-CNB-SEC-A,192.0,96.0,117.0,,,21.0,120.0,CLEAR,25.0,0.0,8.0,MEDIUM,5.0,NONE,2023-06-15T03:00:00Z,PUBLIC_HISTORICAL,960.0,501.0
12423,RAJADHANI,NDLS,GHY,NDLS-CNB-SEC-A,240.0,120.0,146.0,,,26.0,120.0,CLEAR,25.0,0.0,8.0,MEDIUM,5.0,NONE,2023-06-15T04:00:00Z,PUBLIC_HISTORICAL,912.0,482.0
12423,RAJADHANI,NDLS,GHY,KNP-PRYJ-SEC-B,288.0,144.0,179.0,,,35.0,120.0,CLEAR,25.0,0.0,8.0,HIGH,5.0,NONE,2023-06-15T05:00:00Z,PUBLIC_HISTORICAL,864.0,467.0
12423,RAJADHANI,NDLS,GHY,KNP-PRYJ-SEC-B,336.0,168.0,210.0,,,42.0,120.0,CLEAR,25.0,0.0,8.0,HIGH,5.0,NONE,2023-06-15T06:00:00Z,PUBLIC_HISTORICAL,816.0,450.0
12423,RAJADHANI,NDLS,GHY,KNP-PRYJ-SEC-B,384.0,192.0,226.0,,,34.0,120.0,CLEAR,25.0,0.0,8.0,HIGH,5.0,NONE,2023-06-15T07:00:00Z,PUBLIC_HISTORICAL,768.0,418.0
12423,RAJADHANI,NDLS,GHY,KNP-PRYJ-SEC-B,432.0,216.0,243.0,,,27.0,120.0,CLEAR,25.0,0.0,8.0,MEDIUM,5.0,NONE,2023-06-15T08:00:00Z,PUBLIC_HISTORICAL,720.0,387.0
12423,RAJADHANI,NDLS,GHY,KNP-PRYJ-SEC-B,480.0,240.0,284.0,,,44.0,120.0,CLEAR,25.0,0.0,8.0,HIGH,5.0,NONE,2023-06-15T09:00:00Z,PUBLIC_HISTORICAL,672.0,380.0
12423,RAJADHANI,NDLS,GHY,KNP-PRYJ-SEC-B,528.0,264.0,314.0,,,50.0,120.0,CLEAR,25.0,0.0,8.0,HIGH,5.0,NONE,2023-06-15T10:00:00Z,PUBLIC_HISTORICAL,624.0,362.0
12423,RAJADHANI,NDLS,GHY,KNP-PRYJ-SEC-B,576.0,288.0,355.0,,,67.0,120.0,CLEAR,25.0,0.0,8.0,HIGH,5.0,NONE,2023-06-15T11:00:00Z,PUBLIC_HISTORICAL,576.0,355.0
12423,RAJADHANI,NDLS,GHY,KNP-PRYJ-SEC-B,624.0,312.0,360.0,,,48.0,120.0,CLEAR,25.0,0.0,8.0,HIGH,5.0,NONE,2023-06-15T12:00:00Z,PUBLIC_HISTORICAL,528.0,312.0
12423,RAJADHANI,NDLS,GHY,KNP-PRYJ-SEC-B,672.0,336.0,393.0,,,57.0,120.0,CLEAR,25.0,0.0,8.0,HIGH,5.0,NONE,2023-06-15T13:00:00Z,PUBLIC_HISTORICAL,480.0,297.0
12423,RAJADHANI,NDLS,GHY,KNP-PRYJ-SEC-B,720.0,360.0,410.0,,,50.0,120.0,CLEAR,25.0,0.0,8.0,HIGH,5.0,NONE,2023-06-15T14:00:00Z,PUBLIC_HISTORICAL,432.0,266.0
12423,RAJADHANI,NDLS,GHY,KNP-PRYJ-SEC-B,768.0,384.0,437.0,,,53.0,120.0,CLEAR,25.0,0.0,8.0,HIGH,5.0,NONE,2023-06-15T15:00:00Z,PUBLIC_HISTORICAL,384.0,245.0
12423,RAJADHANI,NDLS,GHY,KNP-PRYJ-SEC-B,816.0,408.0,468.0,,,60.0,120.0,CLEAR,25.0,0.0,8.0,HIGH,5.0,NONE,2023-06-15T16:00:00Z,PUBLIC_HISTORICAL,336.0,228.0
12423,RAJADHANI,NDLS,GHY,KNP-PRYJ-SEC-B,864.0,432.0,474.0,,,42.0,120.0,CLEAR,25.0,0.0,8.0,HIGH,5.0,NONE,2023-06-15T17:00:00Z,PUBLIC_HISTORICAL,288.0,186.0
12423,RAJADHANI,NDLS,GHY,KNP-PRYJ-SEC-B,912.0,456.0,501.0,,,45.0,120.0,CLEAR,25.0,0.0,8.0,HIGH,5.0,NONE,2023-06-15T18:00:00Z,PUBLIC_HISTORICAL,240.0,165.0
12423,RAJADHANI,NDLS,GHY,KNP-PRYJ-SEC-B,960.0,480.0,520.0,,,40.0,120.0,CLEAR,25.0,0.0,8.0,HIGH,5.0,NONE,2023-06-15T19:00:00Z,PUBLIC_HISTORICAL,192.0,136.0
12423,RAJADHANI,NDLS,GHY,KNP-PRYJ-SEC-B,1008.0,504.0,566.0,,,62.0,120.0,CLEAR,25.0,0.0,8.0,HIGH,5.0,NONE,2023-06-15T20:00:00Z,PUBLIC_HISTORICAL,144.0,134.0
12423,RAJADHANI,NDLS,GHY,KNP-PRYJ-SEC-B,1056.0,528.0,604.0,,,76.0,120.0,CLEAR,25.0,0.0,8.0,HIGH,5.0,NONE,2023-06-15T21:00:00Z,PUBLIC_HISTORICAL,96.0,124.0
12423,RAJADHANI,NDLS,GHY,KNP-PRYJ-SEC-B,1104.0,552.0,640.0,,,88.0,120.0,CLEAR,25.0,0.0,8.0,HIGH,5.0,NONE,2023-06-15T22:00:00Z,PUBLIC_HISTORICAL,48.0,112.0
12424,RAJADHANI,GHY,NDLS,NDLS-CNB-SEC-A,48.0,24.0,29.0,,,5.0,120.0,CLEAR,25.0,0.0,8.0,LOW,5.0,NONE,2023-06-15T00:00:00Z,PUBLIC_HISTORICAL,1056.0,533.0
12424,RAJADHANI,GHY,NDLS,NDLS-CNB-SEC-A,96.0,48.0,69.0,,,21.0,120.0,CLEAR,25.0,0.0,8.0,MEDIUM,5.0,NONE,2023-06-15T01:00:00Z,PUBLIC_HISTORICAL,1008.0,525.0
12424,RAJADHANI,GHY,NDLS,NDLS-CNB-SEC-A,144.0,72.0,111.0,,,39.0,120.0,CLEAR,25.0,0.0,8.0,HIGH,5.0,NONE,2023-06-15T02:00:00Z,PUBLIC_HISTORICAL,960.0,519.0
12424,RAJADHANI,GHY,NDLS,NDLS-CNB-SEC-A,192.0,96.0,129.0,,,33.0,120.0,CLEAR,25.0,0.0,8.0,HIGH,5.0,NONE,2023-06-15T03:00:00Z,PUBLIC_HISTORICAL,912.0,489.0
12424,RAJADHANI,GHY,NDLS,NDLS-CNB-SEC-A,240.0,120.0,166.0,,,46.0,120.0,CLEAR,25.0,0.0,8.0,HIGH,5.0,NONE,2023-06-15T04:00:00Z,PUBLIC_HISTORICAL,864.0,478.0
12424,RAJADHANI,GHY,NDLS,KNP-PRYJ-SEC-B,288.0,144.0,180.0,,,36.0,120.0,CLEAR,25.0,0.0,8.0,HIGH,5.0,NONE,2023-06-15T05:00:00Z,PUBLIC_HISTORICAL,816.0,444.0
12424,RAJADHANI,GHY,NDLS,KNP-PRYJ-SEC-B,336.0,168.0,193.0,,,25.0,120.0,CLEAR,25.0,0.0,8.0,MEDIUM,5.0,NONE,2023-06-15T06:00:00Z,PUBLIC_HISTORICAL,768.0,409.0
12424,RAJADHANI,GHY,NDLS,KNP-PRYJ-SEC-B,384.0,192.0,226.0,,,34.0,120.0,CLEAR,25.0,0.0,8.0,HIGH,5.0,NONE,2023-06-15T07:00:00Z,PUBLIC_HISTORICAL,720.0,394.0
12424,RAJADHANI,GHY,NDLS,KNP-PRYJ-SEC-B,432.0,216.0,251.0,,,35.0,120.0,CLEAR,25.0,0.0,8.0,HIGH,5.0,NONE,2023-06-15T08:00:00Z,PUBLIC_HISTORICAL,672.0,371.0
12424,RAJADHANI,GHY,NDLS,KNP-PRYJ-SEC-B,480.0,240.0,295.0,,,55.0,120.0,CLEAR,25.0,0.0,8.0,HIGH,5.0,NONE,2023-06-15T09:00:00Z,PUBLIC_HISTORICAL,624.0,367.0
12424,RAJADHANI,GHY,NDLS,KNP-PRYJ-SEC-B,528.0,264.0,310.0,,,46.0,120.0,CLEAR,25.0,0.0,8.0,HIGH,5.0,NONE,2023-06-15T10:00:00Z,PUBLIC_HISTORICAL,576.0,334.0
12424,RAJADHANI,GHY,NDLS,KNP-PRYJ-SEC-B,576.0,288.0,330.0,,,42.0,120.0,CLEAR,25.0,0.0,8.0,HIGH,5.0,NONE,2023-06-15T11:00:00Z,PUBLIC_HISTORICAL,528.0,306.0
12424,RAJADHANI,GHY,NDLS,KNP-PRYJ-SEC-B,624.0,312.0,368.0,,,56.0,120.0,CLEAR,25.0,0.0,8.0,HIGH,5.0,NONE,2023-06-15T12:00:00Z,PUBLIC_HISTORICAL,480.0,296.0
12424,RAJADHANI,GHY,NDLS,KNP-PRYJ-SEC-B,672.0,336.0,383.0,,,47.0,120.0,CLEAR,25.0,0.0,8.0,HIGH,5.0,NONE,2023-06-15T13:00:00Z,PUBLIC_HISTORICAL,432.0,263.0
12424,RAJADHANI,GHY,NDLS,KNP-PRYJ-SEC-B,720.0,360.0,449.0,,,89.0,120.0,CLEAR,25.0,0.0,8.0,HIGH,5.0,NONE,2023-06-15T14:00:00Z,PUBLIC_HISTORICAL,384.0,281.0
12424,RAJADHANI,GHY,NDLS,KNP-PRYJ-SEC-B,768.0,384.0,486.0,,,102.0,120.0,CLEAR,25.0,0.0,8.0,HIGH,5.0,NONE,2023-06-15T15:00:00Z,PUBLIC_HISTORICAL,336.0,270.0
12424,RAJADHANI,GHY,NDLS,KNP-PRYJ-SEC-B,816.0,408.0,497.0,,,89.0,120.0,CLEAR,25.0,0.0,8.0,HIGH,5.0,NONE,2023-06-15T16:00:00Z,PUBLIC_HISTORICAL,288.0,233.0
12424,RAJADHANI,GHY,NDLS,KNP-PRYJ-SEC-B,864.0,432.0,530.0,,,98.0,120.0,CLEAR,25.0,0.0,8.0,HIGH,5.0,NONE,2023-06-15T17:00:00Z,PUBLIC_HISTORICAL,240.0,218.0
12424,RAJADHANI,GHY,NDLS,KNP-PRYJ-SEC-B,912.0,456.0,541.0,,,85.0,120.0,CLEAR,25.0,0.0,8.0,HIGH,5.0,NONE,2023-06-15T18:00:00Z,PUBLIC_HISTORICAL,192.0,181.0
12424,RAJADHANI,GHY,NDLS,KNP-PRYJ-SEC-B,960.0,480.0,573.0,,,93.0,120.0,CLEAR,25.0,0.0,8.0,HIGH,5.0,NONE,2023-06-15T19:00:00Z,PUBLIC_HISTORICAL,144.0,165.0
12424,RAJADHANI,GHY,NDLS,KNP-PRYJ-SEC-B,1008.0,504.0,595.0,,,91.0,120.0,CLEAR,25.0,0.0,8.0,HIGH,5.0,NONE,2023-06-15T20:00:00Z,PUBLIC_HISTORICAL,96.0,139.0
12424,RAJADHANI,GHY,NDLS,KNP-PRYJ-SEC-B,1056.0,528.0,544.0,,,16.0,120.0,CLEAR,25.0,0.0,8.0,MEDIUM,5.0,NONE,2023-06-15T21:00:00Z,PUBLIC_HISTORICAL,48.0,40.0
12508,EXPRESS,GHY,NDLS,NDLS-CNB-SEC-A,48.0,32.0,50.0,,,18.0,90.0,CLEAR,25.0,0.0,8.0,MEDIUM,5.0,NONE,2023-06-15T00:00:00Z,PUBLIC_HISTORICAL,2736.0,1842.0
12508,EXPRESS,GHY,NDLS,NDLS-CNB-SEC-A,96.0,64.0,97.0,,,33.0,90.0,CLEAR,25.0,0.0,8.0,HIGH,5.0,NONE,2023-06-15T01:00:00Z,PUBLIC_HISTORICAL,2688.0,1825.0
12508,EXPRESS,GHY,NDLS,NDLS-CNB-SEC-A,144.0,96.0,125.0,,,29.0,90.0,CLEAR,25.0,0.0,8.0,MEDIUM,5.0,NONE,2023-06-15T02:00:00Z,PUBLIC_HISTORICAL,2640.0,1789.0
12508,EXPRESS,GHY,NDLS,NDLS-CNB-SEC-A,192.0,128.0,153.0,,,25.0,90.0,CLEAR,25.0,0.0,8.0,MEDIUM,5.0,NONE,2023-06-15T03:00:00Z,PUBLIC_HISTORICAL,2592.0,1753.0
12508,EXPRESS,GHY,NDLS,NDLS-CNB-SEC-A,240.0,160.0,206.0,,,46.0,90.0,CLEAR,25.0,0.0,8.0,HIGH,5.0,NONE,2023-06-15T04:00:00Z,PUBLIC_HISTORICAL,2544.0,1742.0
12508,EXPRESS,GHY,NDLS,KNP-PRYJ-SEC-B,288.0,192.0,243.0,,,51.0,90.0,CLEAR,25.0,0.0,8.0,HIGH,5.0,NONE,2023-06-15T05:00:00Z,PUBLIC_HISTORICAL,2496.0,1715.0
12508,EXPRESS,GHY,NDLS,KNP-PRYJ-SEC-B,336.0,224.0,302.0,,,78.0,90.0,CLEAR,25.0,0.0,8.0,HIGH,5.0,NONE,2023-06-15T06:00:00Z,PUBLIC_HISTORICAL,2448.0,1710.0
12508,EXPRESS,GHY,NDLS,KNP-PRYJ-SEC-B,384.0,256.0,338.0,,,82.0,90.0,CLEAR,25.0,0.0,8.0,HIGH,5.0,NONE,2023-06-15T07:00:00Z,PUBLIC_HISTORICAL,2400.0,1682.0
12508,EXPRESS,GHY,NDLS,KNP-PRYJ-SEC-B,432.0,288.0,394.0,,,106.0,90.0,CLEAR,25.0,0.0,8.0,HIGH,5.0,NONE,2023-06-15T08:00:00Z,PUBLIC_HISTORICAL,2352.0,1674.0
12508,EXPRESS,GHY,NDLS,KNP-PRYJ-SEC-B,480.0,320.0,452.0,,,132.0,90.0,CLEAR,25.0,0.0,8.0,HIGH,5.0,NONE,2023-06-15T09:00:00Z,PUBLIC_HISTORICAL,2304.0,1668.0
12508,EXPRESS,GHY,NDLS,KNP-PRYJ-SEC-B,528.0,352.0,571.0,,,219.0,90.0,CLEAR,25.0,0.0,8.0,HIGH,5.0,NONE,2023-06-15T10:00:00Z,PUBLIC_HISTORICAL,2256.0,1723.0
12508,EXPRESS,GHY,NDLS,KNP-PRYJ-SEC-B,576.0,384.0,479.0,,,95.0,90.0,CLEAR,25.0,0.0,8.0,HIGH,5.0,NONE,2023-06-15T11:00:00Z,PUBLIC_HISTORICAL,2208.0,1567.0
12508,EXPRESS,GHY,NDLS,KNP-PRYJ-SEC-B,624.0,416.0,521.0,,,105.0,90.0,CLEAR,25.0,0.0,8.0,HIGH,5.0,NONE,2023-06-15T12:00:00Z,PUBLIC_HISTORICAL,2160.0,1545.0
12508,EXPRESS,GHY,NDLS,KNP-PRYJ-SEC-B,672.0,448.0,572.0,,,124.0,90.0,CLEAR,25.0,0.0,8.0,HIGH,5.0,NONE,2023-06-15T13:00:00Z,PUBLIC_HISTORICAL,2112.0,1532.0
12508,EXPRESS,GHY,NDLS,KNP-PRYJ-SEC-B,720.0,480.0,612.0,,,132.0,90.0,CLEAR,25.0,0.0,8.0,HIGH,5.0,NONE,2023-06-15T14:00:00Z,PUBLIC_HISTORICAL,2064.0,1508.0
12508,EXPRESS,GHY,NDLS,KNP-PRYJ-SEC-B,768.0,512.0,649.0,,,137.0,90.0,CLEAR,25.0,0.0,8.0,HIGH,5.0,NONE,2023-06-15T15:00:00Z,PUBLIC_HISTORICAL,2016.0,1481.0
12508,EXPRESS,GHY,NDLS,KNP-PRYJ-SEC-B,816.0,544.0,653.0,,,109.0,90.0,CLEAR,25.0,0.0,8.0,HIGH,5.0,NONE,2023-06-15T16:00:00Z,PUBLIC_HISTORICAL,1968.0,1421.0
12508,EXPRESS,GHY,NDLS,KNP-PRYJ-SEC-B,864.0,576.0,709.0,,,133.0,90.0,CLEAR,25.0,0.0,8.0,HIGH,5.0,NONE,2023-06-15T17:00:00Z,PUBLIC_HISTORICAL,1920.0,1413.0
12508,EXPRESS,GHY,NDLS,KNP-PRYJ-SEC-B,912.0,608.0,721.0,,,113.0,90.0,CLEAR,25.0,0.0,8.0,HIGH,5.0,NONE,2023-06-15T18:00:00Z,PUBLIC_HISTORICAL,1872.0,1361.0
12508,EXPRESS,GHY,NDLS,KNP-PRYJ-SEC-B,960.0,640.0,754.0,,,114.0,90.0,CLEAR,25.0,0.0,8.0,HIGH,5.0,NONE,2023-06-15T19:00:00Z,PUBLIC_HISTORICAL,1824.0,1330.0
12508,EXPRESS,GHY,NDLS,KNP-PRYJ-SEC-B,1008.0,672.0,785.0,,,113.0,90.0,CLEAR,25.0,0.0,8.0,HIGH,5.0,NONE,2023-06-15T20:00:00Z,PUBLIC_HISTORICAL,1776.0,1297.0
12508,EXPRESS,GHY,NDLS,KNP-PRYJ-SEC-B,1056.0,704.0,833.0,,,129.0,90.0,CLEAR,25.0,0.0,8.0,HIGH,5.0,NONE,2023-06-15T21:00:00Z,PUBLIC_HISTORICAL,1728.0,1281.0
12508,EXPRESS,GHY,NDLS,KNP-PRYJ-SEC-B,1104.0,736.0,904.0,,,168.0,90.0,CLEAR,25.0,0.0,8.0,HIGH,5.0,NONE,2023-06-15T22:00:00Z,PUBLIC_HISTORICAL,1680.0,1288.0
12508,EXPRESS,GHY,NDLS,KNP-PRYJ-SEC-B,1152.0,768.0,938.0,,,170.0,90.0,CLEAR,25.0,0.0,8.0,HIGH,5.0,NONE,2023-06-15T23:00:00Z,PUBLIC_HISTORICAL,1632.0,1258.0
12508,EXPRESS,GHY,NDLS,KNP-PRYJ-SEC-B,1200.0,800.0,977.0,,,177.0,90.0,CLEAR,25.0,0.0,8.0,HIGH,5.0,NONE,2023-06-15T00:00:00Z,PUBLIC_HISTORICAL,1584.0,1233.0
12508,EXPRESS,GHY,NDLS,KNP-PRYJ-SEC-B,1248.0,832.0,1024.0,,,192.0,90.0,CLEAR,25.0,0.0,8.0,HIGH,5.0,NONE,2023-06-15T01:00:00Z,PUBLIC_HISTORICAL,1536.0,1216.0
12508,EXPRESS,GHY,NDLS,KNP-PRYJ-SEC-B,1296.0,864.0,1064.0,,,200.0,90.0,CLEAR,25.0,0.0,8.0,HIGH,5.0,NONE,2023-06-15T02:00:00Z,PUBLIC_HISTORICAL,1488.0,1192.0
12508,EXPRESS,GHY,NDLS,KNP-PRYJ-SEC-B,1344.0,896.0,1109.0,,,213.0,90.0,CLEAR,25.0,0.0,8.0,HIGH,5.0,NONE,2023-06-15T03:00:00Z,PUBLIC_HISTORICAL,1440.0,1173.0
12508,EXPRESS,GHY,NDLS,KNP-PRYJ-SEC-B,1392.0,928.0,1148.0,,,220.0,90.0,CLEAR,25.0,0.0,8.0,HIGH,5.0,NONE,2023-06-15T04:00:00Z,PUBLIC_HISTORICAL,1392.0,1148.0
12508,EXPRESS,GHY,NDLS,KNP-PRYJ-SEC-B,1440.0,960.0,1182.0,,,222.0,90.0,CLEAR,25.0,0.0,8.0,HIGH,5.0,NONE,2023-06-15T05:00:00Z,PUBLIC_HISTORICAL,1344.0,1118.0
12508,EXPRESS,GHY,NDLS,KNP-PRYJ-SEC-B,1488.0,992.0,1233.0,,,241.0,90.0,CLEAR,25.0,0.0,8.0,HIGH,5.0,NONE,2023-06-15T06:00:00Z,PUBLIC_HISTORICAL,1296.0,1105.0
12508,EXPRESS,GHY,NDLS,KNP-PRYJ-SEC-B,1536.0,1024.0,1267.0,,,243.0,90.0,CLEAR,25.0,0.0,8.0,HIGH,5.0,NONE,2023-06-15T07:00:00Z,PUBLIC_HISTORICAL,1248.0,1075.0
12508,EXPRESS,GHY,NDLS,KNP-PRYJ-SEC-B,1584.0,1056.0,1278.0,,,222.0,90.0,CLEAR,25.0,0.0,8.0,HIGH,5.0,NONE,2023-06-15T08:00:00Z,PUBLIC_HISTORICAL,1200.0,1022.0
12508,EXPRESS,GHY,NDLS,KNP-PRYJ-SEC-B,1632.0,1088.0,1320.0,,,232.0,90.0,CLEAR,25.0,0.0,8.0,HIGH,5.0,NONE,2023-06-15T09:00:00Z,PUBLIC_HISTORICAL,1152.0,1000.0
12508,EXPRESS,GHY,NDLS,KNP-PRYJ-SEC-B,1680.0,1120.0,1368.0,,,248.0,90.0,CLEAR,25.0,0.0,8.0,HIGH,5.0,NONE,2023-06-15T10:00:00Z,PUBLIC_HISTORICAL,1104.0,984.0
12508,EXPRESS,GHY,NDLS,KNP-PRYJ-SEC-B,1728.0,1152.0,1406.0,,,254.0,90.0,CLEAR,25.0,0.0,8.0,HIGH,5.0,NONE,2023-06-15T11:00:00Z,PUBLIC_HISTORICAL,1056.0,958.0
12508,EXPRESS,GHY,NDLS,KNP-PRYJ-SEC-B,1776.0,1184.0,1468.0,,,284.0,90.0,CLEAR,25.0,0.0,8.0,HIGH,5.0,NONE,2023-06-15T12:00:00Z,PUBLIC_HISTORICAL,1008.0,956.0
12508,EXPRESS,GHY,NDLS,KNP-PRYJ-SEC-B,1824.0,1216.0,1507.0,,,291.0,90.0,CLEAR,25.0,0.0,8.0,HIGH,5.0,NONE,2023-06-15T13:00:00Z,PUBLIC_HISTORICAL,960.0,931.0
12508,EXPRESS,GHY,NDLS,KNP-PRYJ-SEC-B,1872.0,1248.0,1560.0,,,312.0,90.0,CLEAR,25.0,0.0,8.0,HIGH,5.0,NONE,2023-06-15T14:00:00Z,PUBLIC_HISTORICAL,912.0,920.0
12508,EXPRESS,GHY,NDLS,KNP-PRYJ-SEC-B,1920.0,1280.0,1590.0,,,310.0,90.0,CLEAR,25.0,0.0,8.0,HIGH,5.0,NONE,2023-06-15T15:00:00Z,PUBLIC_HISTORICAL,864.0,886.0
12508,EXPRESS,GHY,NDLS,KNP-PRYJ-SEC-B,1968.0,1312.0,1617.0,,,305.0,90.0,CLEAR,25.0,0.0,8.0,HIGH,5.0,NONE,2023-06-15T16:00:00Z,PUBLIC_HISTORICAL,816.0,849.0
12508,EXPRESS,GHY,NDLS,KNP-PRYJ-SEC-B,2016.0,1344.0,1646.0,,,302.0,90.0,CLEAR,25.0,0.0,8.0,HIGH,5.0,NONE,2023-06-15T17:00:00Z,PUBLIC_HISTORICAL,768.0,814.0
12508,EXPRESS,GHY,NDLS,KNP-PRYJ-SEC-B,2064.0,1376.0,1686.0,,,310.0,90.0,CLEAR,25.0,0.0,8.0,HIGH,5.0,NONE,2023-06-15T18:00:00Z,PUBLIC_HISTORICAL,720.0,790.0
12508,EXPRESS,GHY,NDLS,KNP-PRYJ-SEC-B,2112.0,1408.0,1717.0,,,309.0,90.0,CLEAR,25.0,0.0,8.0,HIGH,5.0,NONE,2023-06-15T19:00:00Z,PUBLIC_HISTORICAL,672.0,757.0
12508,EXPRESS,GHY,NDLS,KNP-PRYJ-SEC-B,2160.0,1440.0,1750.0,,,310.0,90.0,CLEAR,25.0,0.0,8.0,HIGH,5.0,NONE,2023-06-15T20:00:00Z,PUBLIC_HISTORICAL,624.0,726.0
12508,EXPRESS,GHY,NDLS,KNP-PRYJ-SEC-B,2208.0,1472.0,1772.0,,,300.0,90.0,CLEAR,25.0,0.0,8.0,HIGH,5.0,NONE,2023-06-15T21:00:00Z,PUBLIC_HISTORICAL,576.0,684.0
12508,EXPRESS,GHY,NDLS,KNP-PRYJ-SEC-B,2256.0,1504.0,1813.0,,,309.0,90.0,CLEAR,25.0,0.0,8.0,HIGH,5.0,NONE,2023-06-15T22:00:00Z,PUBLIC_HISTORICAL,528.0,661.0
12508,EXPRESS,GHY,NDLS,KNP-PRYJ-SEC-B,2304.0,1536.0,1852.0,,,316.0,90.0,CLEAR,25.0,0.0,8.0,HIGH,5.0,NONE,2023-06-15T23:00:00Z,PUBLIC_HISTORICAL,480.0,636.0
12508,EXPRESS,GHY,NDLS,KNP-PRYJ-SEC-B,2352.0,1568.0,1877.0,,,309.0,90.0,CLEAR,25.0,0.0,8.0,HIGH,5.0,NONE,2023-06-15T00:00:00Z,PUBLIC_HISTORICAL,432.0,597.0
12508,EXPRESS,GHY,NDLS,KNP-PRYJ-SEC-B,2400.0,1600.0,1915.0,,,315.0,90.0,CLEAR,25.0,0.0,8.0,HIGH,5.0,NONE,2023-06-15T01:00:00Z,PUBLIC_HISTORICAL,384.0,571.0
12508,EXPRESS,GHY,NDLS,KNP-PRYJ-SEC-B,2448.0,1632.0,1948.0,,,316.0,90.0,CLEAR,25.0,0.0,8.0,HIGH,5.0,NONE,2023-06-15T02:00:00Z,PUBLIC_HISTORICAL,336.0,540.0
12508,EXPRESS,GHY,NDLS,KNP-PRYJ-SEC-B,2496.0,1664.0,1978.0,,,314.0,90.0,CLEAR,25.0,0.0,8.0,HIGH,5.0,NONE,2023-06-15T03:00:00Z,PUBLIC_HISTORICAL,288.0,506.0
12508,EXPRESS,GHY,NDLS,KNP-PRYJ-SEC-B,2544.0,1696.0,2012.0,,,316.0,90.0,CLEAR,25.0,0.0,8.0,HIGH,5.0,NONE,2023-06-15T04:00:00Z,PUBLIC_HISTORICAL,240.0,476.0
12508,EXPRESS,GHY,NDLS,KNP-PRYJ-SEC-B,2592.0,1728.0,2046.0,,,318.0,90.0,CLEAR,25.0,0.0,8.0,HIGH,5.0,NONE,2023-06-15T05:00:00Z,PUBLIC_HISTORICAL,192.0,446.0
12508,EXPRESS,GHY,NDLS,KNP-PRYJ-SEC-B,2640.0,1760.0,2077.0,,,317.0,90.0,CLEAR,25.0,0.0,8.0,HIGH,5.0,NONE,2023-06-15T06:00:00Z,PUBLIC_HISTORICAL,144.0,413.0
12508,EXPRESS,GHY,NDLS,KNP-PRYJ-SEC-B,2688.0,1792.0,2109.0,,,317.0,90.0,CLEAR,25.0,0.0,8.0,HIGH,5.0,NONE,2023-06-15T07:00:00Z,PUBLIC_HISTORICAL,96.0,381.0
12508,EXPRESS,GHY,NDLS,KNP-PRYJ-SEC-B,2736.0,1824.0,2116.0,,,292.0,90.0,CLEAR,25.0,0.0,8.0,HIGH,5.0,NONE,2023-06-15T08:00:00Z,PUBLIC_HISTORICAL,48.0,324.0
12510,EXPRESS,GHY,NDLS,NDLS-CNB-SEC-A,48.0,32.0,58.0,,,26.0,90.0,CLEAR,25.0,0.0,8.0,MEDIUM,5.0,NONE,2023-06-15T00:00:00Z,PUBLIC_HISTORICAL,1968.0,1338.0
12510,EXPRESS,GHY,NDLS,NDLS-CNB-SEC-A,96.0,64.0,94.0,,,30.0,90.0,CLEAR,25.0,0.0,8.0,MEDIUM,5.0,NONE,2023-06-15T01:00:00Z,PUBLIC_HISTORICAL,1920.0,1310.0
12510,EXPRESS,GHY,NDLS,NDLS-CNB-SEC-A,144.0,96.0,145.0,,,49.0,90.0,CLEAR,25.0,0.0,8.0,HIGH,5.0,NONE,2023-06-15T02:00:00Z,PUBLIC_HISTORICAL,1872.0,1297.0
12510,EXPRESS,GHY,NDLS,NDLS-CNB-SEC-A,192.0,128.0,211.0,,,83.0,90.0,CLEAR,25.0,0.0,8.0,HIGH,5.0,NONE,2023-06-15T03:00:00Z,PUBLIC_HISTORICAL,1824.0,1299.0
12510,EXPRESS,GHY,NDLS,NDLS-CNB-SEC-A,240.0,160.0,234.0,,,74.0,90.0,CLEAR,25.0,0.0,8.0,HIGH,5.0,NONE,2023-06-15T04:00:00Z,PUBLIC_HISTORICAL,1776.0,1258.0
12510,EXPRESS,GHY,NDLS,KNP-PRYJ-SEC-B,288.0,192.0,247.0,,,55.0,90.0,CLEAR,25.0,0.0,8.0,HIGH,5.0,NONE,2023-06-15T05:00:00Z,PUBLIC_HISTORICAL,1728.0,1207.0
12510,EXPRESS,GHY,NDLS,KNP-PRYJ-SEC-B,336.0,224.0,287.0,,,63.0,90.0,CLEAR,25.0,0.0,8.0,HIGH,5.0,NONE,2023-06-15T06:00:00Z,PUBLIC_HISTORICAL,1680.0,1183.0
12510,EXPRESS,GHY,NDLS,KNP-PRYJ-SEC-B,384.0,256.0,336.0,,,80.0,90.0,CLEAR,25.0,0.0,8.0,HIGH,5.0,NONE,2023-06-15T07:00:00Z,PUBLIC_HISTORICAL,1632.0,1168.0
12510,EXPRESS,GHY,NDLS,KNP-PRYJ-SEC-B,432.0,288.0,378.0,,,90.0,90.0,CLEAR,25.0,0.0,8.0,HIGH,5.0,NONE,2023-06-15T08:00:00Z,PUBLIC_HISTORICAL,1584.0,1146.0
12510,EXPRESS,GHY,NDLS,KNP-PRYJ-SEC-B,480.0,320.0,413.0,,,93.0,90.0,CLEAR,25.0,0.0,8.0,HIGH,5.0,NONE,2023-06-15T09:00:00Z,PUBLIC_HISTORICAL,1536.0,1117.0
12510,EXPRESS,GHY,NDLS,KNP-PRYJ-SEC-B,528.0,352.0,439.0,,,87.0,90.0,CLEAR,25.0,0.0,8.0,HIGH,5.0,NONE,2023-06-15T10:00:00Z,PUBLIC_HISTORICAL,1488.0,1079.0
12510,EXPRESS,GHY,NDLS,KNP-PRYJ-SEC-B,576.0,384.0,451.0,,,67.0,90.0,CLEAR,25.0,0.0,8.0,HIGH,5.0,NONE,2023-06-15T11:00:00Z,PUBLIC_HISTORICAL,1440.0,1027.0
12510,EXPRESS,GHY,NDLS,KNP-PRYJ-SEC-B,624.0,416.0,512.0,,,96.0,90.0,CLEAR,25.0,0.0,8.0,HIGH,5.0,NONE,2023-06-15T12:00:00Z,PUBLIC_HISTORICAL,1392.0,1024.0
12510,EXPRESS,GHY,NDLS,KNP-PRYJ-SEC-B,672.0,448.0,543.0,,,95.0,90.0,CLEAR,25.0,0.0,8.0,HIGH,5.0,NONE,2023-06-15T13:00:00Z,PUBLIC_HISTORICAL,1344.0,991.0
12510,EXPRESS,GHY,NDLS,KNP-PRYJ-SEC-B,720.0,480.0,551.0,,,71.0,90.0,CLEAR,25.0,0.0,8.0,HIGH,5.0,NONE,2023-06-15T14:00:00Z,PUBLIC_HISTORICAL,1296.0,935.0
12510,EXPRESS,GHY,NDLS,KNP-PRYJ-SEC-B,768.0,512.0,593.0,,,81.0,90.0,CLEAR,25.0,0.0,8.0,HIGH,5.0,NONE,2023-06-15T15:00:00Z,PUBLIC_HISTORICAL,1248.0,913.0
12510,EXPRESS,GHY,NDLS,KNP-PRYJ-SEC-B,816.0,544.0,617.0,,,73.0,90.0,CLEAR,25.0,0.0,8.0,HIGH,5.0,NONE,2023-06-15T16:00:00Z,PUBLIC_HISTORICAL,1200.0,873.0
12510,EXPRESS,GHY,NDLS,KNP-PRYJ-SEC-B,864.0,576.0,666.0,,,90.0,90.0,CLEAR,25.0,0.0,8.0,HIGH,5.0,NONE,2023-06-15T17:00:00Z,PUBLIC_HISTORICAL,1152.0,858.0
12510,EXPRESS,GHY,NDLS,KNP-PRYJ-SEC-B,912.0,608.0,726.0,,,118.0,90.0,CLEAR,25.0,0.0,8.0,HIGH,5.0,NONE,2023-06-15T18:00:00Z,PUBLIC_HISTORICAL,1104.0,854.0
12510,EXPRESS,GHY,NDLS,KNP-PRYJ-SEC-B,960.0,640.0,767.0,,,127.0,90.0,CLEAR,25.0,0.0,8.0,HIGH,5.0,NONE,2023-06-15T19:00:00Z,PUBLIC_HISTORICAL,1056.0,831.0
12510,EXPRESS,GHY,NDLS,KNP-PRYJ-SEC-B,1008.0,672.0,808.0,,,136.0,90.0,CLEAR,25.0,0.0,8.0,HIGH,5.0,NONE,2023-06-15T20:00:00Z,PUBLIC_HISTORICAL,1008.0,808.0
12510,EXPRESS,GHY,NDLS,KNP-PRYJ-SEC-B,1056.0,704.0,854.0,,,150.0,90.0,CLEAR,25.0,0.0,8.0,HIGH,5.0,NONE,2023-06-15T21:00:00Z,PUBLIC_HISTORICAL,960.0,790.0
12510,EXPRESS,GHY,NDLS,KNP-PRYJ-SEC-B,1104.0,736.0,893.0,,,157.0,90.0,CLEAR,25.0,0.0,8.0,HIGH,5.0,NONE,2023-06-15T22:00:00Z,PUBLIC_HISTORICAL,912.0,765.0
12510,EXPRESS,GHY,NDLS,KNP-PRYJ-SEC-B,1152.0,768.0,943.0,,,175.0,90.0,CLEAR,25.0,0.0,8.0,HIGH,5.0,NONE,2023-06-15T23:00:00Z,PUBLIC_HISTORICAL,864.0,751.0
12510,EXPRESS,GHY,NDLS,KNP-PRYJ-SEC-B,1200.0,800.0,978.0,,,178.0,90.0,CLEAR,25.0,0.0,8.0,HIGH,5.0,NONE,2023-06-15T00:00:00Z,PUBLIC_HISTORICAL,816.0,722.0
12510,EXPRESS,GHY,NDLS,KNP-PRYJ-SEC-B,1248.0,832.0,1012.0,,,180.0,90.0,CLEAR,25.0,0.0,8.0,HIGH,5.0,NONE,2023-06-15T01:00:00Z,PUBLIC_HISTORICAL,768.0,692.0
12510,EXPRESS,GHY,NDLS,KNP-PRYJ-SEC-B,1296.0,864.0,1064.0,,,200.0,90.0,CLEAR,25.0,0.0,8.0,HIGH,5.0,NONE,2023-06-15T02:00:00Z,PUBLIC_HISTORICAL,720.0,680.0
12510,EXPRESS,GHY,NDLS,KNP-PRYJ-SEC-B,1344.0,896.0,1101.0,,,205.0,90.0,CLEAR,25.0,0.0,8.0,HIGH,5.0,NONE,2023-06-15T03:00:00Z,PUBLIC_HISTORICAL,672.0,653.0
12510,EXPRESS,GHY,NDLS,KNP-PRYJ-SEC-B,1392.0,928.0,1119.0,,,191.0,90.0,CLEAR,25.0,0.0,8.0,HIGH,5.0,NONE,2023-06-15T04:00:00Z,PUBLIC_HISTORICAL,624.0,607.0
12510,EXPRESS,GHY,NDLS,KNP-PRYJ-SEC-B,1440.0,960.0,1161.0,,,201.0,90.0,CLEAR,25.0,0.0,8.0,HIGH,5.0,NONE,2023-06-15T05:00:00Z,PUBLIC_HISTORICAL,576.0,585.0
12510,EXPRESS,GHY,NDLS,KNP-PRYJ-SEC-B,1488.0,992.0,1196.0,,,204.0,90.0,CLEAR,25.0,0.0,8.0,HIGH,5.0,NONE,2023-06-15T06:00:00Z,PUBLIC_HISTORICAL,528.0,556.0
12510,EXPRESS,GHY,NDLS,KNP-PRYJ-SEC-B,1536.0,1024.0,1234.0,,,210.0,90.0,CLEAR,25.0,0.0,8.0,HIGH,5.0,NONE,2023-06-15T07:00:00Z,PUBLIC_HISTORICAL,480.0,530.0
12510,EXPRESS,GHY,NDLS,KNP-PRYJ-SEC-B,1584.0,1056.0,1304.0,,,248.0,90.0,CLEAR,25.0,0.0,8.0,HIGH,5.0,NONE,2023-06-15T08:00:00Z,PUBLIC_HISTORICAL,432.0,536.0
12510,EXPRESS,GHY,NDLS,KNP-PRYJ-SEC-B,1632.0,1088.0,1343.0,,,255.0,90.0,CLEAR,25.0,0.0,8.0,HIGH,5.0,NONE,2023-06-15T09:00:00Z,PUBLIC_HISTORICAL,384.0,511.0
12510,EXPRESS,GHY,NDLS,KNP-PRYJ-SEC-B,1680.0,1120.0,1401.0,,,281.0,90.0,CLEAR,25.0,0.0,8.0,HIGH,5.0,NONE,2023-06-15T10:00:00Z,PUBLIC_HISTORICAL,336.0,505.0
12510,EXPRESS,GHY,NDLS,KNP-PRYJ-SEC-B,1728.0,1152.0,1438.0,,,286.0,90.0,CLEAR,25.0,0.0,8.0,HIGH,5.0,NONE,2023-06-15T11:00:00Z,PUBLIC_HISTORICAL,288.0,478.0
12510,EXPRESS,GHY,NDLS,KNP-PRYJ-SEC-B,1776.0,1184.0,1464.0,,,280.0,90.0,CLEAR,25.0,0.0,8.0,HIGH,5.0,NONE,2023-06-15T12:00:00Z,PUBLIC_HISTORICAL,240.0,440.0
12510,EXPRESS,GHY,NDLS,KNP-PRYJ-SEC-B,1824.0,1216.0,1502.0,,,286.0,90.0,CLEAR,25.0,0.0,8.0,HIGH,5.0,NONE,2023-06-15T13:00:00Z,PUBLIC_HISTORICAL,192.0,414.0
12510,EXPRESS,GHY,NDLS,KNP-PRYJ-SEC-B,1872.0,1248.0,1549.0,,,301.0,90.0,CLEAR,25.0,0.0,8.0,HIGH,5.0,NONE,2023-06-15T14:00:00Z,PUBLIC_HISTORICAL,144.0,397.0
12510,EXPRESS,GHY,NDLS,KNP-PRYJ-SEC-B,1920.0,1280.0,1576.0,,,296.0,90.0,CLEAR,25.0,0.0,8.0,HIGH,5.0,NONE,2023-06-15T15:00:00Z,PUBLIC_HISTORICAL,96.0,360.0
12510,EXPRESS,GHY,NDLS,KNP-PRYJ-SEC-B,1968.0,1312.0,1594.0,,,282.0,90.0,CLEAR,25.0,0.0,8.0,HIGH,5.0,NONE,2023-06-15T16:00:00Z,PUBLIC_HISTORICAL,48.0,314.0
TR001,SUPERFAST,NDLS,PRYJ,KNP-PRYJ-SEC-B,0.0,0.0,0.0,,,0.0,128.75560007963762,CLEAR,18.0,0.0,9.0,LOW,,NONE,2024-01-01T10:00:00Z,SIMULATED,1445.0,1.0
TR001,SUPERFAST,NDLS,PRYJ,KNP-PRYJ-SEC-B,150.0,75.0,80.0,,,5.0,119.97611549688747,CLEAR,18.0,0.0,9.0,MEDIUM,,NONE,2024-02-02T10:00:00Z,SIMULATED,1295.0,1.0
TR001,SUPERFAST,NDLS,PRYJ,KNP-PRYJ-SEC-B,330.0,170.4,183.4,,,13.0,116.1955580748508,CLEAR,15.0,0.0,9.0,MEDIUM,,NONE,2024-03-03T10:00:00Z,SIMULATED,1115.0,1.0
TR001,SUPERFAST,NDLS,PRYJ,KNP-PRYJ-SEC-B,465.0,241.0,258.0,,,17.0,115.78642018276868,FOGGY,12.0,0.0,1.5,MEDIUM,,NONE,2024-04-04T10:00:00Z,SIMULATED,980.0,1.0
TR001,SUPERFAST,NDLS,PRYJ,KNP-PRYJ-SEC-B,785.0,405.7,425.7,,,20.0,116.09977800321654,FOGGY,8.0,0.0,1.5,MEDIUM,,NONE,2024-05-05T10:00:00Z,SIMULATED,660.0,1.0
TR001,SUPERFAST,NDLS,PRYJ,KNP-PRYJ-SEC-B,945.0,498.4,516.4,,,18.0,113.76471809102144,FOGGY,7.0,0.0,1.5,MEDIUM,,NONE,2024-06-06T10:00:00Z,SIMULATED,500.0,1.0
TR001,SUPERFAST,NDLS,PRYJ,KNP-PRYJ-SEC-B,1445.0,714.3,729.3,,,15.0,121.3711792748606,CLOUDY,22.0,0.0,9.0,LOW,,NONE,2024-07-07T10:00:00Z,SIMULATED,10.0,1.0
TR002,SUPERFAST,NDLS,PRYJ,KNP-PRYJ-SEC-B,0.0,0.0,0.0,,,0.0,126.10882085949962,CLEAR,16.0,0.0,9.0,MEDIUM,,NONE,2024-08-08T10:00:00Z,SIMULATED,1384.0,1.0
TR002,SUPERFAST,NDLS,PRYJ,KNP-PRYJ-SEC-B,685.0,324.4,332.4,,,8.0,126.70895034957474,CLEAR,14.0,0.0,9.0,LOW,,NONE,2024-09-09T10:00:00Z,SIMULATED,699.0,1.0
TR002,SUPERFAST,NDLS,PRYJ,KNP-PRYJ-SEC-B,865.0,402.8,417.8,,,15.0,128.86109514498042,CLEAR,20.0,0.0,9.0,MEDIUM,,NONE,2024-10-10T10:00:00Z,SIMULATED,519.0,1.0
TR002,SUPERFAST,NDLS,PRYJ,KNP-PRYJ-SEC-B,1384.0,687.2,697.2,,,10.0,120.84165586016,CLOUDY,28.0,0.0,9.0,LOW,,NONE,2024-11-11T10:00:00Z,SIMULATED,10.0,1.0
TR003,SUPERFAST,NDLS,PRYJ,KNP-PRYJ-SEC-B,0.0,0.0,0.0,,,0.0,121.9842703398248,CLEAR,12.0,0.0,9.0,MEDIUM,,NONE,2024-12-12T10:00:00Z,SIMULATED,308.0,1.0
TR003,SUPERFAST,NDLS,PRYJ,KNP-PRYJ-SEC-B,308.0,146.0,151.0,,,5.0,126.58618782295288,CLEAR,22.0,0.0,9.0,LOW,,NONE,2024-01-13T10:00:00Z,SIMULATED,10.0,1.0
TR004,MAIL,NDLS,PRYJ,KNP-PRYJ-SEC-B,0.0,0.0,0.0,,,0.0,102.62311559487128,CLEAR,16.0,0.0,9.0,LOW,,NONE,2024-02-14T10:00:00Z,SIMULATED,2180.0,1.0
TR004,MAIL,NDLS,PRYJ,KNP-PRYJ-SEC-B,195.0,139.4,146.4,,,7.0,83.92407866424205,FOGGY,10.0,0.0,1.5,LOW,,NONE,2024-03-15T10:00:00Z,SIMULATED,1985.0,1.0
TR004,MAIL,NDLS,PRYJ,KNP-PRYJ-SEC-B,405.0,264.3,279.3,,,15.0,91.94237080505116,FOGGY,8.0,0.0,1.5,LOW,,NONE,2024-04-16T10:00:00Z,SIMULATED,1775.0,1.0
TR004,MAIL,NDLS,PRYJ,KNP-PRYJ-SEC-B,780.0,437.9,457.9,,,20.0,106.868133510538,CLEAR,22.0,0.0,9.0,MEDIUM,,NONE,2024-05-17T10:00:00Z,SIMULATED,1400.0,1.0
TR004,MAIL,NDLS,PRYJ,KNP-PRYJ-SEC-B,1160.0,691.9,709.9,,,18.0,100.58875902692664,CLOUDY,26.0,0.0,9.0,LOW,,NONE,2024-06-18T10:00:00Z,SIMULATED,1020.0,1.0
TR004,MAIL,NDLS,PRYJ,KNP-PRYJ-SEC-B,1445.0,824.4,846.4,,,22.0,105.16372176666624,CLEAR,24.0,0.0,9.0,MEDIUM,,NONE,2024-07-19T10:00:00Z,SIMULATED,735.0,1.0
TR004,MAIL,NDLS,PRYJ,KNP-PRYJ-SEC-B,2180.0,1356.3,1376.3,,,20.0,96.4411147319302,CLOUDY,32.0,0.0,9.0,LOW,,NONE,2024-08-20T10:00:00Z,SIMULATED,10.0,1.0
TR005,PASSENGER,NDLS,PRYJ,KNP-PRYJ-SEC-B,0.0,0.0,0.0,,,0.0,74.51203528845738,CLEAR,14.0,0.0,9.0,LOW,,NONE,2024-09-21T10:00:00Z,SIMULATED,495.0,1.0
TR005,PASSENGER,NDLS,PRYJ,KNP-PRYJ-SEC-B,90.0,86.0,91.0,,,5.0,62.780749738866895,CLEAR,15.0,0.0,9.0,MEDIUM,,NONE,2024-10-22T10:00:00Z,SIMULATED,405.0,1.0
TR005,PASSENGER,NDLS,PRYJ,KNP-PRYJ-SEC-B,165.0,146.5,156.5,,,10.0,67.5931532161795,CLEAR,16.0,0.0,9.0,MEDIUM,,NONE,2024-11-23T10:00:00Z,SIMULATED,330.0,1.0
TR005,PASSENGER,NDLS,PRYJ,KNP-PRYJ-SEC-B,240.0,215.3,227.3,,,12.0,66.88815481877948,CLEAR,17.0,0.0,9.0,MEDIUM,,NONE,2024-12-24T10:00:00Z,SIMULATED,255.0,1.0
TR005,PASSENGER,NDLS,PRYJ,KNP-PRYJ-SEC-B,345.0,314.3,329.3,,,15.0,65.85267476828534,CLEAR,18.0,0.0,9.0,LOW,,NONE,2024-01-25T10:00:00Z,SIMULATED,150.0,1.0
TR005,PASSENGER,NDLS,PRYJ,KNP-PRYJ-SEC-B,495.0,490.4,500.4,,,10.0,60.55917169538701,CLEAR,19.0,0.0,9.0,LOW,,NONE,2024-02-26T10:00:00Z,SIMULATED,10.0,1.0
TR006,SUPERFAST,NDLS,PRYJ,KNP-PRYJ-SEC-B,0.0,0.0,0.0,,,0.0,127.6159734953734,CLEAR,13.0,0.0,9.0,MEDIUM,,NONE,2024-03-27T10:00:00Z,SIMULATED,195.0,1.0
TR006,SUPERFAST,NDLS,PRYJ,KNP-PRYJ-SEC-B,150.0,70.9,74.9,,,4.0,126.99408862451872,CLEAR,15.0,0.0,9.0,MEDIUM,,NONE,2024-04-28T10:00:00Z,SIMULATED,45.0,1.0
TR006,SUPERFAST,NDLS,PRYJ,KNP-PRYJ-SEC-B,195.0,94.2,99.2,,,5.0,124.25353928996044,CLEAR,18.0,0.0,9.0,LOW,,NONE,2024-05-01T10:00:00Z,SIMULATED,10.0,1.0
TR007,SUPERFAST,NDLS,PRYJ,KNP-PRYJ-SEC-B,0.0,0.0,0.0,,,0.0,129.20215624859554,CLEAR,26.0,0.0,9.0,LOW,,NONE,2024-06-02T10:00:00Z,SIMULATED,985.0,1.0
TR007,SUPERFAST,NDLS,PRYJ,KNP-PRYJ-SEC-B,120.0,58.7,68.7,,,10.0,122.61721684750216,CLEAR,22.0,0.0,9.0,MEDIUM,,NONE,2024-07-03T10:00:00Z,SIMULATED,865.0,1.0
TR007,SUPERFAST,NDLS,PRYJ,KNP-PRYJ-SEC-B,485.0,231.1,244.1,,,13.0,125.9221640032875,CLEAR,18.0,0.0,9.0,LOW,,NONE,2024-08-04T10:00:00Z,SIMULATED,500.0,1.0
TR007,SUPERFAST,NDLS,PRYJ,KNP-PRYJ-SEC-B,680.0,309.3,324.3,,,15.0,131.89232780205168,CLEAR,20.0,0.0,9.0,LOW,,NONE,2024-09-05T10:00:00Z,SIMULATED,305.0,1.0
TR007,SUPERFAST,NDLS,PRYJ,KNP-PRYJ-SEC-B,985.0,489.6,504.6,,,15.0,120.7134924152102,CLOUDY,24.0,0.0,9.0,LOW,,NONE,2024-10-06T10:00:00Z,SIMULATED,10.0,1.0
TR008,SUPERFAST,NDLS,PRYJ,KNP-PRYJ-SEC-B,0.0,0.0,0.0,,,0.0,123.9688997051672,CLEAR,24.0,0.0,9.0,LOW,,NONE,2024-11-07T10:00:00Z,SIMULATED,120.0,1.0
TR008,SUPERFAST,NDLS,PRYJ,KNP-PRYJ-SEC-B,120.0,56.8,59.8,,,3.0,126.76739668966307,CLEAR,23.0,0.0,9.0,LOW,,NONE,2024-12-08T10:00:00Z,SIMULATED,10.0,1.0
TR009,EXPRESS,NDLS,PRYJ,KNP-PRYJ-SEC-B,0.0,0.0,0.0,,,0.0,98.15954636768024,CLEAR,27.0,0.0,9.0,LOW,,NONE,2024-01-09T10:00:00Z,SIMULATED,492.0,1.0
TR009,EXPRESS,NDLS,PRYJ,KNP-PRYJ-SEC-B,340.0,197.5,204.5,,,7.0,103.27655500213278,CLEAR,19.0,0.0,9.0,LOW,,NONE,2024-02-10T10:00:00Z,SIMULATED,152.0,1.0
TR009,EXPRESS,NDLS,PRYJ,KNP-PRYJ-SEC-B,492.0,279.9,289.9,,,10.0,105.47352894934082,CLEAR,16.0,0.0,9.0,LOW,,NONE,2024-03-11T10:00:00Z,SIMULATED,10.0,1.0
TR010,SUPERFAST,NDLS,PRYJ,KNP-PRYJ-SEC-B,0.0,0.0,0.0,,,0.0,127.43359743153142,RAINY,24.0,2.5,3.0,MEDIUM,,NONE,2024-04-12T10:00:00Z,SIMULATED,1215.0,1.0
TR010,SUPERFAST,NDLS,PRYJ,KNP-PRYJ-SEC-B,160.0,75.7,87.7,,,12.0,126.86195991134532,RAINY,22.0,2.5,3.0,MEDIUM,,NONE,2024-05-13T10:00:00Z,SIMULATED,1055.0,1.0
TR010,SUPERFAST,NDLS,PRYJ,KNP-PRYJ-SEC-B,275.0,134.6,149.6,,,15.0,122.56501251145134,RAINY,21.0,2.5,3.0,LOW,,NONE,2024-06-14T10:00:00Z,SIMULATED,940.0,1.0
TR010,SUPERFAST,NDLS,PRYJ,KNP-PRYJ-SEC-B,395.0,202.7,222.7,,,20.0,116.92738676949868,RAINY,19.0,2.5,3.0,MEDIUM,,NONE,2024-07-15T10:00:00Z,SIMULATED,820.0,1.0
TR010,SUPERFAST,NDLS,PRYJ,KNP-PRYJ-SEC-B,740.0,338.1,356.1,,,18.0,131.30793578429856,RAINY,25.0,2.5,3.0,HIGH,,NONE,2024-08-16T10:00:00Z,SIMULATED,475.0,1.0
TR010,SUPERFAST,NDLS,PRYJ,KNP-PRYJ-SEC-B,950.0,459.2,474.2,,,15.0,124.1322297780046,CLOUDY,28.0,0.0,9.0,MEDIUM,,NONE,2024-09-17T10:00:00Z,SIMULATED,265.0,1.0
TR010,SUPERFAST,NDLS,PRYJ,KNP-PRYJ-SEC-B,1215.0,582.2,602.2,,,20.0,125.22462526236114,CLOUDY,27.0,0.0,9.0,MEDIUM,,NONE,2024-10-18T10:00:00Z,SIMULATED,10.0,1.0
TR011,SUPERFAST,NDLS,PRYJ,KNP-PRYJ-SEC-B,0.0,0.0,0.0,,,0.0,132.29098630342972,CLEAR,17.0,0.0,9.0,LOW,,NONE,2024-11-19T10:00:00Z,SIMULATED,150.0,1.0
TR011,SUPERFAST,NDLS,PRYJ,KNP-PRYJ-SEC-B,150.0,71.2,74.2,,,3.0,126.47673027816492,CLEAR,16.0,0.0,9.0,LOW,,NONE,2024-12-20T10:00:00Z,SIMULATED,10.0,1.0
TR012,SUPERFAST,NDLS,PRYJ,KNP-PRYJ-SEC-B,0.0,0.0,0.0,,,0.0,113.23622302078888,FOGGY,11.0,0.0,1.5,LOW,,NONE,2024-01-21T10:00:00Z,SIMULATED,449.0,1.0
TR012,SUPERFAST,NDLS,PRYJ,KNP-PRYJ-SEC-B,449.0,242.6,262.6,,,20.0,111.0640591169965,FOGGY,8.0,0.0,1.5,MEDIUM,,NONE,2024-02-22T10:00:00Z,SIMULATED,10.0,1.0
TR013,SUPERFAST,NDLS,PRYJ,KNP-PRYJ-SEC-B,0.0,0.0,0.0,,,0.0,124.77652228598444,CLEAR,28.0,0.0,9.0,LOW,,NONE,2024-03-23T10:00:00Z,SIMULATED,280.0,1.0
TR013,SUPERFAST,NDLS,PRYJ,KNP-PRYJ-SEC-B,280.0,127.0,137.0,,,10.0,132.31314249224098,CLEAR,26.0,0.0,9.0,LOW,,NONE,2024-04-24T10:00:00Z,SIMULATED,10.0,1.0
TR014,SUPERFAST,NDLS,PRYJ,KNP-PRYJ-SEC-B,0.0,0.0,0.0,,,0.0,125.01492419696548,CLEAR,18.0,0.0,9.0,LOW,,NONE,2024-05-25T10:00:00Z,SIMULATED,765.0,1.0
TR014,SUPERFAST,NDLS,PRYJ,KNP-PRYJ-SEC-B,150.0,67.6,70.6,,,3.0,133.11160031160327,CLEAR,19.0,0.0,9.0,LOW,,NONE,2024-06-26T10:00:00Z,SIMULATED,615.0,1.0
TR014,SUPERFAST,NDLS,PRYJ,KNP-PRYJ-SEC-B,330.0,152.8,162.8,,,10.0,129.60692784891378,CLEAR,17.0,0.0,9.0,LOW,,NONE,2024-07-27T10:00:00Z,SIMULATED,435.0,1.0
TR014,SUPERFAST,NDLS,PRYJ,KNP-PRYJ-SEC-B,765.0,426.4,441.4,,,15.0,107.64038326523516,FOGGY,10.0,0.0,1.5,LOW,,NONE,2024-08-28T10:00:00Z,SIMULATED,10.0,1.0
TR015,EXPRESS,NDLS,PRYJ,KNP-PRYJ-SEC-B,0.0,0.0,0.0,,,0.0,103.2804594459182,CLEAR,16.0,0.0,9.0,LOW,,NONE,2024-09-01T10:00:00Z,SIMULATED,495.0,1.0
TR015,EXPRESS,NDLS,PRYJ,KNP-PRYJ-SEC-B,150.0,83.6,91.6,,,8.0,107.63199201880312,CLEAR,15.0,0.0,9.0,LOW,,NONE,2024-10-02T10:00:00Z,SIMULATED,345.0,1.0
TR015,EXPRESS,NDLS,PRYJ,KNP-PRYJ-SEC-B,225.0,130.5,140.5,,,10.0,103.44406616306946,CLEAR,14.0,0.0,9.0,LOW,,NONE,2024-11-03T10:00:00Z,SIMULATED,270.0,1.0
TR015,EXPRESS,NDLS,PRYJ,KNP-PRYJ-SEC-B,300.0,175.1,183.1,,,8.0,102.81216731674157,CLEAR,13.0,0.0,9.0,LOW,,NONE,2024-12-04T10:00:00Z,SIMULATED,195.0,1.0
TR015,EXPRESS,NDLS,PRYJ,KNP-PRYJ-SEC-B,405.0,236.2,241.2,,,5.0,102.870548868494,CLEAR,13.0,0.0,9.0,LOW,,NONE,2024-01-05T10:00:00Z,SIMULATED,90.0,1.0
TR016,DOUBLE DECKER,NDLS,PRYJ,KNP-PRYJ-SEC-B,0.0,0.0,0.0,,,0.0,98.63525169195864,CLEAR,27.0,0.0,9.0,LOW,,NONE,2024-02-06T10:00:00Z,SIMULATED,495.0,1.0
TR016,DOUBLE DECKER,NDLS,PRYJ,KNP-PRYJ-SEC-B,495.0,286.2,298.2,,,12.0,103.7643492039102,CLEAR,29.0,0.0,9.0,LOW,,NONE,2024-03-07T10:00:00Z,SIMULATED,10.0,1.0
TR017,EXPRESS,NDLS,PRYJ,KNP-PRYJ-SEC-B,0.0,0.0,0.0,,,0.0,95.20397162430072,CLEAR,20.0,0.0,9.0,LOW,,NONE,2024-04-08T10:00:00Z,SIMULATED,308.0,1.0
TR017,EXPRESS,NDLS,PRYJ,KNP-PRYJ-SEC-B,308.0,183.2,190.2,,,7.0,100.87973400049312,CLEAR,16.0,0.0,9.0,LOW,,NONE,2024-05-09T10:00:00Z,SIMULATED,10.0,1.0
TR018,EXPRESS,NDLS,PRYJ,KNP-PRYJ-SEC-B,0.0,0.0,0.0,,,0.0,88.9382131369105,FOGGY,10.0,0.0,1.5,LOW,,NONE,2024-06-10T10:00:00Z,SIMULATED,545.0,1.0
TR018,EXPRESS,NDLS,PRYJ,KNP-PRYJ-SEC-B,185.0,122.8,134.8,,,12.0,90.41879689614328,FOGGY,9.0,0.0,1.5,LOW,,NONE,2024-07-11T10:00:00Z,SIMULATED,360.0,1.0
TR018,EXPRESS,NDLS,PRYJ,KNP-PRYJ-SEC-B,545.0,360.2,375.2,,,15.0,90.77902773646444,FOGGY,8.0,0.0,1.5,LOW,,NONE,2024-08-12T10:00:00Z,SIMULATED,10.0,1.0
TR019,MAIL,NDLS,PRYJ,KNP-PRYJ-SEC-B,0.0,0.0,0.0,,,0.0,102.88766337661968,CLEAR,22.0,0.0,9.0,LOW,,NONE,2024-09-13T10:00:00Z,SIMULATED,560.0,1.0
TR019,MAIL,NDLS,PRYJ,KNP-PRYJ-SEC-B,560.0,335.3,353.3,,,18.0,100.20686331650492,CLEAR,19.0,0.0,9.0,LOW,,NONE,2024-10-14T10:00:00Z,SIMULATED,10.0,1.0
TR020,SUPERFAST,NDLS,PRYJ,KNP-PRYJ-SEC-B,0.0,0.0,0.0,,,0.0,127.21378271231818,CLEAR,25.0,0.0,9.0,LOW,,NONE,2024-11-15T10:00:00Z,SIMULATED,685.0,1.0
TR020,SUPERFAST,NDLS,PRYJ,KNP-PRYJ-SEC-B,685.0,325.7,338.7,,,13.0,126.20479327301364,CLEAR,21.0,0.0,9.0,LOW,,NONE,2024-12-16T10:00:00Z,SIMULATED,10.0,1.0
IR-12423,SUPERFAST,NDLS,PRYJ,KNP-PRYJ-SEC-B,45.0,24.5,44.1,,,19.6,110.20207221428012,FOGGY,20.8,0.0,1.5,HIGH,5.0,NONE,2024-01-17T10:00:00Z,SIMULATED,555.0,326.8
IR-12423,SUPERFAST,NDLS,PRYJ,KNP-PRYJ-SEC-B,45.0,23.4,32.7,,,9.3,115.33744158523685,LIGHT RAIN,23.2,1.5,4.0,LOW,5.0,NONE,2024-02-18T10:00:00Z,SIMULATED,555.0,303.0
IR-12423,SUPERFAST,NDLS,PRYJ,KNP-PRYJ-SEC-B,45.0,23.2,30.7,,,7.5,116.233141810663,LIGHT RAIN,25.6,1.5,4.0,LOW,5.0,NONE,2024-03-19T10:00:00Z,SIMULATED,555.0,299.0
IR-12423,SUPERFAST,NDLS,PRYJ,KNP-PRYJ-SEC-B,45.0,24.1,39.6,,,15.5,112.26335152122236,LIGHT RAIN,28.8,1.5,4.0,HIGH,5.0,NONE,2024-04-20T10:00:00Z,SIMULATED,555.0,317.1
IR-12423,SUPERFAST,NDLS,PRYJ,KNP-PRYJ-SEC-B,45.0,23.9,37.9,,,14.0,112.98639006037266,LIGHT RAIN,32.0,1.5,4.0,MEDIUM,5.0,NONE,2024-05-21T10:00:00Z,SIMULATED,555.0,313.7
IR-12423,SUPERFAST,NDLS,PRYJ,KNP-PRYJ-SEC-B,45.0,24.0,38.7,,,14.7,112.64350366662472,CLEAR,20.8,0.0,9.0,MEDIUM,5.0,NONE,2024-06-22T10:00:00Z,SIMULATED,555.0,315.3
IR-12423,SUPERFAST,NDLS,PRYJ,KNP-PRYJ-SEC-B,45.0,23.0,28.5,,,5.5,117.22600028747829,CLEAR,23.2,0.0,9.0,LOW,5.0,NONE,2024-07-23T10:00:00Z,SIMULATED,555.0,294.6
IR-12423,SUPERFAST,NDLS,PRYJ,KNP-PRYJ-SEC-B,45.0,23.3,31.2,,,7.9,116.05270085597176,CLEAR,25.6,0.0,9.0,LOW,5.0,NONE,2024-08-24T10:00:00Z,SIMULATED,555.0,299.8
IR-12423,SUPERFAST,NDLS,PRYJ,KNP-PRYJ-SEC-B,45.0,24.5,43.9,,,19.4,110.29068467260107,CLEAR,28.8,0.0,9.0,HIGH,5.0,NONE,2024-09-25T10:00:00Z,SIMULATED,555.0,326.3
IR-12423,SUPERFAST,NDLS,PRYJ,KNP-PRYJ-SEC-B,45.0,22.9,27.6,,,4.7,117.65738583038446,CLEAR,32.0,0.0,9.0,LOW,5.0,NONE,2024-10-26T10:00:00Z,SIMULATED,555.0,292.7
IR-12423,SUPERFAST,NDLS,PRYJ,KNP-PRYJ-SEC-B,45.0,23.6,34.4,,,10.8,114.62054028373367,CLEAR,20.8,0.0,9.0,MEDIUM,5.0,NONE,2024-11-27T10:00:00Z,SIMULATED,555.0,306.3
IR-12423,SUPERFAST,NDLS,PRYJ,KNP-PRYJ-SEC-B,45.0,23.5,34.2,,,10.7,114.66507559926524,CLEAR,23.2,0.0,9.0,MEDIUM,5.0,NONE,2024-12-28T10:00:00Z,SIMULATED,555.0,306.1
IR-12423,SUPERFAST,NDLS,PRYJ,KNP-PRYJ-SEC-B,45.0,23.2,30.3,,,7.1,116.4259232028048,CLEAR,25.6,0.0,9.0,LOW,5.0,NONE,2024-01-01T10:00:00Z,SIMULATED,555.0,298.1
IR-12423,SUPERFAST,NDLS,PRYJ,KNP-PRYJ-SEC-B,45.0,23.8,37.0,,,13.2,113.37750327858704,CLEAR,28.8,0.0,9.0,MEDIUM,5.0,NONE,2024-02-02T10:00:00Z,SIMULATED,555.0,311.9
IR-12423,SUPERFAST,NDLS,PRYJ,KNP-PRYJ-SEC-B,45.0,23.5,33.8,,,10.3,114.84165458436914,CLEAR,32.0,0.0,9.0,MEDIUM,5.0,NONE,2024-03-03T10:00:00Z,SIMULATED,555.0,305.3
IR-12423,SUPERFAST,NDLS,PRYJ,KNP-PRYJ-SEC-B,45.0,24.3,42.4,,,18.1,110.937320494301,FOGGY,20.8,0.0,1.5,HIGH,5.0,NONE,2024-04-04T10:00:00Z,SIMULATED,555.0,323.3
IR-12423,SUPERFAST,NDLS,PRYJ,KNP-PRYJ-SEC-B,45.0,23.5,33.6,,,10.1,114.9390313880111,LIGHT RAIN,23.2,1.5,4.0,MEDIUM,5.0,NONE,2024-05-05T10:00:00Z,SIMULATED,555.0,304.8
IR-12423,SUPERFAST,NDLS,PRYJ,KNP-PRYJ-SEC-B,45.0,23.6,34.8,,,11.2,114.3926008891473,LIGHT RAIN,25.6,1.5,4.0,MEDIUM,5.0,NONE,2024-06-06T10:00:00Z,SIMULATED,555.0,307.3
IR-12423,SUPERFAST,NDLS,PRYJ,KNP-PRYJ-SEC-B,45.0,23.8,37.1,,,13.3,113.37005602928728,LIGHT RAIN,28.8,1.5,4.0,MEDIUM,5.0,NONE,2024-07-07T10:00:00Z,SIMULATED,555.0,312.0
IR-12423,SUPERFAST,NDLS,PRYJ,KNP-PRYJ-SEC-B,45.0,23.8,36.8,,,13.0,113.51272098999029,LIGHT RAIN,32.0,1.5,4.0,MEDIUM,5.0,NONE,2024-08-08T10:00:00Z,SIMULATED,555.0,311.4
IR-12423,SUPERFAST,NDLS,PRYJ,KNP-PRYJ-SEC-B,45.0,24.2,41.0,,,16.8,111.60239609960269,CLEAR,20.8,0.0,9.0,HIGH,5.0,NONE,2024-09-09T10:00:00Z,SIMULATED,555.0,320.2
IR-12423,SUPERFAST,NDLS,PRYJ,KNP-PRYJ-SEC-B,45.0,23.6,35.0,,,11.4,114.3048958914479,CLEAR,23.2,0.0,9.0,MEDIUM,5.0,NONE,2024-10-10T10:00:00Z,SIMULATED,555.0,307.7
IR-12423,SUPERFAST,NDLS,PRYJ,KNP-PRYJ-SEC-B,45.0,23.3,31.9,,,8.6,115.67933200329462,CLEAR,25.6,0.0,9.0,LOW,5.0,NONE,2024-11-11T10:00:00Z,SIMULATED,555.0,301.5
IR-12423,SUPERFAST,NDLS,PRYJ,KNP-PRYJ-SEC-B,45.0,24.2,40.8,,,16.6,111.69356857943106,CLEAR,28.8,0.0,9.0,HIGH,5.0,NONE,2024-12-12T10:00:00Z,SIMULATED,555.0,319.7
IR-12423,SUPERFAST,NDLS,PRYJ,KNP-PRYJ-SEC-B,45.0,22.9,27.3,,,4.4,117.77511775941174,CLEAR,32.0,0.0,9.0,LOW,5.0,NONE,2024-01-13T10:00:00Z,SIMULATED,555.0,292.1
IR-12423,SUPERFAST,NDLS,PRYJ,KNP-PRYJ-SEC-B,45.0,24.2,40.6,,,16.4,111.7800972900544,CLEAR,20.8,0.0,9.0,HIGH,5.0,NONE,2024-02-14T10:00:00Z,SIMULATED,555.0,319.3
IR-12423,SUPERFAST,NDLS,PRYJ,KNP-PRYJ-SEC-B,45.0,23.2,30.3,,,7.1,116.43573624953788,CLEAR,23.2,0.0,9.0,LOW,5.0,NONE,2024-03-15T10:00:00Z,SIMULATED,555.0,298.1
IR-12423,SUPERFAST,NDLS,PRYJ,KNP-PRYJ-SEC-B,45.0,23.5,33.7,,,10.2,114.89045662562278,CLEAR,25.6,0.0,9.0,MEDIUM,5.0,NONE,2024-04-16T10:00:00Z,SIMULATED,555.0,305.0
IR-12423,SUPERFAST,NDLS,PRYJ,KNP-PRYJ-SEC-B,45.0,24.2,41.1,,,16.9,111.5567788138987,CLEAR,28.8,0.0,9.0,HIGH,5.0,NONE,2024-05-17T10:00:00Z,SIMULATED,555.0,320.4
IR-12423,SUPERFAST,NDLS,PRYJ,KNP-PRYJ-SEC-B,45.0,23.5,33.3,,,9.8,115.11352652227556,CLEAR,32.0,0.0,9.0,LOW,5.0,NONE,2024-06-18T10:00:00Z,SIMULATED,555.0,304.1
IR-12423,SUPERFAST,NDLS,PRYJ,KNP-PRYJ-SEC-B,45.0,24.4,43.1,,,18.7,110.62827071162086,FOGGY,20.8,0.0,1.5,HIGH,5.0,NONE,2024-07-19T10:00:00Z,SIMULATED,555.0,324.7
IR-12423,SUPERFAST,NDLS,PRYJ,KNP-PRYJ-SEC-B,45.0,23.0,28.5,,,5.5,117.2481393099767,LIGHT RAIN,23.2,1.5,4.0,LOW,5.0,NONE,2024-08-20T10:00:00Z,SIMULATED,555.0,294.5
IR-12423,SUPERFAST,NDLS,PRYJ,KNP-PRYJ-SEC-B,45.0,23.0,28.0,,,5.0,117.51961671609232,LIGHT RAIN,25.6,1.5,4.0,LOW,5.0,NONE,2024-09-21T10:00:00Z,SIMULATED,555.0,293.4
IR-12423,SUPERFAST,NDLS,PRYJ,KNP-PRYJ-SEC-B,45.0,24.1,39.7,,,15.6,112.1883120007129,LIGHT RAIN,28.8,1.5,4.0,HIGH,5.0,NONE,2024-10-22T10:00:00Z,SIMULATED,555.0,317.4
IR-12423,SUPERFAST,NDLS,PRYJ,KNP-PRYJ-SEC-B,45.0,23.5,33.3,,,9.8,115.07656913369424,LIGHT RAIN,32.0,1.5,4.0,LOW,5.0,NONE,2024-11-23T10:00:00Z,SIMULATED,555.0,304.2
IR-12423,SUPERFAST,NDLS,PRYJ,KNP-PRYJ-SEC-B,90.0,47.0,57.2,,,10.2,114.89070425247463,FOGGY,20.8,0.0,1.5,MEDIUM,5.0,NONE,2024-12-24T10:00:00Z,SIMULATED,510.0,286.5
IR-12423,SUPERFAST,NDLS,PRYJ,KNP-PRYJ-SEC-B,90.0,46.1,51.8,,,5.7,117.1380649061954,LIGHT RAIN,23.2,1.5,4.0,LOW,5.0,NONE,2024-01-25T10:00:00Z,SIMULATED,510.0,276.9
IR-12423,SUPERFAST,NDLS,PRYJ,KNP-PRYJ-SEC-B,90.0,46.5,54.1,,,7.6,116.22376901380252,LIGHT RAIN,25.6,1.5,4.0,LOW,5.0,NONE,2024-02-26T10:00:00Z,SIMULATED,510.0,280.9
IR-12423,SUPERFAST,NDLS,PRYJ,KNP-PRYJ-SEC-B,90.0,47.0,57.3,,,10.3,114.8458409298878,LIGHT RAIN,28.8,1.5,4.0,MEDIUM,5.0,NONE,2024-03-27T10:00:00Z,SIMULATED,510.0,286.7
IR-12423,SUPERFAST,NDLS,PRYJ,KNP-PRYJ-SEC-B,90.0,45.5,48.0,,,2.5,118.77207535422374,LIGHT RAIN,32.0,1.5,4.0,LOW,5.0,NONE,2024-04-28T10:00:00Z,SIMULATED,510.0,270.1
IR-12423,SUPERFAST,NDLS,PRYJ,KNP-PRYJ-SEC-B,90.0,47.2,58.3,,,11.1,114.45175292162526,CLEAR,20.8,0.0,9.0,MEDIUM,5.0,NONE,2024-05-01T10:00:00Z,SIMULATED,510.0,288.5
IR-12423,SUPERFAST,NDLS,PRYJ,KNP-PRYJ-SEC-B,90.0,46.0,51.0,,,5.0,117.48804710298008,CLEAR,23.2,0.0,9.0,LOW,5.0,NONE,2024-06-02T10:00:00Z,SIMULATED,510.0,275.5
IR-12423,SUPERFAST,NDLS,PRYJ,KNP-PRYJ-SEC-B,90.0,45.6,48.9,,,3.3,118.36016647993144,CLEAR,25.6,0.0,9.0,LOW,5.0,NONE,2024-07-03T10:00:00Z,SIMULATED,510.0,271.8
IR-12423,SUPERFAST,NDLS,PRYJ,KNP-PRYJ-SEC-B,90.0,46.9,56.7,,,9.8,115.08034813552736,CLEAR,28.8,0.0,9.0,LOW,5.0,NONE,2024-08-04T10:00:00Z,SIMULATED,510.0,285.7
IR-12423,SUPERFAST,NDLS,PRYJ,KNP-PRYJ-SEC-B,90.0,45.3,47.1,,,1.8,119.08869635752292,CLEAR,32.0,0.0,9.0,LOW,5.0,NONE,2024-09-05T10:00:00Z,SIMULATED,510.0,268.8
IR-12423,SUPERFAST,NDLS,PRYJ,KNP-PRYJ-SEC-B,90.0,46.6,54.7,,,8.1,115.9292629696846,CLEAR,20.8,0.0,9.0,LOW,5.0,NONE,2024-10-06T10:00:00Z,SIMULATED,510.0,282.1
IR-12423,SUPERFAST,NDLS,PRYJ,KNP-PRYJ-SEC-B,90.0,46.0,51.3,,,5.3,117.35348029430232,CLEAR,23.2,0.0,9.0,LOW,5.0,NONE,2024-11-07T10:00:00Z,SIMULATED,510.0,276.1
IR-12423,SUPERFAST,NDLS,PRYJ,KNP-PRYJ-SEC-B,90.0,46.1,51.6,,,5.5,117.24911876086485,CLEAR,25.6,0.0,9.0,LOW,5.0,NONE,2024-12-08T10:00:00Z,SIMULATED,510.0,276.5
IR-12423,SUPERFAST,NDLS,PRYJ,KNP-PRYJ-SEC-B,90.0,46.8,56.3,,,9.5,115.2721091187168,CLEAR,28.8,0.0,9.0,LOW,5.0,NONE,2024-01-09T10:00:00Z,SIMULATED,510.0,285.0
IR-12423,SUPERFAST,NDLS,PRYJ,KNP-PRYJ-SEC-B,90.0,45.0,45.2,,,0.2,119.89071115413036,CLEAR,32.0,0.0,9.0,LOW,5.0,NONE,2024-02-10T10:00:00Z,SIMULATED,510.0,265.4
IR-12423,SUPERFAST,NDLS,PRYJ,KNP-PRYJ-SEC-B,90.0,47.1,57.6,,,10.5,114.72656125969613,FOGGY,20.8,0.0,1.5,MEDIUM,5.0,NONE,2024-03-11T10:00:00Z,SIMULATED,510.0,287.2
IR-12423,SUPERFAST,NDLS,PRYJ,KNP-PRYJ-SEC-B,90.0,45.6,48.8,,,3.2,118.41983817853162,LIGHT RAIN,23.2,1.5,4.0,LOW,5.0,NONE,2024-04-12T10:00:00Z,SIMULATED,510.0,271.6
IR-12423,SUPERFAST,NDLS,PRYJ,KNP-PRYJ-SEC-B,90.0,45.8,49.8,,,4.0,118.01875819477505,LIGHT RAIN,25.6,1.5,4.0,LOW,5.0,NONE,2024-05-13T10:00:00Z,SIMULATED,510.0,273.3
IR-12423,SUPERFAST,NDLS,PRYJ,KNP-PRYJ-SEC-B,90.0,46.5,54.4,,,7.9,116.04975817677438,LIGHT RAIN,28.8,1.5,4.0,LOW,5.0,NONE,2024-06-14T10:00:00Z,SIMULATED,510.0,281.6
IR-12423,SUPERFAST,NDLS,PRYJ,KNP-PRYJ-SEC-B,90.0,46.3,52.9,,,6.6,116.67954695172205,LIGHT RAIN,32.0,1.5,4.0,LOW,5.0,NONE,2024-07-15T10:00:00Z,SIMULATED,510.0,278.9
IR-12423,SUPERFAST,NDLS,PRYJ,KNP-PRYJ-SEC-B,90.0,47.7,61.3,,,13.6,113.20111030202648,CLEAR,20.8,0.0,9.0,MEDIUM,5.0,NONE,2024-08-16T10:00:00Z,SIMULATED,510.0,293.9
IR-12423,SUPERFAST,NDLS,PRYJ,KNP-PRYJ-SEC-B,90.0,46.5,54.4,,,7.9,116.0303394901597,CLEAR,23.2,0.0,9.0,LOW,5.0,NONE,2024-09-17T10:00:00Z,SIMULATED,510.0,281.6
IR-12423,SUPERFAST,NDLS,PRYJ,KNP-PRYJ-SEC-B,90.0,46.0,51.4,,,5.4,117.3236431292486,CLEAR,25.6,0.0,9.0,LOW,5.0,NONE,2024-10-18T10:00:00Z,SIMULATED,510.0,276.2
IR-12423,SUPERFAST,NDLS,PRYJ,KNP-PRYJ-SEC-B,90.0,46.7,55.7,,,9.0,115.51518073735164,CLEAR,28.8,0.0,9.0,LOW,5.0,NONE,2024-11-19T10:00:00Z,SIMULATED,510.0,283.9
IR-12423,SUPERFAST,NDLS,PRYJ,KNP-PRYJ-SEC-B,90.0,46.1,51.8,,,5.7,117.15202960437296,CLEAR,32.0,0.0,9.0,LOW,5.0,NONE,2024-12-20T10:00:00Z,SIMULATED,510.0,276.9
IR-12423,SUPERFAST,NDLS,PRYJ,KNP-PRYJ-SEC-B,90.0,46.6,54.8,,,8.2,115.88858679182556,CLEAR,20.8,0.0,9.0,LOW,5.0,NONE,2024-01-21T10:00:00Z,SIMULATED,510.0,282.2
IR-12423,SUPERFAST,NDLS,PRYJ,KNP-PRYJ-SEC-B,90.0,45.9,50.8,,,4.9,117.54339974933704,CLEAR,23.2,0.0,9.0,LOW,5.0,NONE,2024-02-22T10:00:00Z,SIMULATED,510.0,275.2
IR-12423,SUPERFAST,NDLS,PRYJ,KNP-PRYJ-SEC-B,90.0,45.1,45.5,,,0.4,119.80361801156366,CLEAR,25.6,0.0,9.0,LOW,5.0,NONE,2024-03-23T10:00:00Z,SIMULATED,510.0,265.8
IR-12423,SUPERFAST,NDLS,PRYJ,KNP-PRYJ-SEC-B,90.0,46.6,54.8,,,8.2,115.8759292746051,CLEAR,28.8,0.0,9.0,LOW,5.0,NONE,2024-04-24T10:00:00Z,SIMULATED,510.0,282.3
IR-12423,SUPERFAST,NDLS,PRYJ,KNP-PRYJ-SEC-B,90.0,45.0,45.2,,,0.2,119.90998999612552,CLEAR,32.0,0.0,9.0,LOW,5.0,NONE,2024-05-25T10:00:00Z,SIMULATED,510.0,265.4
IR-12423,SUPERFAST,NDLS,PRYJ,KNP-PRYJ-SEC-B,90.0,47.1,57.7,,,10.6,114.6776574896878,FOGGY,20.8,0.0,1.5,MEDIUM,5.0,NONE,2024-06-26T10:00:00Z,SIMULATED,510.0,287.4
IR-12423,SUPERFAST,NDLS,PRYJ,KNP-PRYJ-SEC-B,90.0,46.3,53.2,,,6.9,116.5297611110572,LIGHT RAIN,23.2,1.5,4.0,LOW,5.0,NONE,2024-07-27T10:00:00Z,SIMULATED,510.0,279.5
IR-12423,SUPERFAST,NDLS,PRYJ,KNP-PRYJ-SEC-B,90.0,45.1,45.8,,,0.7,119.6282531290269,LIGHT RAIN,25.6,1.5,4.0,LOW,5.0,NONE,2024-08-28T10:00:00Z,SIMULATED,510.0,266.5
IR-12423,SUPERFAST,NDLS,PRYJ,KNP-PRYJ-SEC-B,90.0,47.2,58.3,,,11.1,114.47329111333984,LIGHT RAIN,28.8,1.5,4.0,MEDIUM,5.0,NONE,2024-09-01T10:00:00Z,SIMULATED,510.0,288.4
IR-12423,SUPERFAST,NDLS,PRYJ,KNP-PRYJ-SEC-B,90.0,45.1,45.9,,,0.8,119.62386309270116,LIGHT RAIN,32.0,1.5,4.0,LOW,5.0,NONE,2024-10-02T10:00:00Z,SIMULATED,510.0,266.6
IR-12423,SUPERFAST,NDLS,PRYJ,KNP-PRYJ-SEC-B,135.0,72.0,87.1,,,15.1,112.4530297870636,FOGGY,20.8,0.0,1.5,HIGH,5.0,NONE,2024-11-03T10:00:00Z,SIMULATED,465.0,278.2
IR-12423,SUPERFAST,NDLS,PRYJ,KNP-PRYJ-SEC-B,135.0,70.3,79.9,,,9.6,115.18786739471074,LIGHT RAIN,23.2,1.5,4.0,LOW,5.0,NONE,2024-12-04T10:00:00Z,SIMULATED,465.0,266.8
IR-12423,SUPERFAST,NDLS,PRYJ,KNP-PRYJ-SEC-B,135.0,70.0,78.7,,,8.7,115.65832606284008,LIGHT RAIN,25.6,1.5,4.0,LOW,5.0,NONE,2024-01-05T10:00:00Z,SIMULATED,465.0,264.9
IR-12423,SUPERFAST,NDLS,PRYJ,KNP-PRYJ-SEC-B,135.0,71.1,83.1,,,12.0,114.0026819061138,LIGHT RAIN,28.8,1.5,4.0,MEDIUM,5.0,NONE,2024-02-06T10:00:00Z,SIMULATED,465.0,271.7
IR-12423,SUPERFAST,NDLS,PRYJ,KNP-PRYJ-SEC-B,135.0,69.5,76.4,,,6.9,116.5677163380651,LIGHT RAIN,32.0,1.5,4.0,LOW,5.0,NONE,2024-03-07T10:00:00Z,SIMULATED,465.0,261.2
IR-12423,SUPERFAST,NDLS,PRYJ,KNP-PRYJ-SEC-B,135.0,73.6,93.6,,,20.0,110.00874964318548,CLEAR,20.8,0.0,9.0,HIGH,5.0,NONE,2024-04-08T10:00:00Z,SIMULATED,465.0,288.6
IR-12423,SUPERFAST,NDLS,PRYJ,KNP-PRYJ-SEC-B,135.0,70.3,79.7,,,9.4,115.30179956375773,CLEAR,23.2,0.0,9.0,LOW,5.0,NONE,2024-05-09T10:00:00Z,SIMULATED,465.0,266.4
IR-12423,SUPERFAST,NDLS,PRYJ,KNP-PRYJ-SEC-B,135.0,69.9,78.0,,,8.1,115.93776994531213,CLEAR,25.6,0.0,9.0,LOW,5.0,NONE,2024-06-10T10:00:00Z,SIMULATED,465.0,263.7
IR-12423,SUPERFAST,NDLS,PRYJ,KNP-PRYJ-SEC-B,135.0,72.7,89.9,,,17.2,111.40199570575804,CLEAR,28.8,0.0,9.0,HIGH,5.0,NONE,2024-07-11T10:00:00Z,SIMULATED,465.0,282.6
IR-12423,SUPERFAST,NDLS,PRYJ,KNP-PRYJ-SEC-B,135.0,71.9,86.7,,,14.8,112.61678101986648,CLEAR,32.0,0.0,9.0,MEDIUM,5.0,NONE,2024-08-12T10:00:00Z,SIMULATED,465.0,277.5
IR-12423,SUPERFAST,NDLS,PRYJ,KNP-PRYJ-SEC-B,135.0,71.8,86.3,,,14.5,112.74922245353136,CLEAR,20.8,0.0,9.0,MEDIUM,5.0,NONE,2024-09-13T10:00:00Z,SIMULATED,465.0,277.0
IR-12423,SUPERFAST,NDLS,PRYJ,KNP-PRYJ-SEC-B,135.0,69.9,78.1,,,8.2,115.91888628062064,CLEAR,23.2,0.0,9.0,LOW,5.0,NONE,2024-10-14T10:00:00Z,SIMULATED,465.0,263.9
IR-12423,SUPERFAST,NDLS,PRYJ,KNP-PRYJ-SEC-B,135.0,72.4,88.7,,,16.3,111.85603099141586,CLEAR,25.6,0.0,9.0,MEDIUM,5.0,NONE,2024-11-15T10:00:00Z,SIMULATED,465.0,280.7
IR-12423,SUPERFAST,NDLS,PRYJ,KNP-PRYJ-SEC-B,135.0,71.5,85.0,,,13.5,113.26671029416627,CLEAR,28.8,0.0,9.0,MEDIUM,5.0,NONE,2024-12-16T10:00:00Z,SIMULATED,465.0,274.8
IR-12423,SUPERFAST,NDLS,PRYJ,KNP-PRYJ-SEC-B,135.0,70.8,82.0,,,11.2,114.39320450368238,CLEAR,32.0,0.0,9.0,MEDIUM,5.0,NONE,2024-01-17T10:00:00Z,SIMULATED,465.0,270.1
IR-12423,SUPERFAST,NDLS,PRYJ,KNP-PRYJ-SEC-B,135.0,74.2,95.9,,,21.7,109.1261017460406,FOGGY,20.8,0.0,1.5,HIGH,5.0,NONE,2024-02-18T10:00:00Z,SIMULATED,465.0,292.4
IR-12423,SUPERFAST,NDLS,PRYJ,KNP-PRYJ-SEC-B,135.0,71.0,82.7,,,11.7,114.13216011362132,LIGHT RAIN,23.2,1.5,4.0,MEDIUM,5.0,NONE,2024-03-19T10:00:00Z,SIMULATED,465.0,271.2
IR-12423,SUPERFAST,NDLS,PRYJ,KNP-PRYJ-SEC-B,135.0,71.1,83.4,,,12.3,113.86522899431296,LIGHT RAIN,25.6,1.5,4.0,MEDIUM,5.0,NONE,2024-04-20T10:00:00Z,SIMULATED,465.0,272.3
IR-12423,SUPERFAST,NDLS,PRYJ,KNP-PRYJ-SEC-B,135.0,72.8,90.1,,,17.3,111.33119850697037,LIGHT RAIN,28.8,1.5,4.0,HIGH,5.0,NONE,2024-05-21T10:00:00Z,SIMULATED,465.0,282.9
IR-12423,SUPERFAST,NDLS,PRYJ,KNP-PRYJ-SEC-B,135.0,70.5,80.8,,,10.3,114.82762924575252,LIGHT RAIN,32.0,1.5,4.0,MEDIUM,5.0,NONE,2024-06-22T10:00:00Z,SIMULATED,465.0,268.3
IR-12423,SUPERFAST,NDLS,PRYJ,KNP-PRYJ-SEC-B,135.0,71.9,86.6,,,14.7,112.6440100684801,CLEAR,20.8,0.0,9.0,MEDIUM,5.0,NONE,2024-07-23T10:00:00Z,SIMULATED,465.0,277.4
IR-12423,SUPERFAST,NDLS,PRYJ,KNP-PRYJ-SEC-B,135.0,70.9,82.4,,,11.5,114.25687020866364,CLEAR,23.2,0.0,9.0,MEDIUM,5.0,NONE,2024-08-24T10:00:00Z,SIMULATED,465.0,270.7
IR-12423,SUPERFAST,NDLS,PRYJ,KNP-PRYJ-SEC-B,135.0,71.1,83.4,,,12.3,113.86415158004952,CLEAR,25.6,0.0,9.0,MEDIUM,5.0,NONE,2024-09-25T10:00:00Z,SIMULATED,465.0,272.3
IR-12423,SUPERFAST,NDLS,PRYJ,KNP-PRYJ-SEC-B,135.0,73.8,94.3,,,20.5,109.74152832498837,CLEAR,28.8,0.0,9.0,HIGH,5.0,NONE,2024-10-26T10:00:00Z,SIMULATED,465.0,289.7
IR-12423,SUPERFAST,NDLS,PRYJ,KNP-PRYJ-SEC-B,135.0,70.1,78.9,,,8.8,115.62466992930764,CLEAR,32.0,0.0,9.0,LOW,5.0,NONE,2024-11-27T10:00:00Z,SIMULATED,465.0,265.1
IR-12423,SUPERFAST,NDLS,PRYJ,KNP-PRYJ-SEC-B,135.0,72.1,87.4,,,15.3,112.34877123202124,CLEAR,20.8,0.0,9.0,HIGH,5.0,NONE,2024-12-28T10:00:00Z,SIMULATED,465.0,278.6
IR-12423,SUPERFAST,NDLS,PRYJ,KNP-PRYJ-SEC-B,135.0,70.8,81.8,,,11.0,114.48731128545208,CLEAR,23.2,0.0,9.0,MEDIUM,5.0,NONE,2024-01-01T10:00:00Z,SIMULATED,465.0,269.7
IR-12423,SUPERFAST,NDLS,PRYJ,KNP-PRYJ-SEC-B,135.0,71.0,82.7,,,11.7,114.13719996587648,CLEAR,25.6,0.0,9.0,MEDIUM,5.0,NONE,2024-02-02T10:00:00Z,SIMULATED,465.0,271.1
IR-12423,SUPERFAST,NDLS,PRYJ,KNP-PRYJ-SEC-B,135.0,73.5,93.1,,,19.6,110.19995534669756,CLEAR,28.8,0.0,9.0,HIGH,5.0,NONE,2024-03-03T10:00:00Z,SIMULATED,465.0,287.8
IR-12423,SUPERFAST,NDLS,PRYJ,KNP-PRYJ-SEC-B,135.0,69.5,76.3,,,6.8,116.57859648817202,CLEAR,32.0,0.0,9.0,LOW,5.0,NONE,2024-04-04T10:00:00Z,SIMULATED,465.0,261.1
IR-12423,SUPERFAST,NDLS,PRYJ,KNP-PRYJ-SEC-B,135.0,72.4,88.5,,,16.1,111.93794571029431,FOGGY,20.8,0.0,1.5,HIGH,5.0,NONE,2024-05-05T10:00:00Z,SIMULATED,465.0,280.3
IR-12423,SUPERFAST,NDLS,PRYJ,KNP-PRYJ-SEC-B,135.0,70.0,78.5,,,8.5,115.73639845906476,LIGHT RAIN,23.2,1.5,4.0,LOW,5.0,NONE,2024-06-06T10:00:00Z,SIMULATED,465.0,264.6
IR-12423,SUPERFAST,NDLS,PRYJ,KNP-PRYJ-SEC-B,135.0,70.8,82.1,,,11.3,114.3261714311247,LIGHT RAIN,25.6,1.5,4.0,MEDIUM,5.0,NONE,2024-07-07T10:00:00Z,SIMULATED,465.0,270.3
IR-12423,SUPERFAST,NDLS,PRYJ,KNP-PRYJ-SEC-B,135.0,73.1,91.6,,,18.5,110.76153645971524,LIGHT RAIN,28.8,1.5,4.0,HIGH,5.0,NONE,2024-08-08T10:00:00Z,SIMULATED,465.0,285.4
IR-12423,SUPERFAST,NDLS,PRYJ,KNP-PRYJ-SEC-B,135.0,70.0,78.6,,,8.6,115.70756262216558,LIGHT RAIN,32.0,1.5,4.0,LOW,5.0,NONE,2024-09-09T10:00:00Z,SIMULATED,465.0,264.7
IR-12423,SUPERFAST,NDLS,PRYJ,KNP-PRYJ-SEC-B,180.0,100.4,125.2,,,24.8,107.58621929072106,FOGGY,20.8,0.0,1.5,HIGH,5.0,NONE,2024-10-10T10:00:00Z,SIMULATED,420.0,279.0
IR-12423,SUPERFAST,NDLS,PRYJ,KNP-PRYJ-SEC-B,180.0,97.9,117.2,,,19.3,110.35885956683369,LIGHT RAIN,23.2,1.5,4.0,MEDIUM,5.0,NONE,2024-11-11T10:00:00Z,SIMULATED,420.0,267.6
IR-12423,SUPERFAST,NDLS,PRYJ,KNP-PRYJ-SEC-B,180.0,99.3,121.7,,,22.4,108.81157376384932,LIGHT RAIN,25.6,1.5,4.0,MEDIUM,5.0,NONE,2024-12-12T10:00:00Z,SIMULATED,420.0,274.0
IR-12423,SUPERFAST,NDLS,PRYJ,KNP-PRYJ-SEC-B,180.0,103.4,134.4,,,31.0,104.49888504187145,LIGHT RAIN,28.8,1.5,4.0,HIGH,5.0,NONE,2024-01-13T10:00:00Z,SIMULATED,420.0,292.2
IR-12423,SUPERFAST,NDLS,PRYJ,KNP-PRYJ-SEC-B,180.0,98.4,119.0,,,20.6,109.70403729498506,LIGHT RAIN,32.0,1.5,4.0,MEDIUM,5.0,NONE,2024-02-14T10:00:00Z,SIMULATED,420.0,270.3
IR-12423,SUPERFAST,NDLS,PRYJ,KNP-PRYJ-SEC-B,180.0,102.7,132.4,,,29.7,105.14138064080566,CLEAR,20.8,0.0,9.0,HIGH,5.0,NONE,2024-03-15T10:00:00Z,SIMULATED,420.0,289.4
IR-12423,SUPERFAST,NDLS,PRYJ,KNP-PRYJ-SEC-B,180.0,98.9,120.6,,,21.7,109.16676726393702,CLEAR,23.2,0.0,9.0,MEDIUM,5.0,NONE,2024-04-16T10:00:00Z,SIMULATED,420.0,272.5
IR-12423,SUPERFAST,NDLS,PRYJ,KNP-PRYJ-SEC-B,180.0,99.0,120.9,,,21.9,109.06459492262891,CLEAR,25.6,0.0,9.0,MEDIUM,5.0,NONE,2024-05-17T10:00:00Z,SIMULATED,420.0,273.0
IR-12423,SUPERFAST,NDLS,PRYJ,KNP-PRYJ-SEC-B,180.0,101.6,129.1,,,27.5,106.25787097155522,CLEAR,28.8,0.0,9.0,HIGH,5.0,NONE,2024-06-18T10:00:00Z,SIMULATED,420.0,284.7
IR-12423,SUPERFAST,NDLS,PRYJ,KNP-PRYJ-SEC-B,180.0,99.5,122.4,,,22.9,108.5560506520438,CLEAR,32.0,0.0,9.0,MEDIUM,5.0,NONE,2024-07-19T10:00:00Z,SIMULATED,420.0,275.0
IR-12423,SUPERFAST,NDLS,PRYJ,KNP-PRYJ-SEC-B,180.0,98.8,120.2,,,21.4,109.31464879009653,CLEAR,20.8,0.0,9.0,HIGH,5.0,NONE,2024-08-20T10:00:00Z,SIMULATED,420.0,271.9
IR-12423,SUPERFAST,NDLS,PRYJ,KNP-PRYJ-SEC-B,180.0,98.8,120.2,,,21.4,109.29994503967036,CLEAR,23.2,0.0,9.0,MEDIUM,5.0,NONE,2024-09-21T10:00:00Z,SIMULATED,420.0,272.0
IR-12423,SUPERFAST,NDLS,PRYJ,KNP-PRYJ-SEC-B,180.0,98.2,118.3,,,20.1,109.9413737600606,CLEAR,25.6,0.0,9.0,MEDIUM,5.0,NONE,2024-10-22T10:00:00Z,SIMULATED,420.0,269.3
IR-12423,SUPERFAST,NDLS,PRYJ,KNP-PRYJ-SEC-B,180.0,100.9,126.8,,,25.9,107.04347343545209,CLEAR,28.8,0.0,9.0,HIGH,5.0,NONE,2024-11-23T10:00:00Z,SIMULATED,420.0,281.3
IR-12423,SUPERFAST,NDLS,PRYJ,KNP-PRYJ-SEC-B,180.0,97.3,115.4,,,18.1,110.9721349011696,CLEAR,32.0,0.0,9.0,MEDIUM,5.0,NONE,2024-12-24T10:00:00Z,SIMULATED,420.0,265.2
IR-12423,SUPERFAST,NDLS,PRYJ,KNP-PRYJ-SEC-B,180.0,102.7,132.3,,,29.6,105.18901913664614,FOGGY,20.8,0.0,1.5,HIGH,5.0,NONE,2024-01-25T10:00:00Z,SIMULATED,420.0,289.2
IR-12423,SUPERFAST,NDLS,PRYJ,KNP-PRYJ-SEC-B,180.0,99.4,122.1,,,22.7,108.66097373786774,LIGHT RAIN,23.2,1.5,4.0,MEDIUM,5.0,NONE,2024-02-26T10:00:00Z,SIMULATED,420.0,274.6
IR-12423,SUPERFAST,NDLS,PRYJ,KNP-PRYJ-SEC-B,180.0,98.8,120.2,,,21.4,109.29291504587056,LIGHT RAIN,25.6,1.5,4.0,MEDIUM,5.0,NONE,2024-03-27T10:00:00Z,SIMULATED,420.0,272.0
IR-12423,SUPERFAST,NDLS,PRYJ,KNP-PRYJ-SEC-B,180.0,100.4,125.3,,,24.9,107.5603235296455,LIGHT RAIN,28.8,1.5,4.0,HIGH,5.0,NONE,2024-04-28T10:00:00Z,SIMULATED,420.0,279.2
IR-12423,SUPERFAST,NDLS,PRYJ,KNP-PRYJ-SEC-B,180.0,97.5,116.0,,,18.5,110.745267563211,LIGHT RAIN,32.0,1.5,4.0,MEDIUM,5.0,NONE,2024-05-01T10:00:00Z,SIMULATED,420.0,266.0
IR-12423,SUPERFAST,NDLS,PRYJ,KNP-PRYJ-SEC-B,180.0,101.7,129.3,,,27.6,106.22218225611978,CLEAR,20.8,0.0,9.0,HIGH,5.0,NONE,2024-06-02T10:00:00Z,SIMULATED,420.0,284.8
IR-12423,SUPERFAST,NDLS,PRYJ,KNP-PRYJ-SEC-B,180.0,100.4,125.3,,,24.9,107.5476651162898,CLEAR,23.2,0.0,9.0,MEDIUM,5.0,NONE,2024-07-03T10:00:00Z,SIMULATED,420.0,279.2
IR-12423,SUPERFAST,NDLS,PRYJ,KNP-PRYJ-SEC-B,180.0,99.9,123.7,,,23.8,108.12240491524048,CLEAR,25.6,0.0,9.0,MEDIUM,5.0,NONE,2024-08-04T10:00:00Z,SIMULATED,420.0,276.9
IR-12423,SUPERFAST,NDLS,PRYJ,KNP-PRYJ-SEC-B,180.0,102.4,131.5,,,29.1,105.43015849788344,CLEAR,28.8,0.0,9.0,HIGH,5.0,NONE,2024-09-05T10:00:00Z,SIMULATED,420.0,288.1
IR-12423,SUPERFAST,NDLS,PRYJ,KNP-PRYJ-SEC-B,180.0,100.5,125.6,,,25.1,107.42680441685802,CLEAR,32.0,0.0,9.0,HIGH,5.0,NONE,2024-10-06T10:00:00Z,SIMULATED,420.0,279.7
IR-12423,SUPERFAST,NDLS,PRYJ,KNP-PRYJ-SEC-B,180.0,99.1,121.1,,,22.0,109.00037058185065,CLEAR,20.8,0.0,9.0,HIGH,5.0,NONE,2024-11-07T10:00:00Z,SIMULATED,420.0,273.2
IR-12423,SUPERFAST,NDLS,PRYJ,KNP-PRYJ-SEC-B,180.0,99.0,120.7,,,21.7,109.1451079583479,CLEAR,23.2,0.0,9.0,MEDIUM,5.0,NONE,2024-12-08T10:00:00Z,SIMULATED,420.0,272.6
IR-12423,SUPERFAST,NDLS,PRYJ,KNP-PRYJ-SEC-B,180.0,97.0,114.4,,,17.4,111.28933915082806,CLEAR,25.6,0.0,9.0,MEDIUM,5.0,NONE,2024-01-09T10:00:00Z,SIMULATED,420.0,263.8
IR-12423,SUPERFAST,NDLS,PRYJ,KNP-PRYJ-SEC-B,180.0,102.4,131.5,,,29.1,105.47496073048708,CLEAR,28.8,0.0,9.0,HIGH,5.0,NONE,2024-02-10T10:00:00Z,SIMULATED,420.0,288.0
IR-12423,SUPERFAST,NDLS,PRYJ,KNP-PRYJ-SEC-B,180.0,97.1,114.7,,,17.6,111.1931044864921,CLEAR,32.0,0.0,9.0,MEDIUM,5.0,NONE,2024-03-11T10:00:00Z,SIMULATED,420.0,264.2
IR-12423,SUPERFAST,NDLS,PRYJ,KNP-PRYJ-SEC-B,180.0,104.7,138.4,,,33.7,103.1746772219067,FOGGY,20.8,0.0,1.5,HIGH,5.0,NONE,2024-04-12T10:00:00Z,SIMULATED,420.0,297.9
IR-12423,SUPERFAST,NDLS,PRYJ,KNP-PRYJ-SEC-B,180.0,96.9,114.1,,,17.2,111.40729734049542,LIGHT RAIN,23.2,1.5,4.0,MEDIUM,5.0,NONE,2024-05-13T10:00:00Z,SIMULATED,420.0,263.4
IR-12423,SUPERFAST,NDLS,PRYJ,KNP-PRYJ-SEC-B,180.0,98.8,120.3,,,21.5,109.25841040547336,LIGHT RAIN,25.6,1.5,4.0,MEDIUM,5.0,NONE,2024-06-14T10:00:00Z,SIMULATED,420.0,272.1
IR-12423,SUPERFAST,NDLS,PRYJ,KNP-PRYJ-SEC-B,180.0,103.3,134.2,,,30.9,104.55631305676172,LIGHT RAIN,28.8,1.5,4.0,HIGH,5.0,NONE,2024-07-15T10:00:00Z,SIMULATED,420.0,291.9
IR-12423,SUPERFAST,NDLS,PRYJ,KNP-PRYJ-SEC-B,180.0,98.8,120.3,,,21.5,109.26859638703944,LIGHT RAIN,32.0,1.5,4.0,MEDIUM,5.0,NONE,2024-08-16T10:00:00Z,SIMULATED,420.0,272.1
IR-12423,SUPERFAST,NDLS,PRYJ,KNP-PRYJ-SEC-B,225.0,131.8,166.9,,,35.1,102.4391520044443,FOGGY,20.8,0.0,1.5,HIGH,5.0,NONE,2024-09-17T10:00:00Z,SIMULATED,375.0,279.7
IR-12423,SUPERFAST,NDLS,PRYJ,KNP-PRYJ-SEC-B,225.0,129.7,161.6,,,31.9,104.06871015054858,LIGHT RAIN,23.2,1.5,4.0,HIGH,5.0,NONE,2024-10-18T10:00:00Z,SIMULATED,375.0,273.1
IR-12423,SUPERFAST,NDLS,PRYJ,KNP-PRYJ-SEC-B,225.0,129.2,160.2,,,31.0,104.4876028259707,LIGHT RAIN,25.6,1.5,4.0,HIGH,5.0,NONE,2024-11-19T10:00:00Z,SIMULATED,375.0,271.3
IR-12423,SUPERFAST,NDLS,PRYJ,KNP-PRYJ-SEC-B,225.0,129.9,162.1,,,32.2,103.89701472961156,LIGHT RAIN,28.8,1.5,4.0,HIGH,5.0,NONE,2024-12-20T10:00:00Z,SIMULATED,375.0,273.8
IR-12423,SUPERFAST,NDLS,PRYJ,KNP-PRYJ-SEC-B,225.0,127.9,156.8,,,28.9,105.53148555695508,LIGHT RAIN,32.0,1.5,4.0,HIGH,5.0,NONE,2024-01-21T10:00:00Z,SIMULATED,375.0,267.1
IR-12423,SUPERFAST,NDLS,PRYJ,KNP-PRYJ-SEC-B,225.0,129.2,160.2,,,31.0,104.50299288716394,CLEAR,20.8,0.0,9.0,HIGH,5.0,NONE,2024-02-22T10:00:00Z,SIMULATED,375.0,271.3
IR-12423,SUPERFAST,NDLS,PRYJ,KNP-PRYJ-SEC-B,225.0,129.3,160.4,,,31.1,104.4291050360849,CLEAR,23.2,0.0,9.0,HIGH,5.0,NONE,2024-03-23T10:00:00Z,SIMULATED,375.0,271.6
IR-12423,SUPERFAST,NDLS,PRYJ,KNP-PRYJ-SEC-B,225.0,128.4,158.0,,,29.6,105.17525972163776,CLEAR,25.6,0.0,9.0,HIGH,5.0,NONE,2024-04-24T10:00:00Z,SIMULATED,375.0,268.5
IR-12423,SUPERFAST,NDLS,PRYJ,KNP-PRYJ-SEC-B,225.0,132.3,168.1,,,35.8,102.07509901283537,CLEAR,28.8,0.0,9.0,HIGH,5.0,NONE,2024-05-25T10:00:00Z,SIMULATED,375.0,281.2
IR-12423,SUPERFAST,NDLS,PRYJ,KNP-PRYJ-SEC-B,225.0,127.5,155.8,,,28.3,105.85029720542605,CLEAR,32.0,0.0,9.0,HIGH,5.0,NONE,2024-06-26T10:00:00Z,SIMULATED,375.0,265.9
IR-12423,SUPERFAST,NDLS,PRYJ,KNP-PRYJ-SEC-B,225.0,131.6,166.5,,,34.9,102.55949037868308,CLEAR,20.8,0.0,9.0,HIGH,5.0,NONE,2024-07-27T10:00:00Z,SIMULATED,375.0,279.3
IR-12423,SUPERFAST,NDLS,PRYJ,KNP-PRYJ-SEC-B,225.0,126.4,152.8,,,26.4,106.80895726624134,CLEAR,23.2,0.0,9.0,HIGH,5.0,NONE,2024-08-28T10:00:00Z,SIMULATED,375.0,262.1
IR-12423,SUPERFAST,NDLS,PRYJ,KNP-PRYJ-SEC-B,225.0,126.7,153.6,,,26.9,106.5287430251404,CLEAR,25.6,0.0,9.0,HIGH,5.0,NONE,2024-09-01T10:00:00Z,SIMULATED,375.0,263.1
IR-12423,SUPERFAST,NDLS,PRYJ,KNP-PRYJ-SEC-B,225.0,127.6,156.0,,,28.4,105.81591831331754,CLEAR,28.8,0.0,9.0,HIGH,5.0,NONE,2024-10-02T10:00:00Z,SIMULATED,375.0,266.0
IR-12423,SUPERFAST,NDLS,PRYJ,KNP-PRYJ-SEC-B,225.0,125.6,150.6,,,25.0,107.48187255271895,CLEAR,32.0,0.0,9.0,HIGH,5.0,NONE,2024-11-03T10:00:00Z,SIMULATED,375.0,259.3
IR-12423,SUPERFAST,NDLS,PRYJ,KNP-PRYJ-SEC-B,225.0,133.7,171.7,,,38.0,100.97683441077108,FOGGY,20.8,0.0,1.5,HIGH,5.0,NONE,2024-12-04T10:00:00Z,SIMULATED,375.0,285.8
IR-12423,SUPERFAST,NDLS,PRYJ,KNP-PRYJ-SEC-B,225.0,125.8,151.1,,,25.3,107.33395365457032,LIGHT RAIN,23.2,1.5,4.0,HIGH,5.0,NONE,2024-01-05T10:00:00Z,SIMULATED,375.0,259.9
IR-12423,SUPERFAST,NDLS,PRYJ,KNP-PRYJ-SEC-B,225.0,129.2,160.2,,,31.0,104.50240111437316,LIGHT RAIN,25.6,1.5,4.0,HIGH,5.0,NONE,2024-02-06T10:00:00Z,SIMULATED,375.0,271.3
IR-12423,SUPERFAST,NDLS,PRYJ,KNP-PRYJ-SEC-B,225.0,126.5,153.1,,,26.6,106.70955139844958,LIGHT RAIN,28.8,1.5,4.0,HIGH,5.0,NONE,2024-03-07T10:00:00Z,SIMULATED,375.0,262.5
IR-12423,SUPERFAST,NDLS,PRYJ,KNP-PRYJ-SEC-B,225.0,123.4,144.5,,,21.1,109.43361216184934,LIGHT RAIN,32.0,1.5,4.0,MEDIUM,5.0,NONE,2024-04-08T10:00:00Z,SIMULATED,375.0,251.7
IR-12423,SUPERFAST,NDLS,PRYJ,KNP-PRYJ-SEC-B,225.0,128.0,157.1,,,29.1,105.43092785548772,CLEAR,20.8,0.0,9.0,HIGH,5.0,NONE,2024-05-09T10:00:00Z,SIMULATED,375.0,267.5
IR-12423,SUPERFAST,NDLS,PRYJ,KNP-PRYJ-SEC-B,225.0,126.1,152.1,,,26.0,107.01557509667786,CLEAR,23.2,0.0,9.0,HIGH,5.0,NONE,2024-06-10T10:00:00Z,SIMULATED,375.0,261.2
IR-12423,SUPERFAST,NDLS,PRYJ,KNP-PRYJ-SEC-B,225.0,126.7,153.5,,,26.8,106.5807619261876,CLEAR,25.6,0.0,9.0,HIGH,5.0,NONE,2024-07-11T10:00:00Z,SIMULATED,375.0,262.9
IR-12423,SUPERFAST,NDLS,PRYJ,KNP-PRYJ-SEC-B,225.0,128.1,157.3,,,29.2,105.3886792967297,CLEAR,28.8,0.0,9.0,HIGH,5.0,NONE,2024-08-12T10:00:00Z,SIMULATED,375.0,267.7
IR-12423,SUPERFAST,NDLS,PRYJ,KNP-PRYJ-SEC-B,225.0,126.5,153.0,,,26.5,106.74671907948444,CLEAR,32.0,0.0,9.0,HIGH,5.0,NONE,2024-09-13T10:00:00Z,SIMULATED,375.0,262.3
IR-12423,SUPERFAST,NDLS,PRYJ,KNP-PRYJ-SEC-B,225.0,129.6,161.3,,,31.7,104.13866925239134,CLEAR,20.8,0.0,9.0,HIGH,5.0,NONE,2024-10-14T10:00:00Z,SIMULATED,375.0,272.8
IR-12423,SUPERFAST,NDLS,PRYJ,KNP-PRYJ-SEC-B,225.0,127.8,156.5,,,28.7,105.6469005964866,CLEAR,23.2,0.0,9.0,HIGH,5.0,NONE,2024-11-15T10:00:00Z,SIMULATED,375.0,266.7
IR-12423,SUPERFAST,NDLS,PRYJ,KNP-PRYJ-SEC-B,225.0,126.7,153.7,,,27.0,106.51160622461296,CLEAR,25.6,0.0,9.0,HIGH,5.0,NONE,2024-12-16T10:00:00Z,SIMULATED,375.0,263.2
IR-12423,SUPERFAST,NDLS,PRYJ,KNP-PRYJ-SEC-B,225.0,132.4,168.5,,,36.1,101.94273843963308,CLEAR,28.8,0.0,9.0,HIGH,5.0,NONE,2024-01-17T10:00:00Z,SIMULATED,375.0,281.8
IR-12423,SUPERFAST,NDLS,PRYJ,KNP-PRYJ-SEC-B,225.0,126.5,153.0,,,26.5,106.74464851150398,CLEAR,32.0,0.0,9.0,HIGH,5.0,NONE,2024-02-18T10:00:00Z,SIMULATED,375.0,262.3
IR-12423,SUPERFAST,NDLS,PRYJ,KNP-PRYJ-SEC-B,225.0,132.8,169.5,,,36.7,101.64770177428797,FOGGY,20.8,0.0,1.5,HIGH,5.0,NONE,2024-03-19T10:00:00Z,SIMULATED,375.0,283.1
IR-12423,SUPERFAST,NDLS,PRYJ,KNP-PRYJ-SEC-B,225.0,126.7,153.5,,,26.8,106.57958756899924,LIGHT RAIN,23.2,1.5,4.0,HIGH,5.0,NONE,2024-04-20T10:00:00Z,SIMULATED,375.0,262.9
IR-12423,SUPERFAST,NDLS,PRYJ,KNP-PRYJ-SEC-B,225.0,127.1,154.6,,,27.5,106.22502543532096,LIGHT RAIN,25.6,1.5,4.0,HIGH,5.0,NONE,2024-05-21T10:00:00Z,SIMULATED,375.0,264.3
IR-12423,SUPERFAST,NDLS,PRYJ,KNP-PRYJ-SEC-B,225.0,129.3,160.5,,,31.2,104.41424905379306,LIGHT RAIN,28.8,1.5,4.0,HIGH,5.0,NONE,2024-06-22T10:00:00Z,SIMULATED,375.0,271.7
IR-12423,SUPERFAST,NDLS,PRYJ,KNP-PRYJ-SEC-B,225.0,129.5,161.0,,,31.5,104.2429579366606,LIGHT RAIN,32.0,1.5,4.0,HIGH,5.0,NONE,2024-07-23T10:00:00Z,SIMULATED,375.0,272.3
IR-12423,SUPERFAST,NDLS,PRYJ,KNP-PRYJ-SEC-B,270.0,165.7,210.1,,,44.4,97.78187077068836,FOGGY,20.8,0.0,1.5,HIGH,5.0,NONE,2024-08-24T10:00:00Z,SIMULATED,330.0,276.9
IR-12423,SUPERFAST,NDLS,PRYJ,KNP-PRYJ-SEC-B,270.0,160.3,198.2,,,37.9,101.03220967749807,LIGHT RAIN,23.2,1.5,4.0,HIGH,5.0,NONE,2024-09-25T10:00:00Z,SIMULATED,330.0,263.9
IR-12423,SUPERFAST,NDLS,PRYJ,KNP-PRYJ-SEC-B,270.0,159.7,196.8,,,37.1,101.45657052139757,LIGHT RAIN,25.6,1.5,4.0,HIGH,5.0,NONE,2024-10-26T10:00:00Z,SIMULATED,330.0,262.3
IR-12423,SUPERFAST,NDLS,PRYJ,KNP-PRYJ-SEC-B,270.0,168.1,215.4,,,47.3,96.35960656679482,LIGHT RAIN,28.8,1.5,4.0,HIGH,5.0,NONE,2024-11-27T10:00:00Z,SIMULATED,330.0,282.8
IR-12423,SUPERFAST,NDLS,PRYJ,KNP-PRYJ-SEC-B,270.0,160.8,199.3,,,38.5,100.75307403133031,LIGHT RAIN,32.0,1.5,4.0,HIGH,5.0,NONE,2024-12-28T10:00:00Z,SIMULATED,330.0,265.0
IR-12423,SUPERFAST,NDLS,PRYJ,KNP-PRYJ-SEC-B,270.0,164.5,207.5,,,43.0,98.49326183718426,CLEAR,20.8,0.0,9.0,HIGH,5.0,NONE,2024-01-01T10:00:00Z,SIMULATED,330.0,274.0
IR-12423,SUPERFAST,NDLS,PRYJ,KNP-PRYJ-SEC-B,270.0,156.7,190.0,,,33.3,103.36324618446476,CLEAR,23.2,0.0,9.0,HIGH,5.0,NONE,2024-02-02T10:00:00Z,SIMULATED,330.0,254.9
IR-12423,SUPERFAST,NDLS,PRYJ,KNP-PRYJ-SEC-B,270.0,158.1,193.2,,,35.1,102.44030089745785,CLEAR,25.6,0.0,9.0,HIGH,5.0,NONE,2024-03-03T10:00:00Z,SIMULATED,330.0,258.4
IR-12423,SUPERFAST,NDLS,PRYJ,KNP-PRYJ-SEC-B,270.0,163.5,205.3,,,41.8,99.11007650550894,CLEAR,28.8,0.0,9.0,HIGH,5.0,NONE,2024-04-04T10:00:00Z,SIMULATED,330.0,271.6
IR-12423,SUPERFAST,NDLS,PRYJ,KNP-PRYJ-SEC-B,270.0,158.7,194.5,,,35.8,102.08945536291654,CLEAR,32.0,0.0,9.0,HIGH,5.0,NONE,2024-05-05T10:00:00Z,SIMULATED,330.0,259.7
IR-12423,SUPERFAST,NDLS,PRYJ,KNP-PRYJ-SEC-B,270.0,164.4,207.3,,,42.9,98.55317241358956,CLEAR,20.8,0.0,9.0,HIGH,5.0,NONE,2024-06-06T10:00:00Z,SIMULATED,330.0,273.8
IR-12423,SUPERFAST,NDLS,PRYJ,KNP-PRYJ-SEC-B,270.0,157.3,191.3,,,34.0,102.98400772317424,CLEAR,23.2,0.0,9.0,HIGH,5.0,NONE,2024-07-07T10:00:00Z,SIMULATED,330.0,256.3
IR-12423,SUPERFAST,NDLS,PRYJ,KNP-PRYJ-SEC-B,270.0,155.2,186.4,,,31.2,104.39354150609556,CLEAR,25.6,0.0,9.0,HIGH,5.0,NONE,2024-08-08T10:00:00Z,SIMULATED,330.0,250.9
IR-12423,SUPERFAST,NDLS,PRYJ,KNP-PRYJ-SEC-B,270.0,161.7,201.3,,,39.6,100.19838616244752,CLEAR,28.8,0.0,9.0,HIGH,5.0,NONE,2024-09-09T10:00:00Z,SIMULATED,330.0,267.2
IR-12423,SUPERFAST,NDLS,PRYJ,KNP-PRYJ-SEC-B,270.0,158.2,193.4,,,35.2,102.42219509715228,CLEAR,32.0,0.0,9.0,HIGH,5.0,NONE,2024-10-10T10:00:00Z,SIMULATED,330.0,258.5
IR-12423,SUPERFAST,NDLS,PRYJ,KNP-PRYJ-SEC-B,270.0,166.7,212.3,,,45.6,97.19118133874836,FOGGY,20.8,0.0,1.5,HIGH,5.0,NONE,2024-11-11T10:00:00Z,SIMULATED,330.0,279.3
IR-12423,SUPERFAST,NDLS,PRYJ,KNP-PRYJ-SEC-B,270.0,156.6,189.7,,,33.1,103.44967128783954,LIGHT RAIN,23.2,1.5,4.0,HIGH,5.0,NONE,2024-12-12T10:00:00Z,SIMULATED,330.0,254.5
IR-12423,SUPERFAST,NDLS,PRYJ,KNP-PRYJ-SEC-B,270.0,158.5,194.1,,,35.6,102.207674106856,LIGHT RAIN,25.6,1.5,4.0,HIGH,5.0,NONE,2024-01-13T10:00:00Z,SIMULATED,330.0,259.3
IR-12423,SUPERFAST,NDLS,PRYJ,KNP-PRYJ-SEC-B,270.0,166.4,211.7,,,45.3,97.33358486381496,LIGHT RAIN,28.8,1.5,4.0,HIGH,5.0,NONE,2024-02-14T10:00:00Z,SIMULATED,330.0,278.7
IR-12423,SUPERFAST,NDLS,PRYJ,KNP-PRYJ-SEC-B,270.0,162.2,202.5,,,40.3,99.86586357964052,LIGHT RAIN,32.0,1.5,4.0,HIGH,5.0,NONE,2024-03-15T10:00:00Z,SIMULATED,330.0,268.6
IR-12423,SUPERFAST,NDLS,PRYJ,KNP-PRYJ-SEC-B,270.0,165.9,210.6,,,44.7,97.66424386321744,CLEAR,20.8,0.0,9.0,HIGH,5.0,NONE,2024-04-16T10:00:00Z,SIMULATED,330.0,277.4
IR-12423,SUPERFAST,NDLS,PRYJ,KNP-PRYJ-SEC-B,270.0,156.6,189.7,,,33.1,103.4336246273705,CLEAR,23.2,0.0,9.0,HIGH,5.0,NONE,2024-05-17T10:00:00Z,SIMULATED,330.0,254.5
IR-12423,SUPERFAST,NDLS,PRYJ,KNP-PRYJ-SEC-B,270.0,158.8,194.8,,,36.0,102.01697742640869,CLEAR,25.6,0.0,9.0,HIGH,5.0,NONE,2024-06-18T10:00:00Z,SIMULATED,330.0,260.1
IR-12423,SUPERFAST,NDLS,PRYJ,KNP-PRYJ-SEC-B,270.0,165.2,209.1,,,43.9,98.06725317176856,CLEAR,28.8,0.0,9.0,HIGH,5.0,NONE,2024-07-19T10:00:00Z,SIMULATED,330.0,275.8
IR-12423,SUPERFAST,NDLS,PRYJ,KNP-PRYJ-SEC-B,270.0,154.8,185.6,,,30.8,104.62281896956814,CLEAR,32.0,0.0,9.0,HIGH,5.0,NONE,2024-08-20T10:00:00Z,SIMULATED,330.0,250.1
IR-12423,SUPERFAST,NDLS,PRYJ,KNP-PRYJ-SEC-B,270.0,162.9,203.9,,,41.0,99.47542430045428,CLEAR,20.8,0.0,9.0,HIGH,5.0,NONE,2024-09-21T10:00:00Z,SIMULATED,330.0,270.0
IR-12423,SUPERFAST,NDLS,PRYJ,KNP-PRYJ-SEC-B,270.0,158.3,193.7,,,35.4,102.32237385546968,CLEAR,23.2,0.0,9.0,HIGH,5.0,NONE,2024-10-22T10:00:00Z,SIMULATED,330.0,258.9
IR-12423,SUPERFAST,NDLS,PRYJ,KNP-PRYJ-SEC-B,270.0,154.5,184.8,,,30.3,104.86425412739736,CLEAR,25.6,0.0,9.0,HIGH,5.0,NONE,2024-11-23T10:00:00Z,SIMULATED,330.0,249.1
IR-12423,SUPERFAST,NDLS,PRYJ,KNP-PRYJ-SEC-B,270.0,163.0,204.3,,,41.3,99.37110409664643,CLEAR,28.8,0.0,9.0,HIGH,5.0,NONE,2024-12-24T10:00:00Z,SIMULATED,330.0,270.6
IR-12423,SUPERFAST,NDLS,PRYJ,KNP-PRYJ-SEC-B,270.0,158.7,194.6,,,35.9,102.06536563479946,CLEAR,32.0,0.0,9.0,HIGH,5.0,NONE,2024-01-25T10:00:00Z,SIMULATED,330.0,259.9
IR-12423,SUPERFAST,NDLS,PRYJ,KNP-PRYJ-SEC-B,270.0,170.7,220.8,,,50.1,94.9259424566552,FOGGY,20.8,0.0,1.5,HIGH,5.0,NONE,2024-02-26T10:00:00Z,SIMULATED,330.0,288.7
IR-12423,SUPERFAST,NDLS,PRYJ,KNP-PRYJ-SEC-B,270.0,160.7,199.0,,,38.3,100.83371693328463,LIGHT RAIN,23.2,1.5,4.0,HIGH,5.0,NONE,2024-03-27T10:00:00Z,SIMULATED,330.0,264.7
IR-12423,SUPERFAST,NDLS,PRYJ,KNP-PRYJ-SEC-B,270.0,158.2,193.4,,,35.2,102.41162487087172,LIGHT RAIN,25.6,1.5,4.0,HIGH,5.0,NONE,2024-04-28T10:00:00Z,SIMULATED,330.0,258.5
IR-12423,SUPERFAST,NDLS,PRYJ,KNP-PRYJ-SEC-B,270.0,164.8,208.2,,,43.4,98.3235239903962,LIGHT RAIN,28.8,1.5,4.0,HIGH,5.0,NONE,2024-05-01T10:00:00Z,SIMULATED,330.0,274.8
IR-12423,SUPERFAST,NDLS,PRYJ,KNP-PRYJ-SEC-B,270.0,158.8,194.8,,,36.0,102.0094840379541,LIGHT RAIN,32.0,1.5,4.0,HIGH,5.0,NONE,2024-06-02T10:00:00Z,SIMULATED,330.0,260.1
IR-12423,SUPERFAST,NDLS,PRYJ,KNP-PRYJ-SEC-B,315.0,205.0,260.6,,,55.6,92.20613893548727,FOGGY,20.8,0.0,1.5,HIGH,5.0,NONE,2024-07-03T10:00:00Z,SIMULATED,285.0,276.1
IR-12423,SUPERFAST,NDLS,PRYJ,KNP-PRYJ-SEC-B,315.0,193.2,237.5,,,44.3,97.84162150897484,LIGHT RAIN,23.2,1.5,4.0,HIGH,5.0,NONE,2024-08-04T10:00:00Z,SIMULATED,285.0,254.1
IR-12423,SUPERFAST,NDLS,PRYJ,KNP-PRYJ-SEC-B,315.0,195.0,241.2,,,46.2,96.89853755237084,LIGHT RAIN,25.6,1.5,4.0,HIGH,5.0,NONE,2024-09-05T10:00:00Z,SIMULATED,285.0,257.7
IR-12423,SUPERFAST,NDLS,PRYJ,KNP-PRYJ-SEC-B,315.0,200.2,251.4,,,51.2,94.39273322988927,LIGHT RAIN,28.8,1.5,4.0,HIGH,5.0,NONE,2024-10-06T10:00:00Z,SIMULATED,285.0,267.4
IR-12423,SUPERFAST,NDLS,PRYJ,KNP-PRYJ-SEC-B,315.0,199.2,249.4,,,50.2,94.8751780639251,LIGHT RAIN,32.0,1.5,4.0,HIGH,5.0,NONE,2024-11-07T10:00:00Z,SIMULATED,285.0,265.4
IR-12423,SUPERFAST,NDLS,PRYJ,KNP-PRYJ-SEC-B,315.0,202.0,254.8,,,52.8,93.58274278115624,CLEAR,20.8,0.0,9.0,HIGH,5.0,NONE,2024-12-08T10:00:00Z,SIMULATED,285.0,270.5
IR-12423,SUPERFAST,NDLS,PRYJ,KNP-PRYJ-SEC-B,315.0,191.2,233.5,,,42.3,98.83645545208216,CLEAR,23.2,0.0,9.0,HIGH,5.0,NONE,2024-01-09T10:00:00Z,SIMULATED,285.0,250.3
IR-12423,SUPERFAST,NDLS,PRYJ,KNP-PRYJ-SEC-B,315.0,190.8,232.7,,,41.9,99.06965155178594,CLEAR,25.6,0.0,9.0,HIGH,5.0,NONE,2024-02-10T10:00:00Z,SIMULATED,285.0,249.5
IR-12423,SUPERFAST,NDLS,PRYJ,KNP-PRYJ-SEC-B,315.0,197.4,245.9,,,48.5,95.74434444873934,CLEAR,28.8,0.0,9.0,HIGH,5.0,NONE,2024-03-11T10:00:00Z,SIMULATED,285.0,262.1
IR-12423,SUPERFAST,NDLS,PRYJ,KNP-PRYJ-SEC-B,315.0,191.6,234.3,,,42.7,98.6463827712184,CLEAR,32.0,0.0,9.0,HIGH,5.0,NONE,2024-04-12T10:00:00Z,SIMULATED,285.0,251.0
IR-12423,SUPERFAST,NDLS,PRYJ,KNP-PRYJ-SEC-B,315.0,196.6,244.4,,,47.8,96.11757172442056,CLEAR,20.8,0.0,9.0,HIGH,5.0,NONE,2024-05-13T10:00:00Z,SIMULATED,285.0,260.7
IR-12423,SUPERFAST,NDLS,PRYJ,KNP-PRYJ-SEC-B,315.0,192.7,236.5,,,43.8,98.09354954750876,CLEAR,23.2,0.0,9.0,HIGH,5.0,NONE,2024-06-14T10:00:00Z,SIMULATED,285.0,253.1
IR-12423,SUPERFAST,NDLS,PRYJ,KNP-PRYJ-SEC-B,315.0,190.7,232.5,,,41.8,99.09354736979176,CLEAR,25.6,0.0,9.0,HIGH,5.0,NONE,2024-07-15T10:00:00Z,SIMULATED,285.0,249.4
IR-12423,SUPERFAST,NDLS,PRYJ,KNP-PRYJ-SEC-B,315.0,195.8,242.8,,,47.0,96.52372141281823,CLEAR,28.8,0.0,9.0,HIGH,5.0,NONE,2024-08-16T10:00:00Z,SIMULATED,285.0,259.2
IR-12423,SUPERFAST,NDLS,PRYJ,KNP-PRYJ-SEC-B,315.0,191.1,233.3,,,42.2,98.88735080958944,CLEAR,32.0,0.0,9.0,HIGH,5.0,NONE,2024-09-17T10:00:00Z,SIMULATED,285.0,250.1
IR-12423,SUPERFAST,NDLS,PRYJ,KNP-PRYJ-SEC-B,315.0,197.7,246.5,,,48.8,95.62357128940226,FOGGY,20.8,0.0,1.5,HIGH,5.0,NONE,2024-10-18T10:00:00Z,SIMULATED,285.0,262.6
IR-12423,SUPERFAST,NDLS,PRYJ,KNP-PRYJ-SEC-B,315.0,194.7,240.5,,,45.8,97.08192851747538,LIGHT RAIN,23.2,1.5,4.0,HIGH,5.0,NONE,2024-11-19T10:00:00Z,SIMULATED,285.0,256.9
IR-12423,SUPERFAST,NDLS,PRYJ,KNP-PRYJ-SEC-B,315.0,194.0,239.2,,,45.2,97.4034069129419,LIGHT RAIN,25.6,1.5,4.0,HIGH,5.0,NONE,2024-12-20T10:00:00Z,SIMULATED,285.0,255.8
IR-12423,SUPERFAST,NDLS,PRYJ,KNP-PRYJ-SEC-B,315.0,200.9,252.8,,,51.9,94.07063729457649,LIGHT RAIN,28.8,1.5,4.0,HIGH,5.0,NONE,2024-01-21T10:00:00Z,SIMULATED,285.0,268.7
IR-12423,SUPERFAST,NDLS,PRYJ,KNP-PRYJ-SEC-B,315.0,189.2,229.4,,,40.2,99.89781400780632,LIGHT RAIN,32.0,1.5,4.0,HIGH,5.0,NONE,2024-02-22T10:00:00Z,SIMULATED,285.0,246.4
IR-12423,SUPERFAST,NDLS,PRYJ,KNP-PRYJ-SEC-B,315.0,201.1,253.2,,,52.1,93.96663420849168,CLEAR,20.8,0.0,9.0,HIGH,5.0,NONE,2024-03-23T10:00:00Z,SIMULATED,285.0,269.1
IR-12423,SUPERFAST,NDLS,PRYJ,KNP-PRYJ-SEC-B,315.0,189.7,230.5,,,40.8,99.61738794389912,CLEAR,23.2,0.0,9.0,HIGH,5.0,NONE,2024-04-24T10:00:00Z,SIMULATED,285.0,247.5
IR-12423,SUPERFAST,NDLS,PRYJ,KNP-PRYJ-SEC-B,315.0,189.7,230.5,,,40.8,99.61644376640794,CLEAR,25.6,0.0,9.0,HIGH,5.0,NONE,2024-05-25T10:00:00Z,SIMULATED,285.0,247.5
IR-12423,SUPERFAST,NDLS,PRYJ,KNP-PRYJ-SEC-B,315.0,192.7,236.5,,,43.8,98.088306645271,CLEAR,28.8,0.0,9.0,HIGH,5.0,NONE,2024-06-26T10:00:00Z,SIMULATED,285.0,253.1
IR-12423,SUPERFAST,NDLS,PRYJ,KNP-PRYJ-SEC-B,315.0,193.9,239.0,,,45.1,97.46306128176415,CLEAR,32.0,0.0,9.0,HIGH,5.0,NONE,2024-07-27T10:00:00Z,SIMULATED,285.0,255.6
IR-12423,SUPERFAST,NDLS,PRYJ,KNP-PRYJ-SEC-B,315.0,202.1,255.0,,,52.9,93.52919710591858,CLEAR,20.8,0.0,9.0,HIGH,5.0,NONE,2024-08-28T10:00:00Z,SIMULATED,285.0,270.7
IR-12423,SUPERFAST,NDLS,PRYJ,KNP-PRYJ-SEC-B,315.0,188.8,228.6,,,39.8,100.09871925611893,CLEAR,23.2,0.0,9.0,HIGH,5.0,NONE,2024-09-01T10:00:00Z,SIMULATED,285.0,245.6
IR-12423,SUPERFAST,NDLS,PRYJ,KNP-PRYJ-SEC-B,315.0,196.3,243.7,,,47.4,96.28315133764352,CLEAR,25.6,0.0,9.0,HIGH,5.0,NONE,2024-10-02T10:00:00Z,SIMULATED,285.0,260.0
IR-12423,SUPERFAST,NDLS,PRYJ,KNP-PRYJ-SEC-B,315.0,199.2,249.4,,,50.2,94.881574205814,CLEAR,28.8,0.0,9.0,HIGH,5.0,NONE,2024-11-03T10:00:00Z,SIMULATED,285.0,265.4
IR-12423,SUPERFAST,NDLS,PRYJ,KNP-PRYJ-SEC-B,315.0,190.9,232.9,,,42.0,98.9917509364924,CLEAR,32.0,0.0,9.0,HIGH,5.0,NONE,2024-12-04T10:00:00Z,SIMULATED,285.0,249.7
IR-12423,SUPERFAST,NDLS,PRYJ,KNP-PRYJ-SEC-B,315.0,196.7,244.6,,,47.9,96.06250928624291,FOGGY,20.8,0.0,1.5,HIGH,5.0,NONE,2024-01-05T10:00:00Z,SIMULATED,285.0,260.9
IR-12423,SUPERFAST,NDLS,PRYJ,KNP-PRYJ-SEC-B,315.0,194.0,239.2,,,45.2,97.407714482499,LIGHT RAIN,23.2,1.5,4.0,HIGH,5.0,NONE,2024-02-06T10:00:00Z,SIMULATED,285.0,255.8
IR-12423,SUPERFAST,NDLS,PRYJ,KNP-PRYJ-SEC-B,315.0,191.4,233.9,,,42.5,98.76085142737938,LIGHT RAIN,25.6,1.5,4.0,HIGH,5.0,NONE,2024-03-07T10:00:00Z,SIMULATED,285.0,250.6
IR-12423,SUPERFAST,NDLS,PRYJ,KNP-PRYJ-SEC-B,315.0,200.2,251.4,,,51.2,94.39240195846644,LIGHT RAIN,28.8,1.5,4.0,HIGH,5.0,NONE,2024-04-08T10:00:00Z,SIMULATED,285.0,267.4
IR-12423,SUPERFAST,NDLS,PRYJ,KNP-PRYJ-SEC-B,315.0,192.9,236.9,,,44.0,97.9885512138824,LIGHT RAIN,32.0,1.5,4.0,HIGH,5.0,NONE,2024-05-09T10:00:00Z,SIMULATED,285.0,253.5
IR-12423,SUPERFAST,NDLS,PRYJ,KNP-PRYJ-SEC-B,360.0,220.1,263.8,,,43.7,98.149413918642,FOGGY,20.8,0.0,1.5,HIGH,5.0,NONE,2024-06-10T10:00:00Z,SIMULATED,240.0,230.4
IR-12423,SUPERFAST,NDLS,PRYJ,KNP-PRYJ-SEC-B,360.0,214.6,253.3,,,38.7,100.65019984316142,LIGHT RAIN,23.2,1.5,4.0,HIGH,5.0,NONE,2024-07-11T10:00:00Z,SIMULATED,240.0,221.8
IR-12423,SUPERFAST,NDLS,PRYJ,KNP-PRYJ-SEC-B,360.0,210.9,246.1,,,35.2,102.4220802923656,LIGHT RAIN,25.6,1.5,4.0,HIGH,5.0,NONE,2024-08-12T10:00:00Z,SIMULATED,240.0,215.8
IR-12423,SUPERFAST,NDLS,PRYJ,KNP-PRYJ-SEC-B,360.0,217.0,257.9,,,40.9,99.55437375998952,LIGHT RAIN,28.8,1.5,4.0,HIGH,5.0,NONE,2024-09-13T10:00:00Z,SIMULATED,240.0,225.5
IR-12423,SUPERFAST,NDLS,PRYJ,KNP-PRYJ-SEC-B,360.0,210.4,245.0,,,34.6,102.67824772955488,LIGHT RAIN,32.0,1.5,4.0,HIGH,5.0,NONE,2024-10-14T10:00:00Z,SIMULATED,240.0,214.8
IR-12423,SUPERFAST,NDLS,PRYJ,KNP-PRYJ-SEC-B,360.0,219.0,261.7,,,42.7,98.633487632769,CLEAR,20.8,0.0,9.0,HIGH,5.0,NONE,2024-11-15T10:00:00Z,SIMULATED,240.0,228.7
IR-12423,SUPERFAST,NDLS,PRYJ,KNP-PRYJ-SEC-B,360.0,216.3,256.6,,,40.3,99.86582954830848,CLEAR,23.2,0.0,9.0,HIGH,5.0,NONE,2024-12-16T10:00:00Z,SIMULATED,240.0,224.5
IR-12423,SUPERFAST,NDLS,PRYJ,KNP-PRYJ-SEC-B,360.0,213.7,251.6,,,37.9,101.06870576896728,CLEAR,25.6,0.0,9.0,HIGH,5.0,NONE,2024-01-17T10:00:00Z,SIMULATED,240.0,220.4
IR-12423,SUPERFAST,NDLS,PRYJ,KNP-PRYJ-SEC-B,360.0,219.9,263.4,,,43.5,98.23056226394073,CLEAR,28.8,0.0,9.0,HIGH,5.0,NONE,2024-02-18T10:00:00Z,SIMULATED,240.0,230.1
IR-12423,SUPERFAST,NDLS,PRYJ,KNP-PRYJ-SEC-B,360.0,210.7,245.7,,,35.0,102.50877082822696,CLEAR,32.0,0.0,9.0,HIGH,5.0,NONE,2024-03-19T10:00:00Z,SIMULATED,240.0,215.5
IR-12423,SUPERFAST,NDLS,PRYJ,KNP-PRYJ-SEC-B,360.0,217.9,259.7,,,41.8,99.1115545935526,CLEAR,20.8,0.0,9.0,HIGH,5.0,NONE,2024-04-20T10:00:00Z,SIMULATED,240.0,227.1
IR-12423,SUPERFAST,NDLS,PRYJ,KNP-PRYJ-SEC-B,360.0,205.9,236.1,,,30.2,104.90331771330436,CLEAR,23.2,0.0,9.0,HIGH,5.0,NONE,2024-05-21T10:00:00Z,SIMULATED,240.0,207.5
IR-12423,SUPERFAST,NDLS,PRYJ,KNP-PRYJ-SEC-B,360.0,209.6,243.5,,,33.9,103.03361945475685,CLEAR,25.6,0.0,9.0,HIGH,5.0,NONE,2024-06-22T10:00:00Z,SIMULATED,240.0,213.7
IR-12423,SUPERFAST,NDLS,PRYJ,KNP-PRYJ-SEC-B,360.0,215.3,254.6,,,39.3,100.338336636112,CLEAR,28.8,0.0,9.0,HIGH,5.0,NONE,2024-07-23T10:00:00Z,SIMULATED,240.0,222.8
IR-12423,SUPERFAST,NDLS,PRYJ,KNP-PRYJ-SEC-B,360.0,208.3,240.9,,,32.6,103.69381397793885,CLEAR,32.0,0.0,9.0,HIGH,5.0,NONE,2024-08-24T10:00:00Z,SIMULATED,240.0,211.5
IR-12423,SUPERFAST,NDLS,PRYJ,KNP-PRYJ-SEC-B,360.0,215.8,255.6,,,39.8,100.10391392960896,FOGGY,20.8,0.0,1.5,HIGH,5.0,NONE,2024-09-25T10:00:00Z,SIMULATED,240.0,223.7
IR-12423,SUPERFAST,NDLS,PRYJ,KNP-PRYJ-SEC-B,360.0,207.1,238.5,,,31.4,104.27924383074074,LIGHT RAIN,23.2,1.5,4.0,HIGH,5.0,NONE,2024-10-26T10:00:00Z,SIMULATED,240.0,209.5
IR-12423,SUPERFAST,NDLS,PRYJ,KNP-PRYJ-SEC-B,360.0,213.7,251.6,,,37.9,101.0641898231534,LIGHT RAIN,25.6,1.5,4.0,HIGH,5.0,NONE,2024-11-27T10:00:00Z,SIMULATED,240.0,220.4
IR-12423,SUPERFAST,NDLS,PRYJ,KNP-PRYJ-SEC-B,360.0,222.1,267.6,,,45.5,97.26096441805689,LIGHT RAIN,28.8,1.5,4.0,HIGH,5.0,NONE,2024-12-28T10:00:00Z,SIMULATED,240.0,233.6
IR-12423,SUPERFAST,NDLS,PRYJ,KNP-PRYJ-SEC-B,360.0,210.8,245.9,,,35.1,102.46920197332844,LIGHT RAIN,32.0,1.5,4.0,HIGH,5.0,NONE,2024-01-01T10:00:00Z,SIMULATED,240.0,215.6
IR-12423,SUPERFAST,NDLS,PRYJ,KNP-PRYJ-SEC-B,360.0,217.8,259.5,,,41.7,99.1640755937339,CLEAR,20.8,0.0,9.0,HIGH,5.0,NONE,2024-02-02T10:00:00Z,SIMULATED,240.0,226.9
IR-12423,SUPERFAST,NDLS,PRYJ,KNP-PRYJ-SEC-B,360.0,211.8,247.8,,,36.0,101.9903798118344,CLEAR,23.2,0.0,9.0,HIGH,5.0,NONE,2024-03-03T10:00:00Z,SIMULATED,240.0,217.2
IR-12423,SUPERFAST,NDLS,PRYJ,KNP-PRYJ-SEC-B,360.0,214.2,252.6,,,38.4,100.82014736320303,CLEAR,25.6,0.0,9.0,HIGH,5.0,NONE,2024-04-04T10:00:00Z,SIMULATED,240.0,221.2
IR-12423,SUPERFAST,NDLS,PRYJ,KNP-PRYJ-SEC-B,360.0,221.7,266.9,,,45.2,97.4165807890988,CLEAR,28.8,0.0,9.0,HIGH,5.0,NONE,2024-05-05T10:00:00Z,SIMULATED,240.0,233.0
IR-12423,SUPERFAST,NDLS,PRYJ,KNP-PRYJ-SEC-B,360.0,208.6,241.5,,,32.9,103.5403836289582,CLEAR,32.0,0.0,9.0,HIGH,5.0,NONE,2024-06-06T10:00:00Z,SIMULATED,240.0,212.0
IR-12423,SUPERFAST,NDLS,PRYJ,KNP-PRYJ-SEC-B,360.0,221.1,265.7,,,44.6,97.70623152039612,CLEAR,20.8,0.0,9.0,HIGH,5.0,NONE,2024-07-07T10:00:00Z,SIMULATED,240.0,232.0
IR-12423,SUPERFAST,NDLS,PRYJ,KNP-PRYJ-SEC-B,360.0,206.3,236.9,,,30.6,104.72436548078474,CLEAR,23.2,0.0,9.0,HIGH,5.0,NONE,2024-08-08T10:00:00Z,SIMULATED,240.0,208.1
IR-12423,SUPERFAST,NDLS,PRYJ,KNP-PRYJ-SEC-B,360.0,208.4,241.1,,,32.7,103.63745604721876,CLEAR,25.6,0.0,9.0,HIGH,5.0,NONE,2024-09-09T10:00:00Z,SIMULATED,240.0,211.6
IR-12423,SUPERFAST,NDLS,PRYJ,KNP-PRYJ-SEC-B,360.0,218.1,260.0,,,41.9,99.03544775667328,CLEAR,28.8,0.0,9.0,HIGH,5.0,NONE,2024-10-10T10:00:00Z,SIMULATED,240.0,227.3
IR-12423,SUPERFAST,NDLS,PRYJ,KNP-PRYJ-SEC-B,360.0,207.7,239.7,,,32.0,103.98086099250888,CLEAR,32.0,0.0,9.0,HIGH,5.0,NONE,2024-11-11T10:00:00Z,SIMULATED,240.0,210.5
IR-12423,SUPERFAST,NDLS,PRYJ,KNP-PRYJ-SEC-B,360.0,223.0,269.2,,,46.2,96.88175743021584,FOGGY,20.8,0.0,1.5,HIGH,5.0,NONE,2024-12-12T10:00:00Z,SIMULATED,240.0,234.8
IR-12423,SUPERFAST,NDLS,PRYJ,KNP-PRYJ-SEC-B,360.0,212.2,248.6,,,36.4,101.80443745623089,LIGHT RAIN,23.2,1.5,4.0,HIGH,5.0,NONE,2024-01-13T10:00:00Z,SIMULATED,240.0,217.8
IR-12423,SUPERFAST,NDLS,PRYJ,KNP-PRYJ-SEC-B,360.0,210.5,245.3,,,34.8,102.61595122982328,LIGHT RAIN,25.6,1.5,4.0,HIGH,5.0,NONE,2024-02-14T10:00:00Z,SIMULATED,240.0,215.1
IR-12423,SUPERFAST,NDLS,PRYJ,KNP-PRYJ-SEC-B,360.0,213.3,250.8,,,37.5,101.27321381963412,LIGHT RAIN,28.8,1.5,4.0,HIGH,5.0,NONE,2024-03-15T10:00:00Z,SIMULATED,240.0,219.7
IR-12423,SUPERFAST,NDLS,PRYJ,KNP-PRYJ-SEC-B,360.0,209.6,243.5,,,33.9,103.07011821136705,LIGHT RAIN,32.0,1.5,4.0,HIGH,5.0,NONE,2024-04-16T10:00:00Z,SIMULATED,240.0,213.6
IR-12423,SUPERFAST,NDLS,PRYJ,KNP-PRYJ-SEC-B,405.0,240.4,278.2,,,37.8,101.0828134517582,FOGGY,20.8,0.0,1.5,HIGH,5.0,NONE,2024-05-17T10:00:00Z,SIMULATED,195.0,198.5
IR-12423,SUPERFAST,NDLS,PRYJ,KNP-PRYJ-SEC-B,405.0,227.3,253.5,,,26.2,106.90974297810938,LIGHT RAIN,23.2,1.5,4.0,HIGH,5.0,NONE,2024-06-18T10:00:00Z,SIMULATED,195.0,180.6
IR-12423,SUPERFAST,NDLS,PRYJ,KNP-PRYJ-SEC-B,405.0,234.0,266.3,,,32.3,103.82722077005496,LIGHT RAIN,25.6,1.5,4.0,HIGH,5.0,NONE,2024-07-19T10:00:00Z,SIMULATED,195.0,190.0
IR-12423,SUPERFAST,NDLS,PRYJ,KNP-PRYJ-SEC-B,405.0,243.6,284.1,,,40.5,99.7692444325245,LIGHT RAIN,28.8,1.5,4.0,HIGH,5.0,NONE,2024-08-20T10:00:00Z,SIMULATED,195.0,202.8
IR-12423,SUPERFAST,NDLS,PRYJ,KNP-PRYJ-SEC-B,405.0,233.5,265.4,,,31.9,104.04704451440683,LIGHT RAIN,32.0,1.5,4.0,HIGH,5.0,NONE,2024-09-21T10:00:00Z,SIMULATED,195.0,189.3
IR-12423,SUPERFAST,NDLS,PRYJ,KNP-PRYJ-SEC-B,405.0,232.9,264.2,,,31.3,104.34779339087407,CLEAR,20.8,0.0,9.0,HIGH,5.0,NONE,2024-10-22T10:00:00Z,SIMULATED,195.0,188.4
IR-12423,SUPERFAST,NDLS,PRYJ,KNP-PRYJ-SEC-B,405.0,230.3,259.3,,,29.0,105.5205451801034,CLEAR,23.2,0.0,9.0,HIGH,5.0,NONE,2024-11-23T10:00:00Z,SIMULATED,195.0,184.9
IR-12423,SUPERFAST,NDLS,PRYJ,KNP-PRYJ-SEC-B,405.0,226.7,252.3,,,25.6,107.17662098783336,CLEAR,25.6,0.0,9.0,HIGH,5.0,NONE,2024-12-24T10:00:00Z,SIMULATED,195.0,179.8
IR-12423,SUPERFAST,NDLS,PRYJ,KNP-PRYJ-SEC-B,405.0,236.7,271.4,,,34.7,102.65591373306324,CLEAR,28.8,0.0,9.0,HIGH,5.0,NONE,2024-01-25T10:00:00Z,SIMULATED,195.0,193.7
IR-12423,SUPERFAST,NDLS,PRYJ,KNP-PRYJ-SEC-B,405.0,229.5,257.8,,,28.3,105.8666502779441,CLEAR,32.0,0.0,9.0,HIGH,5.0,NONE,2024-02-26T10:00:00Z,SIMULATED,195.0,183.8
IR-12423,SUPERFAST,NDLS,PRYJ,KNP-PRYJ-SEC-B,405.0,227.5,253.9,,,26.4,106.80133553477692,CLEAR,20.8,0.0,9.0,HIGH,5.0,NONE,2024-03-27T10:00:00Z,SIMULATED,195.0,180.9
IR-12423,SUPERFAST,NDLS,PRYJ,KNP-PRYJ-SEC-B,405.0,230.9,260.4,,,29.5,105.24117611399627,CLEAR,23.2,0.0,9.0,HIGH,5.0,NONE,2024-04-28T10:00:00Z,SIMULATED,195.0,185.7
IR-12423,SUPERFAST,NDLS,PRYJ,KNP-PRYJ-SEC-B,405.0,227.8,254.5,,,26.7,106.64949496311031,CLEAR,25.6,0.0,9.0,HIGH,5.0,NONE,2024-05-01T10:00:00Z,SIMULATED,195.0,181.4
IR-12423,SUPERFAST,NDLS,PRYJ,KNP-PRYJ-SEC-B,405.0,235.8,269.7,,,33.9,103.06959719173447,CLEAR,28.8,0.0,9.0,HIGH,5.0,NONE,2024-06-02T10:00:00Z,SIMULATED,195.0,192.4
IR-12423,SUPERFAST,NDLS,PRYJ,KNP-PRYJ-SEC-B,405.0,230.6,259.9,,,29.3,105.36689302732708,CLEAR,32.0,0.0,9.0,HIGH,5.0,NONE,2024-07-03T10:00:00Z,SIMULATED,195.0,185.3
IR-12423,SUPERFAST,NDLS,PRYJ,KNP-PRYJ-SEC-B,405.0,240.3,278.0,,,37.7,101.1309406982621,FOGGY,20.8,0.0,1.5,HIGH,5.0,NONE,2024-08-04T10:00:00Z,SIMULATED,195.0,198.4
IR-12423,SUPERFAST,NDLS,PRYJ,KNP-PRYJ-SEC-B,405.0,226.8,252.5,,,25.7,107.12959202887558,LIGHT RAIN,23.2,1.5,4.0,HIGH,5.0,NONE,2024-09-05T10:00:00Z,SIMULATED,195.0,179.9
IR-12423,SUPERFAST,NDLS,PRYJ,KNP-PRYJ-SEC-B,405.0,231.3,261.2,,,29.9,105.0500113390664,LIGHT RAIN,25.6,1.5,4.0,HIGH,5.0,NONE,2024-10-06T10:00:00Z,SIMULATED,195.0,186.3
IR-12423,SUPERFAST,NDLS,PRYJ,KNP-PRYJ-SEC-B,405.0,238.0,273.8,,,35.8,102.082287721173,LIGHT RAIN,28.8,1.5,4.0,HIGH,5.0,NONE,2024-11-07T10:00:00Z,SIMULATED,195.0,195.4
IR-12423,SUPERFAST,NDLS,PRYJ,KNP-PRYJ-SEC-B,405.0,227.4,253.7,,,26.3,106.8488551453742,LIGHT RAIN,32.0,1.5,4.0,HIGH,5.0,NONE,2024-12-08T10:00:00Z,SIMULATED,195.0,180.8
IR-12423,SUPERFAST,NDLS,PRYJ,KNP-PRYJ-SEC-B,405.0,238.8,275.3,,,36.5,101.73812498648816,CLEAR,20.8,0.0,9.0,HIGH,5.0,NONE,2024-01-09T10:00:00Z,SIMULATED,195.0,196.5
IR-12423,SUPERFAST,NDLS,PRYJ,KNP-PRYJ-SEC-B,405.0,229.6,257.9,,,28.3,105.831973393145,CLEAR,23.2,0.0,9.0,HIGH,5.0,NONE,2024-02-10T10:00:00Z,SIMULATED,195.0,183.9
IR-12423,SUPERFAST,NDLS,PRYJ,KNP-PRYJ-SEC-B,405.0,225.6,250.2,,,24.6,107.7025210048459,CLEAR,25.6,0.0,9.0,MEDIUM,5.0,NONE,2024-03-11T10:00:00Z,SIMULATED,195.0,178.2
IR-12423,SUPERFAST,NDLS,PRYJ,KNP-PRYJ-SEC-B,405.0,237.6,273.0,,,35.4,102.2917631009542,CLEAR,28.8,0.0,9.0,HIGH,5.0,NONE,2024-04-12T10:00:00Z,SIMULATED,195.0,194.8
IR-12423,SUPERFAST,NDLS,PRYJ,KNP-PRYJ-SEC-B,405.0,230.1,258.9,,,28.8,105.62326778819428,CLEAR,32.0,0.0,9.0,HIGH,5.0,NONE,2024-05-13T10:00:00Z,SIMULATED,195.0,184.6
IR-12423,SUPERFAST,NDLS,PRYJ,KNP-PRYJ-SEC-B,405.0,234.8,267.8,,,33.0,103.5006391177324,CLEAR,20.8,0.0,9.0,HIGH,5.0,NONE,2024-06-14T10:00:00Z,SIMULATED,195.0,191.0
IR-12423,SUPERFAST,NDLS,PRYJ,KNP-PRYJ-SEC-B,405.0,233.6,265.6,,,32.0,104.00373480300463,CLEAR,23.2,0.0,9.0,HIGH,5.0,NONE,2024-07-15T10:00:00Z,SIMULATED,195.0,189.5
IR-12423,SUPERFAST,NDLS,PRYJ,KNP-PRYJ-SEC-B,405.0,226.6,252.1,,,25.5,107.25461514317954,CLEAR,25.6,0.0,9.0,HIGH,5.0,NONE,2024-08-16T10:00:00Z,SIMULATED,195.0,179.6
IR-12423,SUPERFAST,NDLS,PRYJ,KNP-PRYJ-SEC-B,405.0,232.6,263.7,,,31.1,104.4527716345412,CLEAR,28.8,0.0,9.0,HIGH,5.0,NONE,2024-09-17T10:00:00Z,SIMULATED,195.0,188.1
IR-12423,SUPERFAST,NDLS,PRYJ,KNP-PRYJ-SEC-B,405.0,228.4,255.6,,,27.2,106.37516560291934,CLEAR,32.0,0.0,9.0,HIGH,5.0,NONE,2024-10-18T10:00:00Z,SIMULATED,195.0,182.2
IR-12423,SUPERFAST,NDLS,PRYJ,KNP-PRYJ-SEC-B,405.0,242.0,281.2,,,39.2,100.40992050434274,FOGGY,20.8,0.0,1.5,HIGH,5.0,NONE,2024-11-19T10:00:00Z,SIMULATED,195.0,200.7
IR-12423,SUPERFAST,NDLS,PRYJ,KNP-PRYJ-SEC-B,405.0,229.6,258.0,,,28.4,105.82381159989274,LIGHT RAIN,23.2,1.5,4.0,HIGH,5.0,NONE,2024-12-20T10:00:00Z,SIMULATED,195.0,184.0
IR-12423,SUPERFAST,NDLS,PRYJ,KNP-PRYJ-SEC-B,405.0,230.3,259.2,,,28.9,105.530445190319,LIGHT RAIN,25.6,1.5,4.0,HIGH,5.0,NONE,2024-01-21T10:00:00Z,SIMULATED,195.0,184.8
IR-12423,SUPERFAST,NDLS,PRYJ,KNP-PRYJ-SEC-B,405.0,237.2,272.3,,,35.1,102.4310771562489,LIGHT RAIN,28.8,1.5,4.0,HIGH,5.0,NONE,2024-02-22T10:00:00Z,SIMULATED,195.0,194.3
IR-12423,SUPERFAST,NDLS,PRYJ,KNP-PRYJ-SEC-B,405.0,228.8,256.3,,,27.5,106.22892526159596,LIGHT RAIN,32.0,1.5,4.0,HIGH,5.0,NONE,2024-03-23T10:00:00Z,SIMULATED,195.0,182.6
IR-12423,SUPERFAST,NDLS,PRYJ,KNP-PRYJ-SEC-B,450.0,287.1,339.0,,,51.9,94.04398030809324,FOGGY,20.8,0.0,1.5,HIGH,5.0,NONE,2024-04-24T10:00:00Z,SIMULATED,150.0,197.6
IR-12423,SUPERFAST,NDLS,PRYJ,KNP-PRYJ-SEC-B,450.0,275.1,318.8,,,43.7,98.15796089284736,LIGHT RAIN,23.2,1.5,4.0,HIGH,5.0,NONE,2024-05-25T10:00:00Z,SIMULATED,150.0,185.4
IR-12423,SUPERFAST,NDLS,PRYJ,KNP-PRYJ-SEC-B,450.0,277.9,323.6,,,45.7,97.15736156990928,LIGHT RAIN,25.6,1.5,4.0,HIGH,5.0,NONE,2024-06-26T10:00:00Z,SIMULATED,150.0,188.3
IR-12423,SUPERFAST,NDLS,PRYJ,KNP-PRYJ-SEC-B,450.0,296.5,354.4,,,57.9,91.07335322517172,LIGHT RAIN,28.8,1.5,4.0,HIGH,5.0,NONE,2024-07-27T10:00:00Z,SIMULATED,150.0,206.7
IR-12423,SUPERFAST,NDLS,PRYJ,KNP-PRYJ-SEC-B,450.0,278.0,323.7,,,45.7,97.12535775442149,LIGHT RAIN,32.0,1.5,4.0,HIGH,5.0,NONE,2024-08-28T10:00:00Z,SIMULATED,150.0,188.4
IR-12423,SUPERFAST,NDLS,PRYJ,KNP-PRYJ-SEC-B,450.0,291.6,346.4,,,54.8,92.5882778941512,CLEAR,20.8,0.0,9.0,HIGH,5.0,NONE,2024-09-01T10:00:00Z,SIMULATED,150.0,202.0
IR-12423,SUPERFAST,NDLS,PRYJ,KNP-PRYJ-SEC-B,450.0,278.4,324.4,,,46.0,96.99607167316256,CLEAR,23.2,0.0,9.0,HIGH,5.0,NONE,2024-10-02T10:00:00Z,SIMULATED,150.0,188.8
IR-12423,SUPERFAST,NDLS,PRYJ,KNP-PRYJ-SEC-B,450.0,278.5,324.6,,,46.1,96.93192941466188,CLEAR,25.6,0.0,9.0,HIGH,5.0,NONE,2024-11-03T10:00:00Z,SIMULATED,150.0,188.9
IR-12423,SUPERFAST,NDLS,PRYJ,KNP-PRYJ-SEC-B,450.0,290.9,345.3,,,54.4,92.80946795636788,CLEAR,28.8,0.0,9.0,HIGH,5.0,NONE,2024-12-04T10:00:00Z,SIMULATED,150.0,201.4
IR-12423,SUPERFAST,NDLS,PRYJ,KNP-PRYJ-SEC-B,450.0,277.9,323.6,,,45.7,97.1532532627266,CLEAR,32.0,0.0,9.0,HIGH,5.0,NONE,2024-01-05T10:00:00Z,SIMULATED,150.0,188.3
IR-12423,SUPERFAST,NDLS,PRYJ,KNP-PRYJ-SEC-B,450.0,284.4,334.5,,,50.1,94.9262688327858,CLEAR,20.8,0.0,9.0,HIGH,5.0,NONE,2024-02-06T10:00:00Z,SIMULATED,150.0,194.9
IR-12423,SUPERFAST,NDLS,PRYJ,KNP-PRYJ-SEC-B,450.0,276.0,320.3,,,44.3,97.8313365144412,CLEAR,23.2,0.0,9.0,HIGH,5.0,NONE,2024-03-07T10:00:00Z,SIMULATED,150.0,186.3
IR-12423,SUPERFAST,NDLS,PRYJ,KNP-PRYJ-SEC-B,450.0,274.1,317.1,,,43.0,98.49182212102222,CLEAR,25.6,0.0,9.0,HIGH,5.0,NONE,2024-04-08T10:00:00Z,SIMULATED,150.0,184.4
IR-12423,SUPERFAST,NDLS,PRYJ,KNP-PRYJ-SEC-B,450.0,281.9,330.4,,,48.5,95.7706594085632,CLEAR,28.8,0.0,9.0,HIGH,5.0,NONE,2024-05-09T10:00:00Z,SIMULATED,150.0,192.5
IR-12423,SUPERFAST,NDLS,PRYJ,KNP-PRYJ-SEC-B,450.0,271.3,312.2,,,40.9,99.53306761694871,CLEAR,32.0,0.0,9.0,HIGH,5.0,NONE,2024-06-10T10:00:00Z,SIMULATED,150.0,181.3
IR-12423,SUPERFAST,NDLS,PRYJ,KNP-PRYJ-SEC-B,450.0,288.3,341.0,,,52.7,93.64311078996307,FOGGY,20.8,0.0,1.5,HIGH,5.0,NONE,2024-07-11T10:00:00Z,SIMULATED,150.0,198.8
IR-12423,SUPERFAST,NDLS,PRYJ,KNP-PRYJ-SEC-B,450.0,279.6,326.4,,,46.8,96.5803121494533,LIGHT RAIN,23.2,1.5,4.0,HIGH,5.0,NONE,2024-08-12T10:00:00Z,SIMULATED,150.0,190.0
IR-12423,SUPERFAST,NDLS,PRYJ,KNP-PRYJ-SEC-B,450.0,275.2,319.0,,,43.8,98.11354402376558,LIGHT RAIN,25.6,1.5,4.0,HIGH,5.0,NONE,2024-09-13T10:00:00Z,SIMULATED,150.0,185.5
IR-12423,SUPERFAST,NDLS,PRYJ,KNP-PRYJ-SEC-B,450.0,284.2,334.2,,,50.0,95.0060001578414,LIGHT RAIN,28.8,1.5,4.0,HIGH,5.0,NONE,2024-10-14T10:00:00Z,SIMULATED,150.0,194.7
IR-12423,SUPERFAST,NDLS,PRYJ,KNP-PRYJ-SEC-B,450.0,278.6,324.8,,,46.2,96.92249288967466,LIGHT RAIN,32.0,1.5,4.0,HIGH,5.0,NONE,2024-11-15T10:00:00Z,SIMULATED,150.0,189.1
IR-12423,SUPERFAST,NDLS,PRYJ,KNP-PRYJ-SEC-B,450.0,288.9,342.0,,,53.1,93.46174759398416,CLEAR,20.8,0.0,9.0,HIGH,5.0,NONE,2024-12-16T10:00:00Z,SIMULATED,150.0,199.4
IR-12423,SUPERFAST,NDLS,PRYJ,KNP-PRYJ-SEC-B,450.0,284.3,334.3,,,50.0,94.97530868520104,CLEAR,23.2,0.0,9.0,HIGH,5.0,NONE,2024-01-17T10:00:00Z,SIMULATED,150.0,194.8
IR-12423,SUPERFAST,NDLS,PRYJ,KNP-PRYJ-SEC-B,450.0,278.7,325.0,,,46.3,96.86247787972918,CLEAR,25.6,0.0,9.0,HIGH,5.0,NONE,2024-02-18T10:00:00Z,SIMULATED,150.0,189.2
IR-12423,SUPERFAST,NDLS,PRYJ,KNP-PRYJ-SEC-B,450.0,286.0,337.2,,,51.2,94.39310991052255,CLEAR,28.8,0.0,9.0,HIGH,5.0,NONE,2024-03-19T10:00:00Z,SIMULATED,150.0,196.5
IR-12423,SUPERFAST,NDLS,PRYJ,KNP-PRYJ-SEC-B,450.0,277.4,322.8,,,45.4,97.32333197218396,CLEAR,32.0,0.0,9.0,HIGH,5.0,NONE,2024-04-20T10:00:00Z,SIMULATED,150.0,187.9
IR-12423,SUPERFAST,NDLS,PRYJ,KNP-PRYJ-SEC-B,450.0,287.6,339.8,,,52.2,93.8834783531372,CLEAR,20.8,0.0,9.0,HIGH,5.0,NONE,2024-05-21T10:00:00Z,SIMULATED,150.0,198.1
IR-12423,SUPERFAST,NDLS,PRYJ,KNP-PRYJ-SEC-B,450.0,282.0,330.5,,,48.5,95.73254365735312,CLEAR,23.2,0.0,9.0,HIGH,5.0,NONE,2024-06-22T10:00:00Z,SIMULATED,150.0,192.5
IR-12423,SUPERFAST,NDLS,PRYJ,KNP-PRYJ-SEC-B,450.0,278.5,324.6,,,46.1,96.95829252174636,CLEAR,25.6,0.0,9.0,HIGH,5.0,NONE,2024-07-23T10:00:00Z,SIMULATED,150.0,188.9
IR-12423,SUPERFAST,NDLS,PRYJ,KNP-PRYJ-SEC-B,450.0,283.6,333.2,,,49.6,95.20469305262844,CLEAR,28.8,0.0,9.0,HIGH,5.0,NONE,2024-08-24T10:00:00Z,SIMULATED,150.0,194.1
IR-12423,SUPERFAST,NDLS,PRYJ,KNP-PRYJ-SEC-B,450.0,270.7,311.2,,,40.5,99.75102683623156,CLEAR,32.0,0.0,9.0,HIGH,5.0,NONE,2024-09-25T10:00:00Z,SIMULATED,150.0,180.7
IR-12423,SUPERFAST,NDLS,PRYJ,KNP-PRYJ-SEC-B,450.0,290.0,343.8,,,53.8,93.09911910006852,FOGGY,20.8,0.0,1.5,HIGH,5.0,NONE,2024-10-26T10:00:00Z,SIMULATED,150.0,200.5
IR-12423,SUPERFAST,NDLS,PRYJ,KNP-PRYJ-SEC-B,450.0,274.3,317.4,,,43.1,98.4319866970158,LIGHT RAIN,23.2,1.5,4.0,HIGH,5.0,NONE,2024-11-27T10:00:00Z,SIMULATED,150.0,184.5
IR-12423,SUPERFAST,NDLS,PRYJ,KNP-PRYJ-SEC-B,450.0,282.0,330.5,,,48.5,95.74201195261251,LIGHT RAIN,25.6,1.5,4.0,HIGH,5.0,NONE,2024-12-28T10:00:00Z,SIMULATED,150.0,192.5
IR-12423,SUPERFAST,NDLS,PRYJ,KNP-PRYJ-SEC-B,450.0,282.5,331.4,,,48.9,95.5685870687502,LIGHT RAIN,28.8,1.5,4.0,HIGH,5.0,NONE,2024-01-01T10:00:00Z,SIMULATED,150.0,193.1
IR-12423,SUPERFAST,NDLS,PRYJ,KNP-PRYJ-SEC-B,450.0,282.9,332.0,,,49.1,95.43646263890972,LIGHT RAIN,32.0,1.5,4.0,HIGH,5.0,NONE,2024-02-02T10:00:00Z,SIMULATED,150.0,193.4
IR-12423,SUPERFAST,NDLS,PRYJ,KNP-PRYJ-SEC-B,495.0,322.3,378.0,,,55.7,92.15258076227428,FOGGY,20.8,0.0,1.5,HIGH,5.0,NONE,2024-03-03T10:00:00Z,SIMULATED,105.0,179.1
IR-12423,SUPERFAST,NDLS,PRYJ,KNP-PRYJ-SEC-B,495.0,321.0,376.0,,,55.0,92.5138471868515,LIGHT RAIN,23.2,1.5,4.0,HIGH,5.0,NONE,2024-04-04T10:00:00Z,SIMULATED,105.0,178.1
IR-12423,SUPERFAST,NDLS,PRYJ,KNP-PRYJ-SEC-B,495.0,315.2,366.7,,,51.5,94.2276178965118,LIGHT RAIN,25.6,1.5,4.0,HIGH,5.0,NONE,2024-05-05T10:00:00Z,SIMULATED,105.0,173.4
IR-12423,SUPERFAST,NDLS,PRYJ,KNP-PRYJ-SEC-B,495.0,321.8,377.2,,,55.4,92.2996390016691,LIGHT RAIN,28.8,1.5,4.0,HIGH,5.0,NONE,2024-06-06T10:00:00Z,SIMULATED,105.0,178.7
IR-12423,SUPERFAST,NDLS,PRYJ,KNP-PRYJ-SEC-B,495.0,315.9,367.9,,,52.0,94.0165286405445,LIGHT RAIN,32.0,1.5,4.0,HIGH,5.0,NONE,2024-07-07T10:00:00Z,SIMULATED,105.0,174.0
IR-12423,SUPERFAST,NDLS,PRYJ,KNP-PRYJ-SEC-B,495.0,317.2,369.9,,,52.7,93.645802544015,CLEAR,20.8,0.0,9.0,HIGH,5.0,NONE,2024-08-08T10:00:00Z,SIMULATED,105.0,175.0
IR-12423,SUPERFAST,NDLS,PRYJ,KNP-PRYJ-SEC-B,495.0,313.2,363.6,,,50.4,94.8246209123788,CLEAR,23.2,0.0,9.0,HIGH,5.0,NONE,2024-09-09T10:00:00Z,SIMULATED,105.0,171.8
IR-12423,SUPERFAST,NDLS,PRYJ,KNP-PRYJ-SEC-B,495.0,316.8,369.3,,,52.5,93.73816290542904,CLEAR,25.6,0.0,9.0,HIGH,5.0,NONE,2024-10-10T10:00:00Z,SIMULATED,105.0,174.7
IR-12423,SUPERFAST,NDLS,PRYJ,KNP-PRYJ-SEC-B,495.0,325.0,382.2,,,57.2,91.39850868265924,CLEAR,28.8,0.0,9.0,HIGH,5.0,NONE,2024-11-11T10:00:00Z,SIMULATED,105.0,181.1
IR-12423,SUPERFAST,NDLS,PRYJ,KNP-PRYJ-SEC-B,495.0,318.5,372.0,,,53.5,93.24176437906569,CLEAR,32.0,0.0,9.0,HIGH,5.0,NONE,2024-12-12T10:00:00Z,SIMULATED,105.0,176.1
IR-12423,SUPERFAST,NDLS,PRYJ,KNP-PRYJ-SEC-B,495.0,326.1,383.9,,,57.8,91.07772492550286,CLEAR,20.8,0.0,9.0,HIGH,5.0,NONE,2024-01-13T10:00:00Z,SIMULATED,105.0,182.0
IR-12423,SUPERFAST,NDLS,PRYJ,KNP-PRYJ-SEC-B,495.0,310.6,359.3,,,48.7,95.62732085394111,CLEAR,23.2,0.0,9.0,HIGH,5.0,NONE,2024-02-14T10:00:00Z,SIMULATED,105.0,169.6
IR-12423,SUPERFAST,NDLS,PRYJ,KNP-PRYJ-SEC-B,495.0,314.5,365.6,,,51.1,94.4280292950142,CLEAR,25.6,0.0,9.0,HIGH,5.0,NONE,2024-03-15T10:00:00Z,SIMULATED,105.0,172.8
IR-12423,SUPERFAST,NDLS,PRYJ,KNP-PRYJ-SEC-B,495.0,318.7,372.3,,,53.6,93.19206992995905,CLEAR,28.8,0.0,9.0,HIGH,5.0,NONE,2024-04-16T10:00:00Z,SIMULATED,105.0,176.2
IR-12423,SUPERFAST,NDLS,PRYJ,KNP-PRYJ-SEC-B,495.0,311.9,361.5,,,49.6,95.20961969627731,CLEAR,32.0,0.0,9.0,HIGH,5.0,NONE,2024-05-17T10:00:00Z,SIMULATED,105.0,170.8
IR-12423,SUPERFAST,NDLS,PRYJ,KNP-PRYJ-SEC-B,495.0,325.9,383.6,,,57.7,91.13833853311796,FOGGY,20.8,0.0,1.5,HIGH,5.0,NONE,2024-06-18T10:00:00Z,SIMULATED,105.0,181.8
IR-12423,SUPERFAST,NDLS,PRYJ,KNP-PRYJ-SEC-B,495.0,320.3,374.8,,,54.5,92.728539311684,LIGHT RAIN,23.2,1.5,4.0,HIGH,5.0,NONE,2024-07-19T10:00:00Z,SIMULATED,105.0,177.4
IR-12423,SUPERFAST,NDLS,PRYJ,KNP-PRYJ-SEC-B,495.0,310.9,359.9,,,49.0,95.5157005731515,LIGHT RAIN,25.6,1.5,4.0,HIGH,5.0,NONE,2024-08-20T10:00:00Z,SIMULATED,105.0,170.0
IR-12423,SUPERFAST,NDLS,PRYJ,KNP-PRYJ-SEC-B,495.0,325.8,383.5,,,57.7,91.16012191226991,LIGHT RAIN,28.8,1.5,4.0,HIGH,5.0,NONE,2024-09-21T10:00:00Z,SIMULATED,105.0,181.8
IR-12423,SUPERFAST,NDLS,PRYJ,KNP-PRYJ-SEC-B,495.0,311.6,360.9,,,49.3,95.32604357263897,LIGHT RAIN,32.0,1.5,4.0,HIGH,5.0,NONE,2024-10-22T10:00:00Z,SIMULATED,105.0,170.4
IR-12423,SUPERFAST,NDLS,PRYJ,KNP-PRYJ-SEC-B,495.0,328.6,387.8,,,59.2,90.3919929898132,CLEAR,20.8,0.0,9.0,HIGH,5.0,NONE,2024-11-23T10:00:00Z,SIMULATED,105.0,183.9
IR-12423,SUPERFAST,NDLS,PRYJ,KNP-PRYJ-SEC-B,495.0,313.2,363.6,,,50.4,94.81477382556778,CLEAR,23.2,0.0,9.0,HIGH,5.0,NONE,2024-12-24T10:00:00Z,SIMULATED,105.0,171.8
IR-12423,SUPERFAST,NDLS,PRYJ,KNP-PRYJ-SEC-B,495.0,316.5,368.8,,,52.3,93.84590236567492,CLEAR,25.6,0.0,9.0,HIGH,5.0,NONE,2024-01-25T10:00:00Z,SIMULATED,105.0,174.4
IR-12423,SUPERFAST,NDLS,PRYJ,KNP-PRYJ-SEC-B,495.0,325.7,383.3,,,57.6,91.19057599098043,CLEAR,28.8,0.0,9.0,HIGH,5.0,NONE,2024-02-26T10:00:00Z,SIMULATED,105.0,181.7
IR-12423,SUPERFAST,NDLS,PRYJ,KNP-PRYJ-SEC-B,495.0,311.9,361.5,,,49.6,95.22430765280266,CLEAR,32.0,0.0,9.0,HIGH,5.0,NONE,2024-03-27T10:00:00Z,SIMULATED,105.0,170.8
IR-12423,SUPERFAST,NDLS,PRYJ,KNP-PRYJ-SEC-B,495.0,320.4,375.0,,,54.6,92.68941814423135,CLEAR,20.8,0.0,9.0,HIGH,5.0,NONE,2024-04-28T10:00:00Z,SIMULATED,105.0,177.6
IR-12423,SUPERFAST,NDLS,PRYJ,KNP-PRYJ-SEC-B,495.0,305.9,351.7,,,45.8,97.10453414936536,CLEAR,23.2,0.0,9.0,HIGH,5.0,NONE,2024-05-01T10:00:00Z,SIMULATED,105.0,165.7
IR-12423,SUPERFAST,NDLS,PRYJ,KNP-PRYJ-SEC-B,495.0,317.0,369.6,,,52.6,93.68564267522768,CLEAR,25.6,0.0,9.0,HIGH,5.0,NONE,2024-06-02T10:00:00Z,SIMULATED,105.0,174.8
IR-12423,SUPERFAST,NDLS,PRYJ,KNP-PRYJ-SEC-B,495.0,322.1,377.7,,,55.6,92.21952911691749,CLEAR,28.8,0.0,9.0,HIGH,5.0,NONE,2024-07-03T10:00:00Z,SIMULATED,105.0,178.9
IR-12423,SUPERFAST,NDLS,PRYJ,KNP-PRYJ-SEC-B,495.0,311.1,360.1,,,49.0,95.48105297219172,CLEAR,32.0,0.0,9.0,HIGH,5.0,NONE,2024-08-04T10:00:00Z,SIMULATED,105.0,170.0
IR-12423,SUPERFAST,NDLS,PRYJ,KNP-PRYJ-SEC-B,495.0,325.8,383.5,,,57.7,91.16560261251688,FOGGY,20.8,0.0,1.5,HIGH,5.0,NONE,2024-09-05T10:00:00Z,SIMULATED,105.0,181.8
IR-12423,SUPERFAST,NDLS,PRYJ,KNP-PRYJ-SEC-B,495.0,316.5,368.8,,,52.3,93.83782054394436,LIGHT RAIN,23.2,1.5,4.0,HIGH,5.0,NONE,2024-10-06T10:00:00Z,SIMULATED,105.0,174.4
IR-12423,SUPERFAST,NDLS,PRYJ,KNP-PRYJ-SEC-B,495.0,315.4,367.1,,,51.7,94.16646243980402,LIGHT RAIN,25.6,1.5,4.0,HIGH,5.0,NONE,2024-11-07T10:00:00Z,SIMULATED,105.0,173.6
IR-12423,SUPERFAST,NDLS,PRYJ,KNP-PRYJ-SEC-B,495.0,322.0,377.5,,,55.5,92.2313833653277,LIGHT RAIN,28.8,1.5,4.0,HIGH,5.0,NONE,2024-12-08T10:00:00Z,SIMULATED,105.0,178.8
IR-12423,SUPERFAST,NDLS,PRYJ,KNP-PRYJ-SEC-B,495.0,315.4,367.1,,,51.7,94.17313266844896,LIGHT RAIN,32.0,1.5,4.0,HIGH,5.0,NONE,2024-01-09T10:00:00Z,SIMULATED,105.0,173.6
IR-12423,SUPERFAST,NDLS,PRYJ,KNP-PRYJ-SEC-B,540.0,398.6,476.0,,,77.4,81.27948507124222,FOGGY,20.8,0.0,1.5,HIGH,5.0,NONE,2024-02-10T10:00:00Z,SIMULATED,60.0,181.7
IR-12423,SUPERFAST,NDLS,PRYJ,KNP-PRYJ-SEC-B,540.0,379.3,448.4,,,69.1,85.42757798768889,LIGHT RAIN,23.2,1.5,4.0,HIGH,5.0,NONE,2024-03-11T10:00:00Z,SIMULATED,60.0,171.2
IR-12423,SUPERFAST,NDLS,PRYJ,KNP-PRYJ-SEC-B,540.0,383.6,454.7,,,71.1,84.47196442523284,LIGHT RAIN,25.6,1.5,4.0,HIGH,5.0,NONE,2024-04-12T10:00:00Z,SIMULATED,60.0,173.7
IR-12423,SUPERFAST,NDLS,PRYJ,KNP-PRYJ-SEC-B,540.0,385.5,457.4,,,71.9,84.0478328487218,LIGHT RAIN,28.8,1.5,4.0,HIGH,5.0,NONE,2024-05-13T10:00:00Z,SIMULATED,60.0,174.7
IR-12423,SUPERFAST,NDLS,PRYJ,KNP-PRYJ-SEC-B,540.0,370.6,435.7,,,65.1,87.42980231186968,LIGHT RAIN,32.0,1.5,4.0,HIGH,5.0,NONE,2024-06-14T10:00:00Z,SIMULATED,60.0,166.3
IR-12423,SUPERFAST,NDLS,PRYJ,KNP-PRYJ-SEC-B,540.0,388.6,461.9,,,73.3,83.37051745124364,CLEAR,20.8,0.0,9.0,HIGH,5.0,NONE,2024-07-15T10:00:00Z,SIMULATED,60.0,176.5
IR-12423,SUPERFAST,NDLS,PRYJ,KNP-PRYJ-SEC-B,540.0,376.3,444.1,,,67.8,86.0992584349828,CLEAR,23.2,0.0,9.0,HIGH,5.0,NONE,2024-08-16T10:00:00Z,SIMULATED,60.0,169.6
IR-12423,SUPERFAST,NDLS,PRYJ,KNP-PRYJ-SEC-B,540.0,378.7,447.6,,,68.9,85.55794736250677,CLEAR,25.6,0.0,9.0,HIGH,5.0,NONE,2024-09-17T10:00:00Z,SIMULATED,60.0,171.0
IR-12423,SUPERFAST,NDLS,PRYJ,KNP-PRYJ-SEC-B,540.0,385.0,456.7,,,71.7,84.16467535767194,CLEAR,28.8,0.0,9.0,HIGH,5.0,NONE,2024-10-18T10:00:00Z,SIMULATED,60.0,174.5
IR-12423,SUPERFAST,NDLS,PRYJ,KNP-PRYJ-SEC-B,540.0,374.6,441.6,,,67.0,86.4841882630088,CLEAR,32.0,0.0,9.0,HIGH,5.0,NONE,2024-11-19T10:00:00Z,SIMULATED,60.0,168.6
IR-12423,SUPERFAST,NDLS,PRYJ,KNP-PRYJ-SEC-B,540.0,384.4,455.8,,,71.4,84.29316138923106,CLEAR,20.8,0.0,9.0,HIGH,5.0,NONE,2024-12-20T10:00:00Z,SIMULATED,60.0,174.1
IR-12423,SUPERFAST,NDLS,PRYJ,KNP-PRYJ-SEC-B,540.0,378.8,447.7,,,68.9,85.53558341814198,CLEAR,23.2,0.0,9.0,HIGH,5.0,NONE,2024-01-21T10:00:00Z,SIMULATED,60.0,171.0
IR-12423,SUPERFAST,NDLS,PRYJ,KNP-PRYJ-SEC-B,540.0,381.3,451.4,,,70.1,84.96714583668799,CLEAR,25.6,0.0,9.0,HIGH,5.0,NONE,2024-02-22T10:00:00Z,SIMULATED,60.0,172.5
IR-12423,SUPERFAST,NDLS,PRYJ,KNP-PRYJ-SEC-B,540.0,385.9,458.0,,,72.1,83.96819641627695,CLEAR,28.8,0.0,9.0,HIGH,5.0,NONE,2024-03-23T10:00:00Z,SIMULATED,60.0,175.0
IR-12423,SUPERFAST,NDLS,PRYJ,KNP-PRYJ-SEC-B,540.0,376.6,444.5,,,67.9,86.03506859643353,CLEAR,32.0,0.0,9.0,HIGH,5.0,NONE,2024-04-24T10:00:00Z,SIMULATED,60.0,169.7
IR-12423,SUPERFAST,NDLS,PRYJ,KNP-PRYJ-SEC-B,540.0,396.8,473.5,,,76.7,81.64770796991252,FOGGY,20.8,0.0,1.5,HIGH,5.0,NONE,2024-05-25T10:00:00Z,SIMULATED,60.0,180.8
IR-12423,SUPERFAST,NDLS,PRYJ,KNP-PRYJ-SEC-B,540.0,374.6,441.6,,,67.0,86.49290707380962,LIGHT RAIN,23.2,1.5,4.0,HIGH,5.0,NONE,2024-06-26T10:00:00Z,SIMULATED,60.0,168.6
IR-12423,SUPERFAST,NDLS,PRYJ,KNP-PRYJ-SEC-B,540.0,384.2,455.5,,,71.3,84.34002523957528,LIGHT RAIN,25.6,1.5,4.0,HIGH,5.0,NONE,2024-07-27T10:00:00Z,SIMULATED,60.0,174.0
IR-12423,SUPERFAST,NDLS,PRYJ,KNP-PRYJ-SEC-B,540.0,394.2,469.8,,,75.6,82.1975684554551,LIGHT RAIN,28.8,1.5,4.0,HIGH,5.0,NONE,2024-08-28T10:00:00Z,SIMULATED,60.0,179.4
IR-12423,SUPERFAST,NDLS,PRYJ,KNP-PRYJ-SEC-B,540.0,366.7,430.0,,,63.3,88.35995297225065,LIGHT RAIN,32.0,1.5,4.0,HIGH,5.0,NONE,2024-09-01T10:00:00Z,SIMULATED,60.0,164.0
IR-12423,SUPERFAST,NDLS,PRYJ,KNP-PRYJ-SEC-B,540.0,382.5,453.1,,,70.6,84.71240965351078,CLEAR,20.8,0.0,9.0,HIGH,5.0,NONE,2024-10-02T10:00:00Z,SIMULATED,60.0,173.1
IR-12423,SUPERFAST,NDLS,PRYJ,KNP-PRYJ-SEC-B,540.0,369.7,434.4,,,64.7,87.62960473704246,CLEAR,23.2,0.0,9.0,HIGH,5.0,NONE,2024-11-03T10:00:00Z,SIMULATED,60.0,165.8
IR-12423,SUPERFAST,NDLS,PRYJ,KNP-PRYJ-SEC-B,540.0,374.1,440.9,,,66.8,86.59714476923705,CLEAR,25.6,0.0,9.0,HIGH,5.0,NONE,2024-12-04T10:00:00Z,SIMULATED,60.0,168.4
IR-12423,SUPERFAST,NDLS,PRYJ,KNP-PRYJ-SEC-B,540.0,383.7,454.8,,,71.1,84.4303288578148,CLEAR,28.8,0.0,9.0,HIGH,5.0,NONE,2024-01-05T10:00:00Z,SIMULATED,60.0,173.7
IR-12423,SUPERFAST,NDLS,PRYJ,KNP-PRYJ-SEC-B,540.0,379.2,448.3,,,69.1,85.44998809482664,CLEAR,32.0,0.0,9.0,HIGH,5.0,NONE,2024-02-06T10:00:00Z,SIMULATED,60.0,171.2
IR-12423,SUPERFAST,NDLS,PRYJ,KNP-PRYJ-SEC-B,540.0,395.9,472.2,,,76.3,81.84704458024495,CLEAR,20.8,0.0,9.0,HIGH,5.0,NONE,2024-03-07T10:00:00Z,SIMULATED,60.0,180.3
IR-12423,SUPERFAST,NDLS,PRYJ,KNP-PRYJ-SEC-B,540.0,373.8,440.4,,,66.6,86.68379923475445,CLEAR,23.2,0.0,9.0,HIGH,5.0,NONE,2024-04-08T10:00:00Z,SIMULATED,60.0,168.1
IR-12423,SUPERFAST,NDLS,PRYJ,KNP-PRYJ-SEC-B,540.0,377.2,445.4,,,68.2,85.88693258903368,CLEAR,25.6,0.0,9.0,HIGH,5.0,NONE,2024-05-09T10:00:00Z,SIMULATED,60.0,170.1
IR-12423,SUPERFAST,NDLS,PRYJ,KNP-PRYJ-SEC-B,540.0,395.2,471.2,,,76.0,81.99050408437134,CLEAR,28.8,0.0,9.0,HIGH,5.0,NONE,2024-06-10T10:00:00Z,SIMULATED,60.0,179.9
IR-12423,SUPERFAST,NDLS,PRYJ,KNP-PRYJ-SEC-B,540.0,370.9,436.2,,,65.3,87.35983164745863,CLEAR,32.0,0.0,9.0,HIGH,5.0,NONE,2024-07-11T10:00:00Z,SIMULATED,60.0,166.5
IR-12423,SUPERFAST,NDLS,PRYJ,KNP-PRYJ-SEC-B,540.0,393.4,468.7,,,75.3,82.3641574745016,FOGGY,20.8,0.0,1.5,HIGH,5.0,NONE,2024-08-12T10:00:00Z,SIMULATED,60.0,179.0
IR-12423,SUPERFAST,NDLS,PRYJ,KNP-PRYJ-SEC-B,540.0,393.3,468.5,,,75.2,82.38082555899638,LIGHT RAIN,23.2,1.5,4.0,HIGH,5.0,NONE,2024-09-13T10:00:00Z,SIMULATED,60.0,178.9
IR-12423,SUPERFAST,NDLS,PRYJ,KNP-PRYJ-SEC-B,540.0,392.6,467.6,,,75.0,82.51651267522054,LIGHT RAIN,25.6,1.5,4.0,HIGH,5.0,NONE,2024-10-14T10:00:00Z,SIMULATED,60.0,178.6
IR-12423,SUPERFAST,NDLS,PRYJ,KNP-PRYJ-SEC-B,540.0,395.4,471.5,,,76.1,81.9420350999201,LIGHT RAIN,28.8,1.5,4.0,HIGH,5.0,NONE,2024-11-15T10:00:00Z,SIMULATED,60.0,180.0
IR-12423,SUPERFAST,NDLS,PRYJ,KNP-PRYJ-SEC-B,540.0,365.8,428.7,,,62.9,88.56322416031222,LIGHT RAIN,32.0,1.5,4.0,HIGH,5.0,NONE,2024-12-16T10:00:00Z,SIMULATED,60.0,163.5
IR-12423,SUPERFAST,NDLS,PRYJ,KNP-PRYJ-SEC-B,585.0,377.4,431.4,,,54.0,93.00922404609344,FOGGY,20.8,0.0,1.5,HIGH,5.0,NONE,2024-01-17T10:00:00Z,SIMULATED,15.0,128.7
IR-12423,SUPERFAST,NDLS,PRYJ,KNP-PRYJ-SEC-B,585.0,368.2,417.5,,,49.3,95.3371091794142,LIGHT RAIN,23.2,1.5,4.0,HIGH,5.0,NONE,2024-02-18T10:00:00Z,SIMULATED,15.0,123.7
IR-12423,SUPERFAST,NDLS,PRYJ,KNP-PRYJ-SEC-B,585.0,374.3,426.7,,,52.4,93.78332158958445,LIGHT RAIN,25.6,1.5,4.0,HIGH,5.0,NONE,2024-03-19T10:00:00Z,SIMULATED,15.0,127.0
IR-12423,SUPERFAST,NDLS,PRYJ,KNP-PRYJ-SEC-B,585.0,379.4,434.4,,,55.0,92.5112571652321,LIGHT RAIN,28.8,1.5,4.0,HIGH,5.0,NONE,2024-04-20T10:00:00Z,SIMULATED,15.0,129.7
IR-12423,SUPERFAST,NDLS,PRYJ,KNP-PRYJ-SEC-B,585.0,377.3,431.2,,,53.9,93.02696410099858,LIGHT RAIN,32.0,1.5,4.0,HIGH,5.0,NONE,2024-05-21T10:00:00Z,SIMULATED,15.0,128.6
IR-12423,SUPERFAST,NDLS,PRYJ,KNP-PRYJ-SEC-B,585.0,377.9,432.1,,,54.2,92.87509721226772,CLEAR,20.8,0.0,9.0,HIGH,5.0,NONE,2024-06-22T10:00:00Z,SIMULATED,15.0,128.9
IR-12423,SUPERFAST,NDLS,PRYJ,KNP-PRYJ-SEC-B,585.0,367.0,415.7,,,48.7,95.64529801424789,CLEAR,23.2,0.0,9.0,HIGH,5.0,NONE,2024-07-23T10:00:00Z,SIMULATED,15.0,123.1
IR-12423,SUPERFAST,NDLS,PRYJ,KNP-PRYJ-SEC-B,585.0,368.3,417.7,,,49.4,95.29093249103764,CLEAR,25.6,0.0,9.0,HIGH,5.0,NONE,2024-08-24T10:00:00Z,SIMULATED,15.0,123.8
IR-12423,SUPERFAST,NDLS,PRYJ,KNP-PRYJ-SEC-B,585.0,378.5,433.0,,,54.5,92.74478317380836,CLEAR,28.8,0.0,9.0,HIGH,5.0,NONE,2024-09-25T10:00:00Z,SIMULATED,15.0,129.2
IR-12423,SUPERFAST,NDLS,PRYJ,KNP-PRYJ-SEC-B,585.0,359.3,403.9,,,44.6,97.67808673016856,CLEAR,32.0,0.0,9.0,HIGH,5.0,NONE,2024-10-26T10:00:00Z,SIMULATED,15.0,118.8
IR-12423,SUPERFAST,NDLS,PRYJ,KNP-PRYJ-SEC-B,585.0,377.8,432.0,,,54.2,92.91106196992122,CLEAR,20.8,0.0,9.0,HIGH,5.0,NONE,2024-11-27T10:00:00Z,SIMULATED,15.0,128.9
IR-12423,SUPERFAST,NDLS,PRYJ,KNP-PRYJ-SEC-B,585.0,365.4,413.3,,,47.9,96.07222152594312,CLEAR,23.2,0.0,9.0,HIGH,5.0,NONE,2024-12-28T10:00:00Z,SIMULATED,15.0,122.3
IR-12423,SUPERFAST,NDLS,PRYJ,KNP-PRYJ-SEC-B,585.0,362.6,409.0,,,46.4,96.80180831353576,CLEAR,25.6,0.0,9.0,HIGH,5.0,NONE,2024-01-01T10:00:00Z,SIMULATED,15.0,120.7
IR-12423,SUPERFAST,NDLS,PRYJ,KNP-PRYJ-SEC-B,585.0,378.8,433.5,,,54.7,92.6637568659887,CLEAR,28.8,0.0,9.0,HIGH,5.0,NONE,2024-02-02T10:00:00Z,SIMULATED,15.0,129.4
IR-12423,SUPERFAST,NDLS,PRYJ,KNP-PRYJ-SEC-B,585.0,360.5,405.8,,,45.3,97.35262696984016,CLEAR,32.0,0.0,9.0,HIGH,5.0,NONE,2024-03-03T10:00:00Z,SIMULATED,15.0,119.5
IR-12423,SUPERFAST,NDLS,PRYJ,KNP-PRYJ-SEC-B,585.0,385.0,442.7,,,57.7,91.17444327947943,FOGGY,20.8,0.0,1.5,HIGH,5.0,NONE,2024-04-04T10:00:00Z,SIMULATED,15.0,132.6
IR-12423,SUPERFAST,NDLS,PRYJ,KNP-PRYJ-SEC-B,585.0,373.7,425.9,,,52.2,93.91964713530191,LIGHT RAIN,23.2,1.5,4.0,HIGH,5.0,NONE,2024-05-05T10:00:00Z,SIMULATED,15.0,126.8
IR-12423,SUPERFAST,NDLS,PRYJ,KNP-PRYJ-SEC-B,585.0,373.6,425.7,,,52.1,93.9399518315674,LIGHT RAIN,25.6,1.5,4.0,HIGH,5.0,NONE,2024-06-06T10:00:00Z,SIMULATED,15.0,126.7
IR-12423,SUPERFAST,NDLS,PRYJ,KNP-PRYJ-SEC-B,585.0,378.2,432.6,,,54.4,92.80393735554016,LIGHT RAIN,28.8,1.5,4.0,HIGH,5.0,NONE,2024-07-07T10:00:00Z,SIMULATED,15.0,129.1
IR-12423,SUPERFAST,NDLS,PRYJ,KNP-PRYJ-SEC-B,585.0,372.6,424.2,,,51.6,94.20195057384996,LIGHT RAIN,32.0,1.5,4.0,HIGH,5.0,NONE,2024-08-08T10:00:00Z,SIMULATED,15.0,126.2
IR-12423,SUPERFAST,NDLS,PRYJ,KNP-PRYJ-SEC-B,585.0,379.2,434.1,,,54.9,92.56655695589154,CLEAR,20.8,0.0,9.0,HIGH,5.0,NONE,2024-09-09T10:00:00Z,SIMULATED,15.0,129.6
IR-12423,SUPERFAST,NDLS,PRYJ,KNP-PRYJ-SEC-B,585.0,362.7,409.2,,,46.5,96.770466642224,CLEAR,23.2,0.0,9.0,HIGH,5.0,NONE,2024-10-10T10:00:00Z,SIMULATED,15.0,120.8
IR-12423,SUPERFAST,NDLS,PRYJ,KNP-PRYJ-SEC-B,585.0,370.2,420.6,,,50.4,94.82384290220612,CLEAR,25.6,0.0,9.0,HIGH,5.0,NONE,2024-11-11T10:00:00Z,SIMULATED,15.0,124.9
IR-12423,SUPERFAST,NDLS,PRYJ,KNP-PRYJ-SEC-B,585.0,383.1,439.9,,,56.8,91.61201135650336,CLEAR,28.8,0.0,9.0,HIGH,5.0,NONE,2024-12-12T10:00:00Z,SIMULATED,15.0,131.6
IR-12423,SUPERFAST,NDLS,PRYJ,KNP-PRYJ-SEC-B,585.0,359.9,404.8,,,44.9,97.53215392264862,CLEAR,32.0,0.0,9.0,HIGH,5.0,NONE,2024-01-13T10:00:00Z,SIMULATED,15.0,119.1
IR-12423,SUPERFAST,NDLS,PRYJ,KNP-PRYJ-SEC-B,585.0,385.0,442.7,,,57.7,91.16947621636048,CLEAR,20.8,0.0,9.0,HIGH,5.0,NONE,2024-02-14T10:00:00Z,SIMULATED,15.0,132.6
IR-12423,SUPERFAST,NDLS,PRYJ,KNP-PRYJ-SEC-B,585.0,368.0,417.2,,,49.2,95.38595443471549,CLEAR,23.2,0.0,9.0,HIGH,5.0,NONE,2024-03-15T10:00:00Z,SIMULATED,15.0,123.6
IR-12423,SUPERFAST,NDLS,PRYJ,KNP-PRYJ-SEC-B,585.0,365.5,413.4,,,47.9,96.0277875846019,CLEAR,25.6,0.0,9.0,HIGH,5.0,NONE,2024-04-16T10:00:00Z,SIMULATED,15.0,122.3
IR-12423,SUPERFAST,NDLS,PRYJ,KNP-PRYJ-SEC-B,585.0,373.4,425.4,,,52.0,93.99526889242148,CLEAR,28.8,0.0,9.0,HIGH,5.0,NONE,2024-05-17T10:00:00Z,SIMULATED,15.0,126.6
IR-12423,SUPERFAST,NDLS,PRYJ,KNP-PRYJ-SEC-B,585.0,368.4,417.8,,,49.4,95.27563996290904,CLEAR,32.0,0.0,9.0,HIGH,5.0,NONE,2024-06-18T10:00:00Z,SIMULATED,15.0,123.8
IR-12423,SUPERFAST,NDLS,PRYJ,KNP-PRYJ-SEC-B,585.0,377.1,430.9,,,53.8,93.08927825198046,FOGGY,20.8,0.0,1.5,HIGH,5.0,NONE,2024-07-19T10:00:00Z,SIMULATED,15.0,128.5
IR-12423,SUPERFAST,NDLS,PRYJ,KNP-PRYJ-SEC-B,585.0,371.4,422.4,,,51.0,94.50685752979912,LIGHT RAIN,23.2,1.5,4.0,HIGH,5.0,NONE,2024-08-20T10:00:00Z,SIMULATED,15.0,125.5
IR-12423,SUPERFAST,NDLS,PRYJ,KNP-PRYJ-SEC-B,585.0,367.8,417.0,,,49.2,95.42085621889106,LIGHT RAIN,25.6,1.5,4.0,HIGH,5.0,NONE,2024-09-21T10:00:00Z,SIMULATED,15.0,123.6
IR-12423,SUPERFAST,NDLS,PRYJ,KNP-PRYJ-SEC-B,585.0,394.1,456.0,,,61.9,89.06549964731032,LIGHT RAIN,28.8,1.5,4.0,HIGH,5.0,NONE,2024-10-22T10:00:00Z,SIMULATED,15.0,137.0
IR-12423,SUPERFAST,NDLS,PRYJ,KNP-PRYJ-SEC-B,585.0,364.1,411.3,,,47.2,96.40323165988092,LIGHT RAIN,32.0,1.5,4.0,HIGH,5.0,NONE,2024-11-23T10:00:00Z,SIMULATED,15.0,121.5
IR-12423,SUPERFAST,NDLS,PRYJ,KNP-PRYJ-SEC-B,630.0,435.5,501.9,,,66.4,86.79709886504038,FOGGY,20.8,0.0,1.5,HIGH,5.0,NONE,2024-12-24T10:00:00Z,SIMULATED,15.0,146.8
IR-12423,SUPERFAST,NDLS,PRYJ,KNP-PRYJ-SEC-B,630.0,408.6,463.6,,,55.0,92.50080890324722,LIGHT RAIN,23.2,1.5,4.0,HIGH,5.0,NONE,2024-01-25T10:00:00Z,SIMULATED,15.0,134.7
IR-12423,SUPERFAST,NDLS,PRYJ,KNP-PRYJ-SEC-B,630.0,421.5,482.2,,,60.7,89.67378057539455,LIGHT RAIN,25.6,1.5,4.0,HIGH,5.0,NONE,2024-02-26T10:00:00Z,SIMULATED,15.0,140.7
IR-12423,SUPERFAST,NDLS,PRYJ,KNP-PRYJ-SEC-B,630.0,423.0,484.3,,,61.3,89.35845820041182,LIGHT RAIN,28.8,1.5,4.0,HIGH,5.0,NONE,2024-03-27T10:00:00Z,SIMULATED,15.0,141.4
IR-12423,SUPERFAST,NDLS,PRYJ,KNP-PRYJ-SEC-B,630.0,417.9,477.0,,,59.1,90.45301967470049,LIGHT RAIN,32.0,1.5,4.0,HIGH,5.0,NONE,2024-04-28T10:00:00Z,SIMULATED,15.0,139.0
IR-12423,SUPERFAST,NDLS,PRYJ,KNP-PRYJ-SEC-B,630.0,419.9,479.9,,,60.0,90.01875116093186,CLEAR,20.8,0.0,9.0,HIGH,5.0,NONE,2024-05-01T10:00:00Z,SIMULATED,15.0,140.0
IR-12423,SUPERFAST,NDLS,PRYJ,KNP-PRYJ-SEC-B,630.0,413.4,470.5,,,57.1,91.4409109272422,CLEAR,23.2,0.0,9.0,HIGH,5.0,NONE,2024-06-02T10:00:00Z,SIMULATED,15.0,136.9
IR-12423,SUPERFAST,NDLS,PRYJ,KNP-PRYJ-SEC-B,630.0,417.5,476.4,,,58.9,90.54852429988016,CLEAR,25.6,0.0,9.0,HIGH,5.0,NONE,2024-07-03T10:00:00Z,SIMULATED,15.0,138.8
IR-12423,SUPERFAST,NDLS,PRYJ,KNP-PRYJ-SEC-B,630.0,416.5,475.0,,,58.5,90.75375813999152,CLEAR,28.8,0.0,9.0,HIGH,5.0,NONE,2024-08-04T10:00:00Z,SIMULATED,15.0,138.4
IR-12423,SUPERFAST,NDLS,PRYJ,KNP-PRYJ-SEC-B,630.0,414.9,472.7,,,57.8,91.11306590387056,CLEAR,32.0,0.0,9.0,HIGH,5.0,NONE,2024-09-05T10:00:00Z,SIMULATED,15.0,137.7
IR-12423,SUPERFAST,NDLS,PRYJ,KNP-PRYJ-SEC-B,630.0,422.6,483.7,,,61.1,89.45046191469206,CLEAR,20.8,0.0,9.0,HIGH,5.0,NONE,2024-10-06T10:00:00Z,SIMULATED,15.0,141.2
IR-12423,SUPERFAST,NDLS,PRYJ,KNP-PRYJ-SEC-B,630.0,420.8,481.1,,,60.3,89.8318060516307,CLEAR,23.2,0.0,9.0,HIGH,5.0,NONE,2024-11-07T10:00:00Z,SIMULATED,15.0,140.3
IR-12423,SUPERFAST,NDLS,PRYJ,KNP-PRYJ-SEC-B,630.0,409.5,464.9,,,55.4,92.31884796062688,CLEAR,25.6,0.0,9.0,HIGH,5.0,NONE,2024-12-08T10:00:00Z,SIMULATED,15.0,135.1
IR-12423,SUPERFAST,NDLS,PRYJ,KNP-PRYJ-SEC-B,630.0,422.1,483.0,,,60.9,89.54860569199457,CLEAR,28.8,0.0,9.0,HIGH,5.0,NONE,2024-01-09T10:00:00Z,SIMULATED,15.0,141.0
IR-12423,SUPERFAST,NDLS,PRYJ,KNP-PRYJ-SEC-B,630.0,408.8,463.9,,,55.1,92.45894140041864,CLEAR,32.0,0.0,9.0,HIGH,5.0,NONE,2024-02-10T10:00:00Z,SIMULATED,15.0,134.8
IR-12423,SUPERFAST,NDLS,PRYJ,KNP-PRYJ-SEC-B,630.0,445.4,515.7,,,70.3,84.86220486181952,FOGGY,20.8,0.0,1.5,HIGH,5.0,NONE,2024-03-11T10:00:00Z,SIMULATED,15.0,150.9
IR-12423,SUPERFAST,NDLS,PRYJ,KNP-PRYJ-SEC-B,630.0,415.9,474.1,,,58.2,90.87760227388864,LIGHT RAIN,23.2,1.5,4.0,HIGH,5.0,NONE,2024-04-12T10:00:00Z,SIMULATED,15.0,138.1
IR-12423,SUPERFAST,NDLS,PRYJ,KNP-PRYJ-SEC-B,630.0,419.6,479.4,,,59.8,90.0947012494964,LIGHT RAIN,25.6,1.5,4.0,HIGH,5.0,NONE,2024-05-13T10:00:00Z,SIMULATED,15.0,139.8
IR-12423,SUPERFAST,NDLS,PRYJ,KNP-PRYJ-SEC-B,630.0,428.5,492.1,,,63.6,88.20895046818859,LIGHT RAIN,28.8,1.5,4.0,HIGH,5.0,NONE,2024-06-14T10:00:00Z,SIMULATED,15.0,143.8
IR-12423,SUPERFAST,NDLS,PRYJ,KNP-PRYJ-SEC-B,630.0,415.6,473.7,,,58.1,90.95301575633869,LIGHT RAIN,32.0,1.5,4.0,HIGH,5.0,NONE,2024-07-15T10:00:00Z,SIMULATED,15.0,138.0
IR-12423,SUPERFAST,NDLS,PRYJ,KNP-PRYJ-SEC-B,630.0,419.0,478.6,,,59.6,90.21624506242286,CLEAR,20.8,0.0,9.0,HIGH,5.0,NONE,2024-08-16T10:00:00Z,SIMULATED,15.0,139.6
IR-12423,SUPERFAST,NDLS,PRYJ,KNP-PRYJ-SEC-B,630.0,416.9,475.6,,,58.7,90.67127915476952,CLEAR,23.2,0.0,9.0,HIGH,5.0,NONE,2024-09-17T10:00:00Z,SIMULATED,15.0,138.6
IR-12423,SUPERFAST,NDLS,PRYJ,KNP-PRYJ-SEC-B,630.0,417.4,476.3,,,58.9,90.57018975616874,CLEAR,25.6,0.0,9.0,HIGH,5.0,NONE,2024-10-18T10:00:00Z,SIMULATED,15.0,138.8
IR-12423,SUPERFAST,NDLS,PRYJ,KNP-PRYJ-SEC-B,630.0,429.1,492.9,,,63.8,88.09111786241975,CLEAR,28.8,0.0,9.0,HIGH,5.0,NONE,2024-11-19T10:00:00Z,SIMULATED,15.0,144.0
IR-12423,SUPERFAST,NDLS,PRYJ,KNP-PRYJ-SEC-B,630.0,412.8,469.7,,,56.9,91.56001927067666,CLEAR,32.0,0.0,9.0,HIGH,5.0,NONE,2024-12-20T10:00:00Z,SIMULATED,15.0,136.7
IR-12423,SUPERFAST,NDLS,PRYJ,KNP-PRYJ-SEC-B,630.0,434.3,500.2,,,65.9,87.03095319839741,CLEAR,20.8,0.0,9.0,HIGH,5.0,NONE,2024-01-21T10:00:00Z,SIMULATED,15.0,146.2
IR-12423,SUPERFAST,NDLS,PRYJ,KNP-PRYJ-SEC-B,630.0,418.3,477.5,,,59.2,90.37612085001628,CLEAR,23.2,0.0,9.0,HIGH,5.0,NONE,2024-02-22T10:00:00Z,SIMULATED,15.0,139.2
IR-12423,SUPERFAST,NDLS,PRYJ,KNP-PRYJ-SEC-B,630.0,417.3,476.1,,,58.8,90.5904586437892,CLEAR,25.6,0.0,9.0,HIGH,5.0,NONE,2024-03-23T10:00:00Z,SIMULATED,15.0,138.7
IR-12423,SUPERFAST,NDLS,PRYJ,KNP-PRYJ-SEC-B,630.0,437.2,504.3,,,67.1,86.46162385768542,CLEAR,28.8,0.0,9.0,HIGH,5.0,NONE,2024-04-24T10:00:00Z,SIMULATED,15.0,147.5
IR-12423,SUPERFAST,NDLS,PRYJ,KNP-PRYJ-SEC-B,630.0,418.3,477.6,,,59.3,90.36161000027056,CLEAR,32.0,0.0,9.0,HIGH,5.0,NONE,2024-05-25T10:00:00Z,SIMULATED,15.0,139.3
IR-12423,SUPERFAST,NDLS,PRYJ,KNP-PRYJ-SEC-B,630.0,440.4,508.7,,,68.3,85.84072767535372,FOGGY,20.8,0.0,1.5,HIGH,5.0,NONE,2024-06-26T10:00:00Z,SIMULATED,15.0,148.8
IR-12423,SUPERFAST,NDLS,PRYJ,KNP-PRYJ-SEC-B,630.0,421.7,482.4,,,60.7,89.62754164950644,LIGHT RAIN,23.2,1.5,4.0,HIGH,5.0,NONE,2024-07-27T10:00:00Z,SIMULATED,15.0,140.7
IR-12423,SUPERFAST,NDLS,PRYJ,KNP-PRYJ-SEC-B,630.0,425.7,488.1,,,62.4,88.78896182640297,LIGHT RAIN,25.6,1.5,4.0,HIGH,5.0,NONE,2024-08-28T10:00:00Z,SIMULATED,15.0,142.5
IR-12423,SUPERFAST,NDLS,PRYJ,KNP-PRYJ-SEC-B,630.0,432.8,498.1,,,65.3,87.34213070161928,LIGHT RAIN,28.8,1.5,4.0,HIGH,5.0,NONE,2024-09-01T10:00:00Z,SIMULATED,15.0,145.6
IR-12423,SUPERFAST,NDLS,PRYJ,KNP-PRYJ-SEC-B,630.0,415.5,473.5,,,58.0,90.9804812219708,LIGHT RAIN,32.0,1.5,4.0,HIGH,5.0,NONE,2024-10-02T10:00:00Z,SIMULATED,15.0,137.9
IR-12423,SUPERFAST,NDLS,PRYJ,KNP-PRYJ-SEC-B,675.0,451.6,512.2,,,60.6,89.68462006297986,FOGGY,20.8,0.0,1.5,HIGH,5.0,NONE,2024-11-03T10:00:00Z,SIMULATED,15.0,145.6
IR-12423,SUPERFAST,NDLS,PRYJ,KNP-PRYJ-SEC-B,675.0,429.0,480.2,,,51.2,94.41563229351422,LIGHT RAIN,23.2,1.5,4.0,HIGH,5.0,NONE,2024-12-04T10:00:00Z,SIMULATED,15.0,135.7
IR-12423,SUPERFAST,NDLS,PRYJ,KNP-PRYJ-SEC-B,675.0,431.3,483.5,,,52.2,93.90605099991868,LIGHT RAIN,25.6,1.5,4.0,HIGH,5.0,NONE,2024-01-05T10:00:00Z,SIMULATED,15.0,136.8
IR-12423,SUPERFAST,NDLS,PRYJ,KNP-PRYJ-SEC-B,675.0,443.0,500.2,,,57.2,91.41292005126034,LIGHT RAIN,28.8,1.5,4.0,HIGH,5.0,NONE,2024-02-06T10:00:00Z,SIMULATED,15.0,142.0
IR-12423,SUPERFAST,NDLS,PRYJ,KNP-PRYJ-SEC-B,675.0,420.2,467.4,,,47.2,96.39198662221298,LIGHT RAIN,32.0,1.5,4.0,HIGH,5.0,NONE,2024-03-07T10:00:00Z,SIMULATED,15.0,131.5
IR-12423,SUPERFAST,NDLS,PRYJ,KNP-PRYJ-SEC-B,675.0,441.7,498.3,,,56.6,91.69905978028,CLEAR,20.8,0.0,9.0,HIGH,5.0,NONE,2024-04-08T10:00:00Z,SIMULATED,15.0,141.4
IR-12423,SUPERFAST,NDLS,PRYJ,KNP-PRYJ-SEC-B,675.0,436.4,490.8,,,54.4,92.80523765410294,CLEAR,23.2,0.0,9.0,HIGH,5.0,NONE,2024-05-09T10:00:00Z,SIMULATED,15.0,139.1
IR-12423,SUPERFAST,NDLS,PRYJ,KNP-PRYJ-SEC-B,675.0,435.0,488.8,,,53.8,93.09671462324428,CLEAR,25.6,0.0,9.0,HIGH,5.0,NONE,2024-06-10T10:00:00Z,SIMULATED,15.0,138.5
IR-12423,SUPERFAST,NDLS,PRYJ,KNP-PRYJ-SEC-B,675.0,431.5,483.8,,,52.3,93.8541144718827,CLEAR,28.8,0.0,9.0,HIGH,5.0,NONE,2024-07-11T10:00:00Z,SIMULATED,15.0,136.9
IR-12423,SUPERFAST,NDLS,PRYJ,KNP-PRYJ-SEC-B,675.0,427.5,478.0,,,50.5,94.73459040802776,CLEAR,32.0,0.0,9.0,HIGH,5.0,NONE,2024-08-12T10:00:00Z,SIMULATED,15.0,135.0
IR-12423,SUPERFAST,NDLS,PRYJ,KNP-PRYJ-SEC-B,675.0,443.1,500.3,,,57.2,91.41064133692664,CLEAR,20.8,0.0,9.0,HIGH,5.0,NONE,2024-09-13T10:00:00Z,SIMULATED,15.0,142.0
IR-12423,SUPERFAST,NDLS,PRYJ,KNP-PRYJ-SEC-B,675.0,427.0,477.3,,,50.3,94.85859721201304,CLEAR,23.2,0.0,9.0,HIGH,5.0,NONE,2024-10-14T10:00:00Z,SIMULATED,15.0,134.8
IR-12423,SUPERFAST,NDLS,PRYJ,KNP-PRYJ-SEC-B,675.0,432.8,485.6,,,52.8,93.58388966951313,CLEAR,25.6,0.0,9.0,HIGH,5.0,NONE,2024-11-15T10:00:00Z,SIMULATED,15.0,137.4
IR-12423,SUPERFAST,NDLS,PRYJ,KNP-PRYJ-SEC-B,675.0,444.1,501.7,,,57.6,91.18573290369272,CLEAR,28.8,0.0,9.0,HIGH,5.0,NONE,2024-12-16T10:00:00Z,SIMULATED,15.0,142.5
IR-12423,SUPERFAST,NDLS,PRYJ,KNP-PRYJ-SEC-B,675.0,421.1,468.7,,,47.6,96.17579359640204,CLEAR,32.0,0.0,9.0,HIGH,5.0,NONE,2024-01-17T10:00:00Z,SIMULATED,15.0,132.0
IR-12423,SUPERFAST,NDLS,PRYJ,KNP-PRYJ-SEC-B,675.0,438.4,493.6,,,55.2,92.37808443167938,FOGGY,20.8,0.0,1.5,HIGH,5.0,NONE,2024-02-18T10:00:00Z,SIMULATED,15.0,139.9
IR-12423,SUPERFAST,NDLS,PRYJ,KNP-PRYJ-SEC-B,675.0,438.9,494.3,,,55.4,92.2789912530977,LIGHT RAIN,23.2,1.5,4.0,HIGH,5.0,NONE,2024-03-19T10:00:00Z,SIMULATED,15.0,140.2
IR-12423,SUPERFAST,NDLS,PRYJ,KNP-PRYJ-SEC-B,675.0,425.8,475.6,,,49.8,95.10697306083652,LIGHT RAIN,25.6,1.5,4.0,HIGH,5.0,NONE,2024-04-20T10:00:00Z,SIMULATED,15.0,134.3
IR-12423,SUPERFAST,NDLS,PRYJ,KNP-PRYJ-SEC-B,675.0,448.0,507.2,,,59.2,90.40320504234998,LIGHT RAIN,28.8,1.5,4.0,HIGH,5.0,NONE,2024-05-21T10:00:00Z,SIMULATED,15.0,144.2
IR-12423,SUPERFAST,NDLS,PRYJ,KNP-PRYJ-SEC-B,675.0,435.3,489.2,,,53.9,93.03268781836742,LIGHT RAIN,32.0,1.5,4.0,HIGH,5.0,NONE,2024-06-22T10:00:00Z,SIMULATED,15.0,138.6
IR-12423,SUPERFAST,NDLS,PRYJ,KNP-PRYJ-SEC-B,675.0,444.1,501.7,,,57.6,91.19697790285625,CLEAR,20.8,0.0,9.0,HIGH,5.0,NONE,2024-07-23T10:00:00Z,SIMULATED,15.0,142.5
IR-12423,SUPERFAST,NDLS,PRYJ,KNP-PRYJ-SEC-B,675.0,428.4,479.3,,,50.9,94.54161361892582,CLEAR,23.2,0.0,9.0,HIGH,5.0,NONE,2024-08-24T10:00:00Z,SIMULATED,15.0,135.4
IR-12423,SUPERFAST,NDLS,PRYJ,KNP-PRYJ-SEC-B,675.0,435.3,489.2,,,53.9,93.04630180467409,CLEAR,25.6,0.0,9.0,HIGH,5.0,NONE,2024-09-25T10:00:00Z,SIMULATED,15.0,138.6
IR-12423,SUPERFAST,NDLS,PRYJ,KNP-PRYJ-SEC-B,675.0,446.3,504.8,,,58.5,90.736626778365,CLEAR,28.8,0.0,9.0,HIGH,5.0,NONE,2024-10-26T10:00:00Z,SIMULATED,15.0,143.4
IR-12423,SUPERFAST,NDLS,PRYJ,KNP-PRYJ-SEC-B,675.0,434.9,488.7,,,53.8,93.12088671776554,CLEAR,32.0,0.0,9.0,HIGH,5.0,NONE,2024-11-27T10:00:00Z,SIMULATED,15.0,138.5
IR-12423,SUPERFAST,NDLS,PRYJ,KNP-PRYJ-SEC-B,675.0,436.8,491.3,,,54.5,92.72975899049317,CLEAR,20.8,0.0,9.0,HIGH,5.0,NONE,2024-12-28T10:00:00Z,SIMULATED,15.0,139.2
IR-12423,SUPERFAST,NDLS,PRYJ,KNP-PRYJ-SEC-B,675.0,431.3,483.5,,,52.2,93.90635649256473,CLEAR,23.2,0.0,9.0,HIGH,5.0,NONE,2024-01-01T10:00:00Z,SIMULATED,15.0,136.8
IR-12423,SUPERFAST,NDLS,PRYJ,KNP-PRYJ-SEC-B,675.0,417.6,463.6,,,46.0,96.9803942870276,CLEAR,25.6,0.0,9.0,HIGH,5.0,NONE,2024-02-02T10:00:00Z,SIMULATED,15.0,130.3
IR-12423,SUPERFAST,NDLS,PRYJ,KNP-PRYJ-SEC-B,675.0,435.6,489.7,,,54.1,92.96981778187148,CLEAR,28.8,0.0,9.0,HIGH,5.0,NONE,2024-03-03T10:00:00Z,SIMULATED,15.0,138.8
IR-12423,SUPERFAST,NDLS,PRYJ,KNP-PRYJ-SEC-B,675.0,425.0,474.4,,,49.4,95.28744466432222,CLEAR,32.0,0.0,9.0,HIGH,5.0,NONE,2024-04-04T10:00:00Z,SIMULATED,15.0,133.8
IR-12423,SUPERFAST,NDLS,PRYJ,KNP-PRYJ-SEC-B,675.0,442.1,498.9,,,56.8,91.60580082700726,FOGGY,20.8,0.0,1.5,HIGH,5.0,NONE,2024-05-05T10:00:00Z,SIMULATED,15.0,141.6
IR-12423,SUPERFAST,NDLS,PRYJ,KNP-PRYJ-SEC-B,675.0,432.5,485.2,,,52.7,93.65007093622675,LIGHT RAIN,23.2,1.5,4.0,HIGH,5.0,NONE,2024-06-06T10:00:00Z,SIMULATED,15.0,137.3
IR-12423,SUPERFAST,NDLS,PRYJ,KNP-PRYJ-SEC-B,675.0,429.9,481.5,,,51.6,94.20024306396908,LIGHT RAIN,25.6,1.5,4.0,HIGH,5.0,NONE,2024-07-07T10:00:00Z,SIMULATED,15.0,136.2
IR-12423,SUPERFAST,NDLS,PRYJ,KNP-PRYJ-SEC-B,675.0,446.0,504.4,,,58.4,90.7980801377652,LIGHT RAIN,28.8,1.5,4.0,HIGH,5.0,NONE,2024-08-08T10:00:00Z,SIMULATED,15.0,143.3
IR-12423,SUPERFAST,NDLS,PRYJ,KNP-PRYJ-SEC-B,675.0,429.2,480.5,,,51.3,94.35224901299569,LIGHT RAIN,32.0,1.5,4.0,HIGH,5.0,NONE,2024-09-09T10:00:00Z,SIMULATED,15.0,135.8
IR-12423,SUPERFAST,NDLS,PRYJ,KNP-PRYJ-SEC-B,720.0,493.3,558.2,,,64.9,87.57071277874823,FOGGY,20.8,0.0,1.5,HIGH,5.0,NONE,2024-10-10T10:00:00Z,SIMULATED,15.0,155.2
IR-12423,SUPERFAST,NDLS,PRYJ,KNP-PRYJ-SEC-B,720.0,466.3,521.0,,,54.7,92.63709690756237,LIGHT RAIN,23.2,1.5,4.0,HIGH,5.0,NONE,2024-11-11T10:00:00Z,SIMULATED,15.0,144.4
IR-12423,SUPERFAST,NDLS,PRYJ,KNP-PRYJ-SEC-B,720.0,466.8,521.7,,,54.9,92.53953745569,LIGHT RAIN,25.6,1.5,4.0,HIGH,5.0,NONE,2024-12-12T10:00:00Z,SIMULATED,15.0,144.6
IR-12423,SUPERFAST,NDLS,PRYJ,KNP-PRYJ-SEC-B,720.0,485.9,548.1,,,62.2,88.90142418876297,LIGHT RAIN,28.8,1.5,4.0,HIGH,5.0,NONE,2024-01-13T10:00:00Z,SIMULATED,15.0,152.3
IR-12423,SUPERFAST,NDLS,PRYJ,KNP-PRYJ-SEC-B,720.0,460.9,513.4,,,52.5,93.72921209401215,LIGHT RAIN,32.0,1.5,4.0,HIGH,5.0,NONE,2024-02-14T10:00:00Z,SIMULATED,15.0,142.1
IR-12423,SUPERFAST,NDLS,PRYJ,KNP-PRYJ-SEC-B,720.0,476.6,535.3,,,58.7,90.65112366288244,CLEAR,20.8,0.0,9.0,HIGH,5.0,NONE,2024-03-15T10:00:00Z,SIMULATED,15.0,148.6
IR-12423,SUPERFAST,NDLS,PRYJ,KNP-PRYJ-SEC-B,720.0,467.2,522.3,,,55.1,92.46914250897667,CLEAR,23.2,0.0,9.0,HIGH,5.0,NONE,2024-04-16T10:00:00Z,SIMULATED,15.0,144.8
IR-12423,SUPERFAST,NDLS,PRYJ,KNP-PRYJ-SEC-B,720.0,458.6,510.2,,,51.6,94.20463822614028,CLEAR,25.6,0.0,9.0,HIGH,5.0,NONE,2024-05-17T10:00:00Z,SIMULATED,15.0,141.2
IR-12423,SUPERFAST,NDLS,PRYJ,KNP-PRYJ-SEC-B,720.0,475.5,533.8,,,58.3,90.84819745513408,CLEAR,28.8,0.0,9.0,HIGH,5.0,NONE,2024-06-18T10:00:00Z,SIMULATED,15.0,148.2
IR-12423,SUPERFAST,NDLS,PRYJ,KNP-PRYJ-SEC-B,720.0,457.3,508.4,,,51.1,94.4734803324984,CLEAR,32.0,0.0,9.0,HIGH,5.0,NONE,2024-07-19T10:00:00Z,SIMULATED,15.0,140.6
IR-12423,SUPERFAST,NDLS,PRYJ,KNP-PRYJ-SEC-B,720.0,472.7,529.9,,,57.2,91.39368693811888,CLEAR,20.8,0.0,9.0,HIGH,5.0,NONE,2024-08-20T10:00:00Z,SIMULATED,15.0,147.0
IR-12423,SUPERFAST,NDLS,PRYJ,KNP-PRYJ-SEC-B,720.0,472.0,528.9,,,56.9,91.52523917538952,CLEAR,23.2,0.0,9.0,HIGH,5.0,NONE,2024-09-21T10:00:00Z,SIMULATED,15.0,146.7
IR-12423,SUPERFAST,NDLS,PRYJ,KNP-PRYJ-SEC-B,720.0,452.6,501.7,,,49.1,95.4553703095277,CLEAR,25.6,0.0,9.0,HIGH,5.0,NONE,2024-10-22T10:00:00Z,SIMULATED,15.0,138.5
IR-12423,SUPERFAST,NDLS,PRYJ,KNP-PRYJ-SEC-B,720.0,469.0,524.8,,,55.8,92.11727808233243,CLEAR,28.8,0.0,9.0,HIGH,5.0,NONE,2024-11-23T10:00:00Z,SIMULATED,15.0,145.6
IR-12423,SUPERFAST,NDLS,PRYJ,KNP-PRYJ-SEC-B,720.0,479.8,539.7,,,59.9,90.04351870454934,CLEAR,32.0,0.0,9.0,HIGH,5.0,NONE,2024-12-24T10:00:00Z,SIMULATED,15.0,149.9
IR-12423,SUPERFAST,NDLS,PRYJ,KNP-PRYJ-SEC-B,720.0,489.6,553.1,,,63.5,88.23199919326618,FOGGY,20.8,0.0,1.5,HIGH,5.0,NONE,2024-01-25T10:00:00Z,SIMULATED,15.0,153.7
IR-12423,SUPERFAST,NDLS,PRYJ,KNP-PRYJ-SEC-B,720.0,470.9,527.4,,,56.5,91.74188866673508,LIGHT RAIN,23.2,1.5,4.0,HIGH,5.0,NONE,2024-02-26T10:00:00Z,SIMULATED,15.0,146.3
IR-12423,SUPERFAST,NDLS,PRYJ,KNP-PRYJ-SEC-B,720.0,454.1,503.8,,,49.7,95.1431072721617,LIGHT RAIN,25.6,1.5,4.0,HIGH,5.0,NONE,2024-03-27T10:00:00Z,SIMULATED,15.0,139.2
IR-12423,SUPERFAST,NDLS,PRYJ,KNP-PRYJ-SEC-B,720.0,490.7,554.6,,,63.9,88.04604024255312,LIGHT RAIN,28.8,1.5,4.0,HIGH,5.0,NONE,2024-04-28T10:00:00Z,SIMULATED,15.0,154.1
IR-12423,SUPERFAST,NDLS,PRYJ,KNP-PRYJ-SEC-B,720.0,471.4,528.1,,,56.7,91.63309384496026,LIGHT RAIN,32.0,1.5,4.0,HIGH,5.0,NONE,2024-05-01T10:00:00Z,SIMULATED,15.0,146.5
IR-12423,SUPERFAST,NDLS,PRYJ,KNP-PRYJ-SEC-B,720.0,466.1,520.7,,,54.6,92.68633302585532,CLEAR,20.8,0.0,9.0,HIGH,5.0,NONE,2024-06-02T10:00:00Z,SIMULATED,15.0,144.3
IR-12423,SUPERFAST,NDLS,PRYJ,KNP-PRYJ-SEC-B,720.0,467.1,522.1,,,55.0,92.47606933787011,CLEAR,23.2,0.0,9.0,HIGH,5.0,NONE,2024-07-03T10:00:00Z,SIMULATED,15.0,144.7
IR-12423,SUPERFAST,NDLS,PRYJ,KNP-PRYJ-SEC-B,720.0,463.4,516.9,,,53.5,93.23319769339038,CLEAR,25.6,0.0,9.0,HIGH,5.0,NONE,2024-08-04T10:00:00Z,SIMULATED,15.0,143.2
IR-12423,SUPERFAST,NDLS,PRYJ,KNP-PRYJ-SEC-B,720.0,476.3,534.9,,,58.6,90.70270618509385,CLEAR,28.8,0.0,9.0,HIGH,5.0,NONE,2024-09-05T10:00:00Z,SIMULATED,15.0,148.5
IR-12423,SUPERFAST,NDLS,PRYJ,KNP-PRYJ-SEC-B,720.0,462.2,515.3,,,53.1,93.46395935070936,CLEAR,32.0,0.0,9.0,HIGH,5.0,NONE,2024-10-06T10:00:00Z,SIMULATED,15.0,142.7
IR-12423,SUPERFAST,NDLS,PRYJ,KNP-PRYJ-SEC-B,720.0,478.7,538.2,,,59.5,90.25192074386636,CLEAR,20.8,0.0,9.0,HIGH,5.0,NONE,2024-11-07T10:00:00Z,SIMULATED,15.0,149.5
IR-12423,SUPERFAST,NDLS,PRYJ,KNP-PRYJ-SEC-B,720.0,472.2,529.2,,,57.0,91.48648514300866,CLEAR,23.2,0.0,9.0,HIGH,5.0,NONE,2024-12-08T10:00:00Z,SIMULATED,15.0,146.8
IR-12423,SUPERFAST,NDLS,PRYJ,KNP-PRYJ-SEC-B,720.0,473.3,530.7,,,57.4,91.2753046630129,CLEAR,25.6,0.0,9.0,HIGH,5.0,NONE,2024-01-09T10:00:00Z,SIMULATED,15.0,147.3
IR-12423,SUPERFAST,NDLS,PRYJ,KNP-PRYJ-SEC-B,720.0,468.4,524.0,,,55.6,92.22371659521406,CLEAR,28.8,0.0,9.0,HIGH,5.0,NONE,2024-02-10T10:00:00Z,SIMULATED,15.0,145.4
IR-12423,SUPERFAST,NDLS,PRYJ,KNP-PRYJ-SEC-B,720.0,464.7,518.8,,,54.1,92.97197147168264,CLEAR,32.0,0.0,9.0,HIGH,5.0,NONE,2024-03-11T10:00:00Z,SIMULATED,15.0,143.8
IR-12423,SUPERFAST,NDLS,PRYJ,KNP-PRYJ-SEC-B,720.0,478.6,538.1,,,59.5,90.2724947557488,FOGGY,20.8,0.0,1.5,HIGH,5.0,NONE,2024-04-12T10:00:00Z,SIMULATED,15.0,149.5
IR-12423,SUPERFAST,NDLS,PRYJ,KNP-PRYJ-SEC-B,720.0,476.2,534.8,,,58.6,90.71904570139608,LIGHT RAIN,23.2,1.5,4.0,HIGH,5.0,NONE,2024-05-13T10:00:00Z,SIMULATED,15.0,148.5
IR-12423,SUPERFAST,NDLS,PRYJ,KNP-PRYJ-SEC-B,720.0,475.5,533.8,,,58.3,90.85251749605752,LIGHT RAIN,25.6,1.5,4.0,HIGH,5.0,NONE,2024-06-14T10:00:00Z,SIMULATED,15.0,148.2
IR-12423,SUPERFAST,NDLS,PRYJ,KNP-PRYJ-SEC-B,720.0,477.3,536.3,,,59.0,90.50649245972876,LIGHT RAIN,28.8,1.5,4.0,HIGH,5.0,NONE,2024-07-15T10:00:00Z,SIMULATED,15.0,148.9
IR-12423,SUPERFAST,NDLS,PRYJ,KNP-PRYJ-SEC-B,720.0,463.1,516.5,,,53.4,93.27582817757929,LIGHT RAIN,32.0,1.5,4.0,HIGH,5.0,NONE,2024-08-16T10:00:00Z,SIMULATED,15.0,143.0
IR-12423,SUPERFAST,NDLS,PRYJ,KNP-PRYJ-SEC-B,765.0,529.1,595.6,,,66.5,86.74966733903278,FOGGY,20.8,0.0,1.5,HIGH,5.0,NONE,2024-09-17T10:00:00Z,SIMULATED,15.0,161.9
IR-12423,SUPERFAST,NDLS,PRYJ,KNP-PRYJ-SEC-B,765.0,510.0,570.0,,,60.0,89.99766453809926,LIGHT RAIN,23.2,1.5,4.0,HIGH,5.0,NONE,2024-10-18T10:00:00Z,SIMULATED,15.0,155.0
IR-12423,SUPERFAST,NDLS,PRYJ,KNP-PRYJ-SEC-B,765.0,498.2,553.9,,,55.7,92.12546154416036,LIGHT RAIN,25.6,1.5,4.0,HIGH,5.0,NONE,2024-11-19T10:00:00Z,SIMULATED,15.0,150.5
IR-12423,SUPERFAST,NDLS,PRYJ,KNP-PRYJ-SEC-B,765.0,548.1,620.6,,,72.5,83.75044826954891,LIGHT RAIN,28.8,1.5,4.0,HIGH,5.0,NONE,2024-12-20T10:00:00Z,SIMULATED,15.0,168.2
IR-12423,SUPERFAST,NDLS,PRYJ,KNP-PRYJ-SEC-B,765.0,507.2,566.2,,,59.0,90.50380308875968,LIGHT RAIN,32.0,1.5,4.0,HIGH,5.0,NONE,2024-01-21T10:00:00Z,SIMULATED,15.0,153.9
IR-12423,SUPERFAST,NDLS,PRYJ,KNP-PRYJ-SEC-B,765.0,529.4,596.0,,,66.6,86.70284104142709,CLEAR,20.8,0.0,9.0,HIGH,5.0,NONE,2024-02-22T10:00:00Z,SIMULATED,15.0,162.0
IR-12423,SUPERFAST,NDLS,PRYJ,KNP-PRYJ-SEC-B,765.0,510.9,571.2,,,60.3,89.84230273476228,CLEAR,23.2,0.0,9.0,HIGH,5.0,NONE,2024-03-23T10:00:00Z,SIMULATED,15.0,155.3
IR-12423,SUPERFAST,NDLS,PRYJ,KNP-PRYJ-SEC-B,765.0,515.7,577.7,,,62.0,89.01063346039847,CLEAR,25.6,0.0,9.0,HIGH,5.0,NONE,2024-04-24T10:00:00Z,SIMULATED,15.0,157.1
IR-12423,SUPERFAST,NDLS,PRYJ,KNP-PRYJ-SEC-B,765.0,527.0,592.8,,,65.8,87.10045131100708,CLEAR,28.8,0.0,9.0,HIGH,5.0,NONE,2024-05-25T10:00:00Z,SIMULATED,15.0,161.1
IR-12423,SUPERFAST,NDLS,PRYJ,KNP-PRYJ-SEC-B,765.0,499.3,555.4,,,56.1,91.93710487874591,CLEAR,32.0,0.0,9.0,HIGH,5.0,NONE,2024-06-26T10:00:00Z,SIMULATED,15.0,150.9
IR-12423,SUPERFAST,NDLS,PRYJ,KNP-PRYJ-SEC-B,765.0,538.6,608.2,,,69.6,85.2214031100977,CLEAR,20.8,0.0,9.0,HIGH,5.0,NONE,2024-07-27T10:00:00Z,SIMULATED,15.0,165.2
IR-12423,SUPERFAST,NDLS,PRYJ,KNP-PRYJ-SEC-B,765.0,516.5,578.8,,,62.3,88.86480255575333,CLEAR,23.2,0.0,9.0,HIGH,5.0,NONE,2024-08-28T10:00:00Z,SIMULATED,15.0,157.4
IR-12423,SUPERFAST,NDLS,PRYJ,KNP-PRYJ-SEC-B,765.0,518.9,582.0,,,63.1,88.45986726246517,CLEAR,25.6,0.0,9.0,HIGH,5.0,NONE,2024-09-01T10:00:00Z,SIMULATED,15.0,158.3
IR-12423,SUPERFAST,NDLS,PRYJ,KNP-PRYJ-SEC-B,765.0,530.0,596.8,,,66.8,86.60965209790822,CLEAR,28.8,0.0,9.0,HIGH,5.0,NONE,2024-10-02T10:00:00Z,SIMULATED,15.0,162.2
IR-12423,SUPERFAST,NDLS,PRYJ,KNP-PRYJ-SEC-B,765.0,522.0,586.1,,,64.1,87.93826149855371,CLEAR,32.0,0.0,9.0,HIGH,5.0,NONE,2024-11-03T10:00:00Z,SIMULATED,15.0,159.3
IR-12423,SUPERFAST,NDLS,PRYJ,KNP-PRYJ-SEC-B,765.0,518.7,581.7,,,63.0,88.49873480411951,FOGGY,20.8,0.0,1.5,HIGH,5.0,NONE,2024-12-04T10:00:00Z,SIMULATED,15.0,158.2
IR-12423,SUPERFAST,NDLS,PRYJ,KNP-PRYJ-SEC-B,765.0,510.3,570.4,,,60.1,89.9527099595031,LIGHT RAIN,23.2,1.5,4.0,HIGH,5.0,NONE,2024-01-05T10:00:00Z,SIMULATED,15.0,155.1
IR-12423,SUPERFAST,NDLS,PRYJ,KNP-PRYJ-SEC-B,765.0,525.6,590.9,,,65.3,87.33361005696437,LIGHT RAIN,25.6,1.5,4.0,HIGH,5.0,NONE,2024-02-06T10:00:00Z,SIMULATED,15.0,160.6
IR-12423,SUPERFAST,NDLS,PRYJ,KNP-PRYJ-SEC-B,765.0,536.8,605.8,,,69.0,85.50358905138546,LIGHT RAIN,28.8,1.5,4.0,HIGH,5.0,NONE,2024-03-07T10:00:00Z,SIMULATED,15.0,164.5
IR-12423,SUPERFAST,NDLS,PRYJ,KNP-PRYJ-SEC-B,765.0,520.5,584.1,,,63.6,88.18296564642628,LIGHT RAIN,32.0,1.5,4.0,HIGH,5.0,NONE,2024-04-08T10:00:00Z,SIMULATED,15.0,158.8
IR-12423,SUPERFAST,NDLS,PRYJ,KNP-PRYJ-SEC-B,765.0,528.2,594.4,,,66.2,86.89948820643374,CLEAR,20.8,0.0,9.0,HIGH,5.0,NONE,2024-05-09T10:00:00Z,SIMULATED,15.0,161.6
IR-12423,SUPERFAST,NDLS,PRYJ,KNP-PRYJ-SEC-B,765.0,528.4,594.7,,,66.3,86.8617158146647,CLEAR,23.2,0.0,9.0,HIGH,5.0,NONE,2024-06-10T10:00:00Z,SIMULATED,15.0,161.7
IR-12423,SUPERFAST,NDLS,PRYJ,KNP-PRYJ-SEC-B,765.0,513.2,574.3,,,61.1,89.43420375784005,CLEAR,25.6,0.0,9.0,HIGH,5.0,NONE,2024-07-11T10:00:00Z,SIMULATED,15.0,156.2
IR-12423,SUPERFAST,NDLS,PRYJ,KNP-PRYJ-SEC-B,765.0,529.5,596.1,,,66.6,86.69000286001625,CLEAR,28.8,0.0,9.0,HIGH,5.0,NONE,2024-08-12T10:00:00Z,SIMULATED,15.0,162.0
IR-12423,SUPERFAST,NDLS,PRYJ,KNP-PRYJ-SEC-B,765.0,506.7,565.5,,,58.8,90.5840067638047,CLEAR,32.0,0.0,9.0,HIGH,5.0,NONE,2024-09-13T10:00:00Z,SIMULATED,15.0,153.7
IR-12423,SUPERFAST,NDLS,PRYJ,KNP-PRYJ-SEC-B,765.0,531.9,599.3,,,67.4,86.28796337877901,CLEAR,20.8,0.0,9.0,HIGH,5.0,NONE,2024-10-14T10:00:00Z,SIMULATED,15.0,162.8
IR-12423,SUPERFAST,NDLS,PRYJ,KNP-PRYJ-SEC-B,765.0,506.1,564.7,,,58.6,90.69152676021147,CLEAR,23.2,0.0,9.0,HIGH,5.0,NONE,2024-11-15T10:00:00Z,SIMULATED,15.0,153.5
IR-12423,SUPERFAST,NDLS,PRYJ,KNP-PRYJ-SEC-B,765.0,508.2,567.6,,,59.4,90.32056660204356,CLEAR,25.6,0.0,9.0,HIGH,5.0,NONE,2024-12-16T10:00:00Z,SIMULATED,15.0,154.4
IR-12423,SUPERFAST,NDLS,PRYJ,KNP-PRYJ-SEC-B,765.0,536.1,604.9,,,68.8,85.62194233267633,CLEAR,28.8,0.0,9.0,HIGH,5.0,NONE,2024-01-17T10:00:00Z,SIMULATED,15.0,164.3
IR-12423,SUPERFAST,NDLS,PRYJ,KNP-PRYJ-SEC-B,765.0,516.4,578.6,,,62.2,88.89136361920696,CLEAR,32.0,0.0,9.0,HIGH,5.0,NONE,2024-02-18T10:00:00Z,SIMULATED,15.0,157.3
IR-12423,SUPERFAST,NDLS,PRYJ,KNP-PRYJ-SEC-B,765.0,534.1,602.2,,,68.1,85.94465466307597,FOGGY,20.8,0.0,1.5,HIGH,5.0,NONE,2024-03-19T10:00:00Z,SIMULATED,15.0,163.6
IR-12423,SUPERFAST,NDLS,PRYJ,KNP-PRYJ-SEC-B,765.0,509.4,569.2,,,59.8,90.10651973560996,LIGHT RAIN,23.2,1.5,4.0,HIGH,5.0,NONE,2024-04-20T10:00:00Z,SIMULATED,15.0,154.8
IR-12423,SUPERFAST,NDLS,PRYJ,KNP-PRYJ-SEC-B,765.0,519.5,582.8,,,63.3,88.35821428715579,LIGHT RAIN,25.6,1.5,4.0,HIGH,5.0,NONE,2024-05-21T10:00:00Z,SIMULATED,15.0,158.5
IR-12423,SUPERFAST,NDLS,PRYJ,KNP-PRYJ-SEC-B,765.0,525.1,590.3,,,65.2,87.41390873699324,LIGHT RAIN,28.8,1.5,4.0,HIGH,5.0,NONE,2024-06-22T10:00:00Z,SIMULATED,15.0,160.5
IR-12423,SUPERFAST,NDLS,PRYJ,KNP-PRYJ-SEC-B,765.0,522.7,587.1,,,64.4,87.81601502562285,LIGHT RAIN,32.0,1.5,4.0,HIGH,5.0,NONE,2024-07-23T10:00:00Z,SIMULATED,15.0,159.6
IR-12423,SUPERFAST,NDLS,PRYJ,KNP-PRYJ-SEC-B,810.0,509.9,559.3,,,49.4,95.316934386807,FOGGY,20.8,0.0,1.5,HIGH,5.0,NONE,2024-08-24T10:00:00Z,SIMULATED,15.0,148.8
IR-12423,SUPERFAST,NDLS,PRYJ,KNP-PRYJ-SEC-B,810.0,498.3,543.2,,,44.9,97.53151647279884,LIGHT RAIN,23.2,1.5,4.0,HIGH,5.0,NONE,2024-09-25T10:00:00Z,SIMULATED,15.0,144.1
IR-12423,SUPERFAST,NDLS,PRYJ,KNP-PRYJ-SEC-B,810.0,513.3,563.9,,,50.6,94.68160053998965,LIGHT RAIN,25.6,1.5,4.0,HIGH,5.0,NONE,2024-10-26T10:00:00Z,SIMULATED,15.0,150.1
IR-12423,SUPERFAST,NDLS,PRYJ,KNP-PRYJ-SEC-B,810.0,518.0,570.3,,,52.3,93.82765117063802,LIGHT RAIN,28.8,1.5,4.0,HIGH,5.0,NONE,2024-11-27T10:00:00Z,SIMULATED,15.0,151.9
IR-12423,SUPERFAST,NDLS,PRYJ,KNP-PRYJ-SEC-B,810.0,502.8,549.5,,,46.7,96.65179448277183,LIGHT RAIN,32.0,1.5,4.0,HIGH,5.0,NONE,2024-12-28T10:00:00Z,SIMULATED,15.0,146.0
IR-12423,SUPERFAST,NDLS,PRYJ,KNP-PRYJ-SEC-B,810.0,505.1,552.7,,,47.6,96.2227274816994,CLEAR,20.8,0.0,9.0,HIGH,5.0,NONE,2024-01-01T10:00:00Z,SIMULATED,15.0,147.0
IR-12423,SUPERFAST,NDLS,PRYJ,KNP-PRYJ-SEC-B,810.0,498.5,543.5,,,45.0,97.49241463812648,CLEAR,23.2,0.0,9.0,HIGH,5.0,NONE,2024-02-02T10:00:00Z,SIMULATED,15.0,144.2
IR-12423,SUPERFAST,NDLS,PRYJ,KNP-PRYJ-SEC-B,810.0,491.6,533.9,,,42.3,98.86250160289164,CLEAR,25.6,0.0,9.0,HIGH,5.0,NONE,2024-03-03T10:00:00Z,SIMULATED,15.0,141.4
IR-12423,SUPERFAST,NDLS,PRYJ,KNP-PRYJ-SEC-B,810.0,516.6,568.4,,,51.8,94.07500216284608,CLEAR,28.8,0.0,9.0,HIGH,5.0,NONE,2024-04-04T10:00:00Z,SIMULATED,15.0,151.4
IR-12423,SUPERFAST,NDLS,PRYJ,KNP-PRYJ-SEC-B,810.0,493.0,535.9,,,42.9,98.5719450981137,CLEAR,32.0,0.0,9.0,HIGH,5.0,NONE,2024-05-05T10:00:00Z,SIMULATED,15.0,142.0
IR-12423,SUPERFAST,NDLS,PRYJ,KNP-PRYJ-SEC-B,810.0,505.8,553.6,,,47.8,96.07607229564746,CLEAR,20.8,0.0,9.0,HIGH,5.0,NONE,2024-06-06T10:00:00Z,SIMULATED,15.0,147.2
IR-12423,SUPERFAST,NDLS,PRYJ,KNP-PRYJ-SEC-B,810.0,486.0,526.0,,,40.0,100.00973560361064,CLEAR,23.2,0.0,9.0,HIGH,5.0,NONE,2024-07-07T10:00:00Z,SIMULATED,15.0,139.0
IR-12423,SUPERFAST,NDLS,PRYJ,KNP-PRYJ-SEC-B,810.0,493.1,536.0,,,42.9,98.56674140663225,CLEAR,25.6,0.0,9.0,HIGH,5.0,NONE,2024-08-08T10:00:00Z,SIMULATED,15.0,142.0
IR-12423,SUPERFAST,NDLS,PRYJ,KNP-PRYJ-SEC-B,810.0,498.3,543.2,,,44.9,97.53220813556553,CLEAR,28.8,0.0,9.0,HIGH,5.0,NONE,2024-09-09T10:00:00Z,SIMULATED,15.0,144.1
IR-12423,SUPERFAST,NDLS,PRYJ,KNP-PRYJ-SEC-B,810.0,499.9,545.5,,,45.6,97.22367531112948,CLEAR,32.0,0.0,9.0,HIGH,5.0,NONE,2024-10-10T10:00:00Z,SIMULATED,15.0,144.9
IR-12423,SUPERFAST,NDLS,PRYJ,KNP-PRYJ-SEC-B,810.0,511.5,561.5,,,50.0,95.02021616563844,FOGGY,20.8,0.0,1.5,HIGH,5.0,NONE,2024-11-11T10:00:00Z,SIMULATED,15.0,149.5
IR-12423,SUPERFAST,NDLS,PRYJ,KNP-PRYJ-SEC-B,810.0,505.9,553.8,,,47.9,96.07174900361694,LIGHT RAIN,23.2,1.5,4.0,HIGH,5.0,NONE,2024-12-12T10:00:00Z,SIMULATED,15.0,147.3
IR-12423,SUPERFAST,NDLS,PRYJ,KNP-PRYJ-SEC-B,810.0,484.0,523.2,,,39.2,100.41684915878574,LIGHT RAIN,25.6,1.5,4.0,HIGH,5.0,NONE,2024-01-13T10:00:00Z,SIMULATED,15.0,138.2
IR-12423,SUPERFAST,NDLS,PRYJ,KNP-PRYJ-SEC-B,810.0,512.1,562.3,,,50.2,94.9056352974237,LIGHT RAIN,28.8,1.5,4.0,HIGH,5.0,NONE,2024-02-14T10:00:00Z,SIMULATED,15.0,149.7
IR-12423,SUPERFAST,NDLS,PRYJ,KNP-PRYJ-SEC-B,810.0,495.2,538.9,,,43.7,98.13848685666451,LIGHT RAIN,32.0,1.5,4.0,HIGH,5.0,NONE,2024-03-15T10:00:00Z,SIMULATED,15.0,142.9
IR-12423,SUPERFAST,NDLS,PRYJ,KNP-PRYJ-SEC-B,810.0,515.2,566.5,,,51.3,94.33065462386318,CLEAR,20.8,0.0,9.0,HIGH,5.0,NONE,2024-04-16T10:00:00Z,SIMULATED,15.0,150.8
IR-12423,SUPERFAST,NDLS,PRYJ,KNP-PRYJ-SEC-B,810.0,505.0,552.5,,,47.5,96.24264724613111,CLEAR,23.2,0.0,9.0,HIGH,5.0,NONE,2024-05-17T10:00:00Z,SIMULATED,15.0,146.9
IR-12423,SUPERFAST,NDLS,PRYJ,KNP-PRYJ-SEC-B,810.0,500.3,546.0,,,45.7,97.13783419258368,CLEAR,25.6,0.0,9.0,HIGH,5.0,NONE,2024-06-18T10:00:00Z,SIMULATED,15.0,145.0
IR-12423,SUPERFAST,NDLS,PRYJ,KNP-PRYJ-SEC-B,810.0,508.8,557.8,,,49.0,95.52434974585104,CLEAR,28.8,0.0,9.0,HIGH,5.0,NONE,2024-07-19T10:00:00Z,SIMULATED,15.0,148.4
IR-12423,SUPERFAST,NDLS,PRYJ,KNP-PRYJ-SEC-B,810.0,500.8,546.7,,,45.9,97.0475612564254,CLEAR,32.0,0.0,9.0,HIGH,5.0,NONE,2024-08-20T10:00:00Z,SIMULATED,15.0,145.2
IR-12423,SUPERFAST,NDLS,PRYJ,KNP-PRYJ-SEC-B,810.0,504.4,551.7,,,47.3,96.34505728774704,CLEAR,20.8,0.0,9.0,HIGH,5.0,NONE,2024-09-21T10:00:00Z,SIMULATED,15.0,146.6
IR-12423,SUPERFAST,NDLS,PRYJ,KNP-PRYJ-SEC-B,810.0,487.5,528.1,,,40.6,99.6997212951864,CLEAR,23.2,0.0,9.0,HIGH,5.0,NONE,2024-10-22T10:00:00Z,SIMULATED,15.0,139.6
IR-12423,SUPERFAST,NDLS,PRYJ,KNP-PRYJ-SEC-B,810.0,496.5,540.7,,,44.2,97.879722436237,CLEAR,25.6,0.0,9.0,HIGH,5.0,NONE,2024-11-23T10:00:00Z,SIMULATED,15.0,143.4
IR-12423,SUPERFAST,NDLS,PRYJ,KNP-PRYJ-SEC-B,810.0,508.8,557.7,,,48.9,95.52725031574232,CLEAR,28.8,0.0,9.0,HIGH,5.0,NONE,2024-12-24T10:00:00Z,SIMULATED,15.0,148.3
IR-12423,SUPERFAST,NDLS,PRYJ,KNP-PRYJ-SEC-B,810.0,491.0,533.0,,,42.0,98.98638772298196,CLEAR,32.0,0.0,9.0,HIGH,5.0,NONE,2024-01-25T10:00:00Z,SIMULATED,15.0,141.1
IR-12423,SUPERFAST,NDLS,PRYJ,KNP-PRYJ-SEC-B,810.0,514.9,566.1,,,51.2,94.38306059694844,FOGGY,20.8,0.0,1.5,HIGH,5.0,NONE,2024-02-26T10:00:00Z,SIMULATED,15.0,150.7
IR-12423,SUPERFAST,NDLS,PRYJ,KNP-PRYJ-SEC-B,810.0,500.8,546.7,,,45.9,97.04743108733577,LIGHT RAIN,23.2,1.5,4.0,HIGH,5.0,NONE,2024-03-27T10:00:00Z,SIMULATED,15.0,145.2
IR-12423,SUPERFAST,NDLS,PRYJ,KNP-PRYJ-SEC-B,810.0,503.7,550.7,,,47.0,96.49516598024114,LIGHT RAIN,25.6,1.5,4.0,HIGH,5.0,NONE,2024-04-28T10:00:00Z,SIMULATED,15.0,146.3
IR-12423,SUPERFAST,NDLS,PRYJ,KNP-PRYJ-SEC-B,810.0,515.6,567.1,,,51.5,94.25382894460596,LIGHT RAIN,28.8,1.5,4.0,HIGH,5.0,NONE,2024-05-01T10:00:00Z,SIMULATED,15.0,151.0
IR-12423,SUPERFAST,NDLS,PRYJ,KNP-PRYJ-SEC-B,810.0,488.1,529.0,,,40.9,99.56131002809124,LIGHT RAIN,32.0,1.5,4.0,HIGH,5.0,NONE,2024-06-02T10:00:00Z,SIMULATED,15.0,139.9
IR-12423,SUPERFAST,NDLS,PRYJ,KNP-PRYJ-SEC-B,855.0,573.5,634.6,,,61.1,89.44918546210651,FOGGY,20.8,0.0,1.5,HIGH,5.0,NONE,2024-07-03T10:00:00Z,SIMULATED,15.0,166.2
IR-12423,SUPERFAST,NDLS,PRYJ,KNP-PRYJ-SEC-B,855.0,525.1,569.7,,,44.6,97.70187151661136,LIGHT RAIN,23.2,1.5,4.0,HIGH,5.0,NONE,2024-08-04T10:00:00Z,SIMULATED,15.0,148.8
IR-12423,SUPERFAST,NDLS,PRYJ,KNP-PRYJ-SEC-B,855.0,550.5,604.1,,,53.6,93.1931739427414,LIGHT RAIN,25.6,1.5,4.0,HIGH,5.0,NONE,2024-09-05T10:00:00Z,SIMULATED,15.0,158.3
IR-12423,SUPERFAST,NDLS,PRYJ,KNP-PRYJ-SEC-B,855.0,551.2,605.1,,,53.9,93.06981510635606,LIGHT RAIN,28.8,1.5,4.0,HIGH,5.0,NONE,2024-10-06T10:00:00Z,SIMULATED,15.0,158.6
IR-12423,SUPERFAST,NDLS,PRYJ,KNP-PRYJ-SEC-B,855.0,544.9,596.6,,,51.7,94.15177679162991,LIGHT RAIN,32.0,1.5,4.0,HIGH,5.0,NONE,2024-11-07T10:00:00Z,SIMULATED,15.0,156.3
IR-12423,SUPERFAST,NDLS,PRYJ,KNP-PRYJ-SEC-B,855.0,558.2,614.4,,,56.2,91.8998779048359,CLEAR,20.8,0.0,9.0,HIGH,5.0,NONE,2024-12-08T10:00:00Z,SIMULATED,15.0,161.0
IR-12423,SUPERFAST,NDLS,PRYJ,KNP-PRYJ-SEC-B,855.0,522.9,566.7,,,43.8,98.10636699284676,CLEAR,23.2,0.0,9.0,HIGH,5.0,NONE,2024-01-09T10:00:00Z,SIMULATED,15.0,148.0
IR-12423,SUPERFAST,NDLS,PRYJ,KNP-PRYJ-SEC-B,855.0,530.1,576.6,,,46.5,96.76566181109742,CLEAR,25.6,0.0,9.0,HIGH,5.0,NONE,2024-02-10T10:00:00Z,SIMULATED,15.0,150.8
IR-12423,SUPERFAST,NDLS,PRYJ,KNP-PRYJ-SEC-B,855.0,537.7,586.9,,,49.2,95.39781619683828,CLEAR,28.8,0.0,9.0,HIGH,5.0,NONE,2024-03-11T10:00:00Z,SIMULATED,15.0,153.6
IR-12423,SUPERFAST,NDLS,PRYJ,KNP-PRYJ-SEC-B,855.0,524.6,569.0,,,44.4,97.782720059445,CLEAR,32.0,0.0,9.0,HIGH,5.0,NONE,2024-04-12T10:00:00Z,SIMULATED,15.0,148.6
IR-12423,SUPERFAST,NDLS,PRYJ,KNP-PRYJ-SEC-B,855.0,554.0,608.8,,,54.8,92.59711909867526,CLEAR,20.8,0.0,9.0,HIGH,5.0,NONE,2024-05-13T10:00:00Z,SIMULATED,15.0,159.5
IR-12423,SUPERFAST,NDLS,PRYJ,KNP-PRYJ-SEC-B,855.0,534.5,582.5,,,48.0,95.98563922350816,CLEAR,23.2,0.0,9.0,HIGH,5.0,NONE,2024-06-14T10:00:00Z,SIMULATED,15.0,152.4
IR-12423,SUPERFAST,NDLS,PRYJ,KNP-PRYJ-SEC-B,855.0,537.4,586.5,,,49.1,95.45438123971392,CLEAR,25.6,0.0,9.0,HIGH,5.0,NONE,2024-07-15T10:00:00Z,SIMULATED,15.0,153.5
IR-12423,SUPERFAST,NDLS,PRYJ,KNP-PRYJ-SEC-B,855.0,540.8,591.1,,,50.3,94.86512188074934,CLEAR,28.8,0.0,9.0,HIGH,5.0,NONE,2024-08-16T10:00:00Z,SIMULATED,15.0,154.8
IR-12423,SUPERFAST,NDLS,PRYJ,KNP-PRYJ-SEC-B,855.0,523.4,567.4,,,44.0,98.00662513100812,CLEAR,32.0,0.0,9.0,HIGH,5.0,NONE,2024-09-17T10:00:00Z,SIMULATED,15.0,148.2
IR-12423,SUPERFAST,NDLS,PRYJ,KNP-PRYJ-SEC-B,855.0,556.1,611.6,,,55.5,92.25095532562084,FOGGY,20.8,0.0,1.5,HIGH,5.0,NONE,2024-10-18T10:00:00Z,SIMULATED,15.0,160.3
IR-12423,SUPERFAST,NDLS,PRYJ,KNP-PRYJ-SEC-B,855.0,536.6,585.4,,,48.8,95.60329178216983,LIGHT RAIN,23.2,1.5,4.0,HIGH,5.0,NONE,2024-11-19T10:00:00Z,SIMULATED,15.0,153.2
IR-12423,SUPERFAST,NDLS,PRYJ,KNP-PRYJ-SEC-B,855.0,553.2,607.7,,,54.5,92.73704590647372,LIGHT RAIN,25.6,1.5,4.0,HIGH,5.0,NONE,2024-12-20T10:00:00Z,SIMULATED,15.0,159.2
IR-12423,SUPERFAST,NDLS,PRYJ,KNP-PRYJ-SEC-B,855.0,540.4,590.5,,,50.1,94.93344069451668,LIGHT RAIN,28.8,1.5,4.0,HIGH,5.0,NONE,2024-01-21T10:00:00Z,SIMULATED,15.0,154.6
IR-12423,SUPERFAST,NDLS,PRYJ,KNP-PRYJ-SEC-B,855.0,540.4,590.5,,,50.1,94.92579199049068,LIGHT RAIN,32.0,1.5,4.0,HIGH,5.0,NONE,2024-02-22T10:00:00Z,SIMULATED,15.0,154.6
IR-12423,SUPERFAST,NDLS,PRYJ,KNP-PRYJ-SEC-B,855.0,541.1,591.5,,,50.4,94.80020310662417,CLEAR,20.8,0.0,9.0,HIGH,5.0,NONE,2024-03-23T10:00:00Z,SIMULATED,15.0,154.9
IR-12423,SUPERFAST,NDLS,PRYJ,KNP-PRYJ-SEC-B,855.0,519.4,561.9,,,42.5,98.77363695609606,CLEAR,23.2,0.0,9.0,HIGH,5.0,NONE,2024-04-24T10:00:00Z,SIMULATED,15.0,146.6
IR-12423,SUPERFAST,NDLS,PRYJ,KNP-PRYJ-SEC-B,855.0,528.0,573.7,,,45.7,97.15539583074114,CLEAR,25.6,0.0,9.0,HIGH,5.0,NONE,2024-05-25T10:00:00Z,SIMULATED,15.0,150.0
IR-12423,SUPERFAST,NDLS,PRYJ,KNP-PRYJ-SEC-B,855.0,549.4,602.7,,,53.3,93.3691110074018,CLEAR,28.8,0.0,9.0,HIGH,5.0,NONE,2024-06-26T10:00:00Z,SIMULATED,15.0,157.9
IR-12423,SUPERFAST,NDLS,PRYJ,KNP-PRYJ-SEC-B,855.0,525.5,570.3,,,44.8,97.61235166307628,CLEAR,32.0,0.0,9.0,HIGH,5.0,NONE,2024-07-27T10:00:00Z,SIMULATED,15.0,149.0
IR-12423,SUPERFAST,NDLS,PRYJ,KNP-PRYJ-SEC-B,855.0,545.1,596.9,,,51.8,94.10345027424076,CLEAR,20.8,0.0,9.0,HIGH,5.0,NONE,2024-08-28T10:00:00Z,SIMULATED,15.0,156.4
IR-12423,SUPERFAST,NDLS,PRYJ,KNP-PRYJ-SEC-B,855.0,528.6,574.5,,,45.9,97.04149509789782,CLEAR,23.2,0.0,9.0,HIGH,5.0,NONE,2024-09-01T10:00:00Z,SIMULATED,15.0,150.2
IR-12423,SUPERFAST,NDLS,PRYJ,KNP-PRYJ-SEC-B,855.0,525.2,569.8,,,44.6,97.67874214916152,CLEAR,25.6,0.0,9.0,HIGH,5.0,NONE,2024-10-02T10:00:00Z,SIMULATED,15.0,148.8
IR-12423,SUPERFAST,NDLS,PRYJ,KNP-PRYJ-SEC-B,855.0,540.1,590.1,,,50.0,94.97790729263627,CLEAR,28.8,0.0,9.0,HIGH,5.0,NONE,2024-11-03T10:00:00Z,SIMULATED,15.0,154.5
IR-12423,SUPERFAST,NDLS,PRYJ,KNP-PRYJ-SEC-B,855.0,526.2,571.2,,,45.0,97.49079203293508,CLEAR,32.0,0.0,9.0,HIGH,5.0,NONE,2024-12-04T10:00:00Z,SIMULATED,15.0,149.2
IR-12423,SUPERFAST,NDLS,PRYJ,KNP-PRYJ-SEC-B,855.0,552.0,606.1,,,54.1,92.93456133308558,FOGGY,20.8,0.0,1.5,HIGH,5.0,NONE,2024-01-05T10:00:00Z,SIMULATED,15.0,158.8
IR-12423,SUPERFAST,NDLS,PRYJ,KNP-PRYJ-SEC-B,855.0,530.4,577.0,,,46.6,96.7138783422498,LIGHT RAIN,23.2,1.5,4.0,HIGH,5.0,NONE,2024-02-06T10:00:00Z,SIMULATED,15.0,150.9
IR-12423,SUPERFAST,NDLS,PRYJ,KNP-PRYJ-SEC-B,855.0,522.6,566.3,,,43.7,98.16890298091776,LIGHT RAIN,25.6,1.5,4.0,HIGH,5.0,NONE,2024-03-07T10:00:00Z,SIMULATED,15.0,147.9
IR-12423,SUPERFAST,NDLS,PRYJ,KNP-PRYJ-SEC-B,855.0,550.8,604.5,,,53.7,93.14555422278664,LIGHT RAIN,28.8,1.5,4.0,HIGH,5.0,NONE,2024-04-08T10:00:00Z,SIMULATED,15.0,158.4
IR-12423,SUPERFAST,NDLS,PRYJ,KNP-PRYJ-SEC-B,855.0,534.6,582.7,,,48.1,95.96560045000945,LIGHT RAIN,32.0,1.5,4.0,HIGH,5.0,NONE,2024-05-09T10:00:00Z,SIMULATED,15.0,152.5
IR-12423,SUPERFAST,NDLS,PRYJ,KNP-PRYJ-SEC-B,900.0,572.8,624.3,,,51.5,94.2663666908972,FOGGY,20.8,0.0,1.5,HIGH,5.0,NONE,2024-06-10T10:00:00Z,SIMULATED,15.0,161.0
IR-12423,SUPERFAST,NDLS,PRYJ,KNP-PRYJ-SEC-B,900.0,541.3,581.8,,,40.5,99.75395653492586,LIGHT RAIN,23.2,1.5,4.0,HIGH,5.0,NONE,2024-07-11T10:00:00Z,SIMULATED,15.0,149.5
IR-12423,SUPERFAST,NDLS,PRYJ,KNP-PRYJ-SEC-B,900.0,539.6,579.5,,,39.9,100.07183098111004,LIGHT RAIN,25.6,1.5,4.0,HIGH,5.0,NONE,2024-08-12T10:00:00Z,SIMULATED,15.0,148.9
IR-12423,SUPERFAST,NDLS,PRYJ,KNP-PRYJ-SEC-B,900.0,567.4,617.1,,,49.7,95.16766187657764,LIGHT RAIN,28.8,1.5,4.0,HIGH,5.0,NONE,2024-09-13T10:00:00Z,SIMULATED,15.0,159.2
IR-12423,SUPERFAST,NDLS,PRYJ,KNP-PRYJ-SEC-B,900.0,537.7,576.9,,,39.2,100.41957132081296,LIGHT RAIN,32.0,1.5,4.0,HIGH,5.0,NONE,2024-10-14T10:00:00Z,SIMULATED,15.0,148.2
IR-12423,SUPERFAST,NDLS,PRYJ,KNP-PRYJ-SEC-B,900.0,567.2,616.8,,,49.6,95.2064671500462,CLEAR,20.8,0.0,9.0,HIGH,5.0,NONE,2024-11-15T10:00:00Z,SIMULATED,15.0,159.1
IR-12423,SUPERFAST,NDLS,PRYJ,KNP-PRYJ-SEC-B,900.0,538.8,578.4,,,39.6,100.21868892015613,CLEAR,23.2,0.0,9.0,HIGH,5.0,NONE,2024-12-16T10:00:00Z,SIMULATED,15.0,148.6
IR-12423,SUPERFAST,NDLS,PRYJ,KNP-PRYJ-SEC-B,900.0,543.6,584.9,,,41.3,99.33650546026811,CLEAR,25.6,0.0,9.0,HIGH,5.0,NONE,2024-01-17T10:00:00Z,SIMULATED,15.0,150.4
IR-12423,SUPERFAST,NDLS,PRYJ,KNP-PRYJ-SEC-B,900.0,573.3,624.9,,,51.6,94.19119821183504,CLEAR,28.8,0.0,9.0,HIGH,5.0,NONE,2024-02-18T10:00:00Z,SIMULATED,15.0,161.2
IR-12423,SUPERFAST,NDLS,PRYJ,KNP-PRYJ-SEC-B,900.0,529.7,565.8,,,36.1,101.94106053668506,CLEAR,32.0,0.0,9.0,HIGH,5.0,NONE,2024-03-19T10:00:00Z,SIMULATED,15.0,144.9
IR-12423,SUPERFAST,NDLS,PRYJ,KNP-PRYJ-SEC-B,900.0,563.9,612.4,,,48.5,95.76696314749518,CLEAR,20.8,0.0,9.0,HIGH,5.0,NONE,2024-04-20T10:00:00Z,SIMULATED,15.0,157.9
IR-12423,SUPERFAST,NDLS,PRYJ,KNP-PRYJ-SEC-B,900.0,535.0,573.1,,,38.1,100.94239979213695,CLEAR,23.2,0.0,9.0,HIGH,5.0,NONE,2024-05-21T10:00:00Z,SIMULATED,15.0,147.0
IR-12423,SUPERFAST,NDLS,PRYJ,KNP-PRYJ-SEC-B,900.0,537.0,575.9,,,38.9,100.56732454576002,CLEAR,25.6,0.0,9.0,HIGH,5.0,NONE,2024-06-22T10:00:00Z,SIMULATED,15.0,147.8
IR-12423,SUPERFAST,NDLS,PRYJ,KNP-PRYJ-SEC-B,900.0,558.4,605.0,,,46.6,96.71262656362632,CLEAR,28.8,0.0,9.0,HIGH,5.0,NONE,2024-07-23T10:00:00Z,SIMULATED,15.0,155.9
IR-12423,SUPERFAST,NDLS,PRYJ,KNP-PRYJ-SEC-B,900.0,537.5,576.6,,,39.1,100.46222433253462,CLEAR,32.0,0.0,9.0,HIGH,5.0,NONE,2024-08-24T10:00:00Z,SIMULATED,15.0,148.1
IR-12423,SUPERFAST,NDLS,PRYJ,KNP-PRYJ-SEC-B,900.0,568.5,618.5,,,50.0,94.9915834726907,FOGGY,20.8,0.0,1.5,HIGH,5.0,NONE,2024-09-25T10:00:00Z,SIMULATED,15.0,159.5
IR-12423,SUPERFAST,NDLS,PRYJ,KNP-PRYJ-SEC-B,900.0,547.4,590.1,,,42.7,98.63980123802028,LIGHT RAIN,23.2,1.5,4.0,HIGH,5.0,NONE,2024-10-26T10:00:00Z,SIMULATED,15.0,151.8
IR-12423,SUPERFAST,NDLS,PRYJ,KNP-PRYJ-SEC-B,900.0,541.9,582.6,,,40.7,99.64667531545186,LIGHT RAIN,25.6,1.5,4.0,HIGH,5.0,NONE,2024-11-27T10:00:00Z,SIMULATED,15.0,149.7
IR-12423,SUPERFAST,NDLS,PRYJ,KNP-PRYJ-SEC-B,900.0,558.9,605.7,,,46.8,96.61155175096852,LIGHT RAIN,28.8,1.5,4.0,HIGH,5.0,NONE,2024-12-28T10:00:00Z,SIMULATED,15.0,156.1
IR-12423,SUPERFAST,NDLS,PRYJ,KNP-PRYJ-SEC-B,900.0,545.6,587.7,,,42.1,98.97291176855076,LIGHT RAIN,32.0,1.5,4.0,HIGH,5.0,NONE,2024-01-01T10:00:00Z,SIMULATED,15.0,151.2
IR-12423,SUPERFAST,NDLS,PRYJ,KNP-PRYJ-SEC-B,900.0,563.5,611.8,,,48.3,95.83564290520896,CLEAR,20.8,0.0,9.0,HIGH,5.0,NONE,2024-02-02T10:00:00Z,SIMULATED,15.0,157.7
IR-12423,SUPERFAST,NDLS,PRYJ,KNP-PRYJ-SEC-B,900.0,545.6,587.7,,,42.1,98.97391058787515,CLEAR,23.2,0.0,9.0,HIGH,5.0,NONE,2024-03-03T10:00:00Z,SIMULATED,15.0,151.2
IR-12423,SUPERFAST,NDLS,PRYJ,KNP-PRYJ-SEC-B,900.0,531.8,568.7,,,36.9,101.53922576946748,CLEAR,25.6,0.0,9.0,HIGH,5.0,NONE,2024-04-04T10:00:00Z,SIMULATED,15.0,145.8
IR-12423,SUPERFAST,NDLS,PRYJ,KNP-PRYJ-SEC-B,900.0,558.6,605.3,,,46.7,96.66706228169846,CLEAR,28.8,0.0,9.0,HIGH,5.0,NONE,2024-05-05T10:00:00Z,SIMULATED,15.0,156.0
IR-12423,SUPERFAST,NDLS,PRYJ,KNP-PRYJ-SEC-B,900.0,546.4,588.7,,,42.3,98.83220393986132,CLEAR,32.0,0.0,9.0,HIGH,5.0,NONE,2024-06-06T10:00:00Z,SIMULATED,15.0,151.4
IR-12423,SUPERFAST,NDLS,PRYJ,KNP-PRYJ-SEC-B,900.0,564.3,612.9,,,48.6,95.69639198982716,CLEAR,20.8,0.0,9.0,HIGH,5.0,NONE,2024-07-07T10:00:00Z,SIMULATED,15.0,158.0
IR-12423,SUPERFAST,NDLS,PRYJ,KNP-PRYJ-SEC-B,900.0,542.9,584.0,,,41.1,99.469121529614,CLEAR,23.2,0.0,9.0,HIGH,5.0,NONE,2024-08-08T10:00:00Z,SIMULATED,15.0,150.1
IR-12423,SUPERFAST,NDLS,PRYJ,KNP-PRYJ-SEC-B,900.0,536.1,574.7,,,38.6,100.71949514076384,CLEAR,25.6,0.0,9.0,HIGH,5.0,NONE,2024-09-09T10:00:00Z,SIMULATED,15.0,147.5
IR-12423,SUPERFAST,NDLS,PRYJ,KNP-PRYJ-SEC-B,900.0,561.6,609.3,,,47.7,96.14701743935191,CLEAR,28.8,0.0,9.0,HIGH,5.0,NONE,2024-10-10T10:00:00Z,SIMULATED,15.0,157.1
IR-12423,SUPERFAST,NDLS,PRYJ,KNP-PRYJ-SEC-B,900.0,545.5,587.5,,,42.0,98.98412809820498,CLEAR,32.0,0.0,9.0,HIGH,5.0,NONE,2024-11-11T10:00:00Z,SIMULATED,15.0,151.1
IR-12423,SUPERFAST,NDLS,PRYJ,KNP-PRYJ-SEC-B,900.0,557.9,604.3,,,46.4,96.79401278006551,FOGGY,20.8,0.0,1.5,HIGH,5.0,NONE,2024-12-12T10:00:00Z,SIMULATED,15.0,155.7
IR-12423,SUPERFAST,NDLS,PRYJ,KNP-PRYJ-SEC-B,900.0,542.2,583.0,,,40.8,99.5896000258262,LIGHT RAIN,23.2,1.5,4.0,HIGH,5.0,NONE,2024-01-13T10:00:00Z,SIMULATED,15.0,149.8
IR-12423,SUPERFAST,NDLS,PRYJ,KNP-PRYJ-SEC-B,900.0,546.5,588.9,,,42.4,98.81843486449092,LIGHT RAIN,25.6,1.5,4.0,HIGH,5.0,NONE,2024-02-14T10:00:00Z,SIMULATED,15.0,151.5
IR-12423,SUPERFAST,NDLS,PRYJ,KNP-PRYJ-SEC-B,900.0,560.1,607.3,,,47.2,96.40502887398932,LIGHT RAIN,28.8,1.5,4.0,HIGH,5.0,NONE,2024-03-15T10:00:00Z,SIMULATED,15.0,156.5
IR-12423,SUPERFAST,NDLS,PRYJ,KNP-PRYJ-SEC-B,900.0,539.4,579.2,,,39.8,100.11006266075655,LIGHT RAIN,32.0,1.5,4.0,HIGH,5.0,NONE,2024-04-16T10:00:00Z,SIMULATED,15.0,148.8
IR-12423,SUPERFAST,NDLS,PRYJ,KNP-PRYJ-SEC-B,945.0,671.0,742.0,,,71.0,84.49860912558842,FOGGY,20.8,0.0,1.5,HIGH,5.0,NONE,2024-05-17T10:00:00Z,SIMULATED,15.0,186.7
IR-12423,SUPERFAST,NDLS,PRYJ,KNP-PRYJ-SEC-B,945.0,663.0,732.0,,,69.0,85.51960229378619,LIGHT RAIN,23.2,1.5,4.0,HIGH,5.0,NONE,2024-06-18T10:00:00Z,SIMULATED,15.0,184.5
IR-12423,SUPERFAST,NDLS,PRYJ,KNP-PRYJ-SEC-B,945.0,633.3,694.2,,,60.9,89.53796628920735,LIGHT RAIN,25.6,1.5,4.0,HIGH,5.0,NONE,2024-07-19T10:00:00Z,SIMULATED,15.0,176.0
IR-12423,SUPERFAST,NDLS,PRYJ,KNP-PRYJ-SEC-B,945.0,669.5,740.1,,,70.6,84.68728451712099,LIGHT RAIN,28.8,1.5,4.0,HIGH,5.0,NONE,2024-08-20T10:00:00Z,SIMULATED,15.0,186.2
IR-12423,SUPERFAST,NDLS,PRYJ,KNP-PRYJ-SEC-B,945.0,647.9,712.9,,,65.0,87.50753149638116,LIGHT RAIN,32.0,1.5,4.0,HIGH,5.0,NONE,2024-09-21T10:00:00Z,SIMULATED,15.0,180.3
IR-12423,SUPERFAST,NDLS,PRYJ,KNP-PRYJ-SEC-B,945.0,663.7,732.8,,,69.1,85.42671383592571,CLEAR,20.8,0.0,9.0,HIGH,5.0,NONE,2024-10-22T10:00:00Z,SIMULATED,15.0,184.6
IR-12423,SUPERFAST,NDLS,PRYJ,KNP-PRYJ-SEC-B,945.0,635.7,697.3,,,61.6,89.18706861664954,CLEAR,23.2,0.0,9.0,HIGH,5.0,NONE,2024-11-23T10:00:00Z,SIMULATED,15.0,176.7
IR-12423,SUPERFAST,NDLS,PRYJ,KNP-PRYJ-SEC-B,945.0,650.8,716.6,,,65.8,87.12056717509887,CLEAR,25.6,0.0,9.0,HIGH,5.0,NONE,2024-12-24T10:00:00Z,SIMULATED,15.0,181.1
IR-12423,SUPERFAST,NDLS,PRYJ,KNP-PRYJ-SEC-B,945.0,652.2,718.3,,,66.1,86.93593910269519,CLEAR,28.8,0.0,9.0,HIGH,5.0,NONE,2024-01-25T10:00:00Z,SIMULATED,15.0,181.5
IR-12423,SUPERFAST,NDLS,PRYJ,KNP-PRYJ-SEC-B,945.0,635.0,696.4,,,61.4,89.29706238034963,CLEAR,32.0,0.0,9.0,HIGH,5.0,NONE,2024-02-26T10:00:00Z,SIMULATED,15.0,176.5
IR-12423,SUPERFAST,NDLS,PRYJ,KNP-PRYJ-SEC-B,945.0,667.7,737.9,,,70.2,84.9126499321952,CLEAR,20.8,0.0,9.0,HIGH,5.0,NONE,2024-03-27T10:00:00Z,SIMULATED,15.0,185.8
IR-12423,SUPERFAST,NDLS,PRYJ,KNP-PRYJ-SEC-B,945.0,639.8,702.5,,,62.7,88.62742561656455,CLEAR,23.2,0.0,9.0,HIGH,5.0,NONE,2024-04-28T10:00:00Z,SIMULATED,15.0,177.9
IR-12423,SUPERFAST,NDLS,PRYJ,KNP-PRYJ-SEC-B,945.0,642.2,705.6,,,63.4,88.28677791784726,CLEAR,25.6,0.0,9.0,HIGH,5.0,NONE,2024-05-01T10:00:00Z,SIMULATED,15.0,178.6
IR-12423,SUPERFAST,NDLS,PRYJ,KNP-PRYJ-SEC-B,945.0,675.5,747.6,,,72.1,83.94045495369454,CLEAR,28.8,0.0,9.0,HIGH,5.0,NONE,2024-06-02T10:00:00Z,SIMULATED,15.0,187.8
IR-12423,SUPERFAST,NDLS,PRYJ,KNP-PRYJ-SEC-B,945.0,653.2,719.6,,,66.4,86.79715313140153,CLEAR,32.0,0.0,9.0,HIGH,5.0,NONE,2024-07-03T10:00:00Z,SIMULATED,15.0,181.8
IR-12423,SUPERFAST,NDLS,PRYJ,KNP-PRYJ-SEC-B,945.0,663.2,732.2,,,69.0,85.49896631706633,FOGGY,20.8,0.0,1.5,HIGH,5.0,NONE,2024-08-04T10:00:00Z,SIMULATED,15.0,184.5
IR-12423,SUPERFAST,NDLS,PRYJ,KNP-PRYJ-SEC-B,945.0,640.7,703.7,,,63.0,88.49727900252269,LIGHT RAIN,23.2,1.5,4.0,HIGH,5.0,NONE,2024-09-05T10:00:00Z,SIMULATED,15.0,178.2
IR-12423,SUPERFAST,NDLS,PRYJ,KNP-PRYJ-SEC-B,945.0,638.0,700.3,,,62.3,88.86817357162869,LIGHT RAIN,25.6,1.5,4.0,HIGH,5.0,NONE,2024-10-06T10:00:00Z,SIMULATED,15.0,177.4
IR-12423,SUPERFAST,NDLS,PRYJ,KNP-PRYJ-SEC-B,945.0,661.1,729.6,,,68.5,85.76653508886938,LIGHT RAIN,28.8,1.5,4.0,HIGH,5.0,NONE,2024-11-07T10:00:00Z,SIMULATED,15.0,184.0
IR-12423,SUPERFAST,NDLS,PRYJ,KNP-PRYJ-SEC-B,945.0,634.9,696.3,,,61.4,89.3031647584323,LIGHT RAIN,32.0,1.5,4.0,HIGH,5.0,NONE,2024-12-08T10:00:00Z,SIMULATED,15.0,176.5
IR-12423,SUPERFAST,NDLS,PRYJ,KNP-PRYJ-SEC-B,945.0,663.3,732.3,,,69.0,85.48180539026703,CLEAR,20.8,0.0,9.0,HIGH,5.0,NONE,2024-01-09T10:00:00Z,SIMULATED,15.0,184.5
IR-12423,SUPERFAST,NDLS,PRYJ,KNP-PRYJ-SEC-B,945.0,651.5,717.5,,,66.0,87.02389088048167,CLEAR,23.2,0.0,9.0,HIGH,5.0,NONE,2024-02-10T10:00:00Z,SIMULATED,15.0,181.3
IR-12423,SUPERFAST,NDLS,PRYJ,KNP-PRYJ-SEC-B,945.0,635.9,697.6,,,61.7,89.17125078085907,CLEAR,25.6,0.0,9.0,HIGH,5.0,NONE,2024-03-11T10:00:00Z,SIMULATED,15.0,176.8
IR-12423,SUPERFAST,NDLS,PRYJ,KNP-PRYJ-SEC-B,945.0,651.4,717.3,,,65.9,87.03824703986581,CLEAR,28.8,0.0,9.0,HIGH,5.0,NONE,2024-04-12T10:00:00Z,SIMULATED,15.0,181.2
IR-12423,SUPERFAST,NDLS,PRYJ,KNP-PRYJ-SEC-B,945.0,642.7,706.3,,,63.6,88.21804688663224,CLEAR,32.0,0.0,9.0,HIGH,5.0,NONE,2024-05-13T10:00:00Z,SIMULATED,15.0,178.8
IR-12423,SUPERFAST,NDLS,PRYJ,KNP-PRYJ-SEC-B,945.0,654.2,720.9,,,66.7,86.67406521081045,CLEAR,20.8,0.0,9.0,HIGH,5.0,NONE,2024-06-14T10:00:00Z,SIMULATED,15.0,182.1
IR-12423,SUPERFAST,NDLS,PRYJ,KNP-PRYJ-SEC-B,945.0,635.7,697.3,,,61.6,89.19251024990318,CLEAR,23.2,0.0,9.0,HIGH,5.0,NONE,2024-07-15T10:00:00Z,SIMULATED,15.0,176.7
IR-12423,SUPERFAST,NDLS,PRYJ,KNP-PRYJ-SEC-B,945.0,635.1,696.5,,,61.4,89.28157930806809,CLEAR,25.6,0.0,9.0,HIGH,5.0,NONE,2024-08-16T10:00:00Z,SIMULATED,15.0,176.5
IR-12423,SUPERFAST,NDLS,PRYJ,KNP-PRYJ-SEC-B,945.0,661.8,730.4,,,68.6,85.68137214566387,CLEAR,28.8,0.0,9.0,HIGH,5.0,NONE,2024-09-17T10:00:00Z,SIMULATED,15.0,184.1
IR-12423,SUPERFAST,NDLS,PRYJ,KNP-PRYJ-SEC-B,945.0,652.9,719.2,,,66.3,86.84089278021861,CLEAR,32.0,0.0,9.0,HIGH,5.0,NONE,2024-10-18T10:00:00Z,SIMULATED,15.0,181.7
IR-12423,SUPERFAST,NDLS,PRYJ,KNP-PRYJ-SEC-B,945.0,670.7,741.6,,,70.9,84.53848101107879,FOGGY,20.8,0.0,1.5,HIGH,5.0,NONE,2024-11-19T10:00:00Z,SIMULATED,15.0,186.5
IR-12423,SUPERFAST,NDLS,PRYJ,KNP-PRYJ-SEC-B,945.0,640.7,703.7,,,63.0,88.49969065681617,LIGHT RAIN,23.2,1.5,4.0,HIGH,5.0,NONE,2024-12-20T10:00:00Z,SIMULATED,15.0,178.2
IR-12423,SUPERFAST,NDLS,PRYJ,KNP-PRYJ-SEC-B,945.0,646.4,711.0,,,64.6,87.71409404658743,LIGHT RAIN,25.6,1.5,4.0,HIGH,5.0,NONE,2024-01-21T10:00:00Z,SIMULATED,15.0,179.9
IR-12423,SUPERFAST,NDLS,PRYJ,KNP-PRYJ-SEC-B,945.0,667.2,737.2,,,70.0,84.97649376256899,LIGHT RAIN,28.8,1.5,4.0,HIGH,5.0,NONE,2024-02-22T10:00:00Z,SIMULATED,15.0,185.6
IR-12423,SUPERFAST,NDLS,PRYJ,KNP-PRYJ-SEC-B,945.0,638.4,700.8,,,62.4,88.816133182587,LIGHT RAIN,32.0,1.5,4.0,HIGH,5.0,NONE,2024-03-23T10:00:00Z,SIMULATED,15.0,177.5
IR-12423,SUPERFAST,NDLS,PRYJ,KNP-PRYJ-SEC-B,990.0,778.6,866.0,,,87.4,76.2902659282411,FOGGY,20.8,0.0,1.5,HIGH,5.0,NONE,2024-04-24T10:00:00Z,SIMULATED,15.0,209.2
IR-12423,SUPERFAST,NDLS,PRYJ,KNP-PRYJ-SEC-B,990.0,747.9,829.1,,,81.2,79.42058023704027,LIGHT RAIN,23.2,1.5,4.0,HIGH,5.0,NONE,2024-05-25T10:00:00Z,SIMULATED,15.0,202.5
IR-12423,SUPERFAST,NDLS,PRYJ,KNP-PRYJ-SEC-B,990.0,750.6,832.3,,,81.7,79.1393921201281,LIGHT RAIN,25.6,1.5,4.0,HIGH,5.0,NONE,2024-06-26T10:00:00Z,SIMULATED,15.0,203.1
IR-12423,SUPERFAST,NDLS,PRYJ,KNP-PRYJ-SEC-B,990.0,753.3,835.6,,,82.3,78.85571558918461,LIGHT RAIN,28.8,1.5,4.0,HIGH,5.0,NONE,2024-07-27T10:00:00Z,SIMULATED,15.0,203.7
IR-12423,SUPERFAST,NDLS,PRYJ,KNP-PRYJ-SEC-B,990.0,730.7,808.1,,,77.4,81.28917024042634,LIGHT RAIN,32.0,1.5,4.0,HIGH,5.0,NONE,2024-08-28T10:00:00Z,SIMULATED,15.0,198.5
IR-12423,SUPERFAST,NDLS,PRYJ,KNP-PRYJ-SEC-B,990.0,747.3,828.3,,,81.0,79.4857258383297,CLEAR,20.8,0.0,9.0,HIGH,5.0,NONE,2024-09-01T10:00:00Z,SIMULATED,15.0,202.3
IR-12423,SUPERFAST,NDLS,PRYJ,KNP-PRYJ-SEC-B,990.0,715.8,789.8,,,74.0,82.98697913514954,CLEAR,23.2,0.0,9.0,HIGH,5.0,NONE,2024-10-02T10:00:00Z,SIMULATED,15.0,194.8
IR-12423,SUPERFAST,NDLS,PRYJ,KNP-PRYJ-SEC-B,990.0,730.3,807.6,,,77.3,81.34075915228368,CLEAR,25.6,0.0,9.0,HIGH,5.0,NONE,2024-11-03T10:00:00Z,SIMULATED,15.0,198.4
IR-12423,SUPERFAST,NDLS,PRYJ,KNP-PRYJ-SEC-B,990.0,750.1,831.7,,,81.6,79.18649918333193,CLEAR,28.8,0.0,9.0,HIGH,5.0,NONE,2024-12-04T10:00:00Z,SIMULATED,15.0,203.0
IR-12423,SUPERFAST,NDLS,PRYJ,KNP-PRYJ-SEC-B,990.0,698.1,767.9,,,69.8,85.08971234073721,CLEAR,32.0,0.0,9.0,HIGH,5.0,NONE,2024-01-05T10:00:00Z,SIMULATED,15.0,190.4
IR-12423,SUPERFAST,NDLS,PRYJ,KNP-PRYJ-SEC-B,990.0,745.3,825.9,,,80.6,79.69981157173589,CLEAR,20.8,0.0,9.0,HIGH,5.0,NONE,2024-02-06T10:00:00Z,SIMULATED,15.0,201.9
IR-12423,SUPERFAST,NDLS,PRYJ,KNP-PRYJ-SEC-B,990.0,719.6,794.5,,,74.9,82.5410166165147,CLEAR,23.2,0.0,9.0,HIGH,5.0,NONE,2024-03-07T10:00:00Z,SIMULATED,15.0,195.8
IR-12423,SUPERFAST,NDLS,PRYJ,KNP-PRYJ-SEC-B,990.0,732.0,809.7,,,77.7,81.14708715771505,CLEAR,25.6,0.0,9.0,HIGH,5.0,NONE,2024-04-08T10:00:00Z,SIMULATED,15.0,198.8
IR-12423,SUPERFAST,NDLS,PRYJ,KNP-PRYJ-SEC-B,990.0,744.7,825.2,,,80.5,79.76778067905948,CLEAR,28.8,0.0,9.0,HIGH,5.0,NONE,2024-05-09T10:00:00Z,SIMULATED,15.0,201.8
IR-12423,SUPERFAST,NDLS,PRYJ,KNP-PRYJ-SEC-B,990.0,717.6,792.0,,,74.4,82.77539147233583,CLEAR,32.0,0.0,9.0,HIGH,5.0,NONE,2024-06-10T10:00:00Z,SIMULATED,15.0,195.3
IR-12423,SUPERFAST,NDLS,PRYJ,KNP-PRYJ-SEC-B,990.0,763.6,848.0,,,84.4,77.79280926094606,FOGGY,20.8,0.0,1.5,HIGH,5.0,NONE,2024-07-11T10:00:00Z,SIMULATED,15.0,206.0
IR-12423,SUPERFAST,NDLS,PRYJ,KNP-PRYJ-SEC-B,990.0,721.4,796.7,,,75.3,82.33495611338424,LIGHT RAIN,23.2,1.5,4.0,HIGH,5.0,NONE,2024-08-12T10:00:00Z,SIMULATED,15.0,196.2
IR-12423,SUPERFAST,NDLS,PRYJ,KNP-PRYJ-SEC-B,990.0,725.5,801.7,,,76.2,81.87758472074532,LIGHT RAIN,25.6,1.5,4.0,HIGH,5.0,NONE,2024-09-13T10:00:00Z,SIMULATED,15.0,197.2
IR-12423,SUPERFAST,NDLS,PRYJ,KNP-PRYJ-SEC-B,990.0,764.0,848.5,,,84.5,77.75173832705968,LIGHT RAIN,28.8,1.5,4.0,HIGH,5.0,NONE,2024-10-14T10:00:00Z,SIMULATED,15.0,206.1
IR-12423,SUPERFAST,NDLS,PRYJ,KNP-PRYJ-SEC-B,990.0,725.4,801.6,,,76.2,81.89005236964735,LIGHT RAIN,32.0,1.5,4.0,HIGH,5.0,NONE,2024-11-15T10:00:00Z,SIMULATED,15.0,197.2
IR-12423,SUPERFAST,NDLS,PRYJ,KNP-PRYJ-SEC-B,990.0,750.3,832.0,,,81.7,79.16830886416969,CLEAR,20.8,0.0,9.0,HIGH,5.0,NONE,2024-12-16T10:00:00Z,SIMULATED,15.0,203.1
IR-12423,SUPERFAST,NDLS,PRYJ,KNP-PRYJ-SEC-B,990.0,720.4,795.5,,,75.1,82.4567380967395,CLEAR,23.2,0.0,9.0,HIGH,5.0,NONE,2024-01-17T10:00:00Z,SIMULATED,15.0,196.0
IR-12423,SUPERFAST,NDLS,PRYJ,KNP-PRYJ-SEC-B,990.0,727.7,804.4,,,76.7,81.63256411452238,CLEAR,25.6,0.0,9.0,HIGH,5.0,NONE,2024-02-18T10:00:00Z,SIMULATED,15.0,197.7
IR-12423,SUPERFAST,NDLS,PRYJ,KNP-PRYJ-SEC-B,990.0,758.8,842.2,,,83.4,78.28130249461472,CLEAR,28.8,0.0,9.0,HIGH,5.0,NONE,2024-03-19T10:00:00Z,SIMULATED,15.0,204.9
IR-12423,SUPERFAST,NDLS,PRYJ,KNP-PRYJ-SEC-B,990.0,724.0,799.9,,,75.9,82.04202224921187,CLEAR,32.0,0.0,9.0,HIGH,5.0,NONE,2024-04-20T10:00:00Z,SIMULATED,15.0,196.9
IR-12423,SUPERFAST,NDLS,PRYJ,KNP-PRYJ-SEC-B,990.0,772.4,858.6,,,86.2,76.90422337136764,CLEAR,20.8,0.0,9.0,HIGH,5.0,NONE,2024-05-21T10:00:00Z,SIMULATED,15.0,207.9
IR-12423,SUPERFAST,NDLS,PRYJ,KNP-PRYJ-SEC-B,990.0,736.9,815.7,,,78.8,80.60675063118626,CLEAR,23.2,0.0,9.0,HIGH,5.0,NONE,2024-06-22T10:00:00Z,SIMULATED,15.0,200.0
IR-12423,SUPERFAST,NDLS,PRYJ,KNP-PRYJ-SEC-B,990.0,732.0,809.7,,,77.7,81.14815884941882,CLEAR,25.6,0.0,9.0,HIGH,5.0,NONE,2024-07-23T10:00:00Z,SIMULATED,15.0,198.8
IR-12423,SUPERFAST,NDLS,PRYJ,KNP-PRYJ-SEC-B,990.0,763.1,847.4,,,84.3,77.83533472237477,CLEAR,28.8,0.0,9.0,HIGH,5.0,NONE,2024-08-24T10:00:00Z,SIMULATED,15.0,205.9
IR-12423,SUPERFAST,NDLS,PRYJ,KNP-PRYJ-SEC-B,990.0,729.5,806.6,,,77.1,81.42672548659638,CLEAR,32.0,0.0,9.0,HIGH,5.0,NONE,2024-09-25T10:00:00Z,SIMULATED,15.0,198.2
IR-12423,SUPERFAST,NDLS,PRYJ,KNP-PRYJ-SEC-B,990.0,756.1,839.0,,,82.9,78.563637507018,FOGGY,20.8,0.0,1.5,HIGH,5.0,NONE,2024-10-26T10:00:00Z,SIMULATED,15.0,204.4
IR-12423,SUPERFAST,NDLS,PRYJ,KNP-PRYJ-SEC-B,990.0,722.8,798.4,,,75.6,82.18113749063582,LIGHT RAIN,23.2,1.5,4.0,HIGH,5.0,NONE,2024-11-27T10:00:00Z,SIMULATED,15.0,196.6
IR-12423,SUPERFAST,NDLS,PRYJ,KNP-PRYJ-SEC-B,990.0,735.3,813.7,,,78.4,80.78437125040283,LIGHT RAIN,25.6,1.5,4.0,HIGH,5.0,NONE,2024-12-28T10:00:00Z,SIMULATED,15.0,199.5
IR-12423,SUPERFAST,NDLS,PRYJ,KNP-PRYJ-SEC-B,990.0,776.6,863.6,,,87.0,76.48595184822724,LIGHT RAIN,28.8,1.5,4.0,HIGH,5.0,NONE,2024-01-01T10:00:00Z,SIMULATED,15.0,208.8
IR-12423,SUPERFAST,NDLS,PRYJ,KNP-PRYJ-SEC-B,990.0,725.7,802.0,,,76.3,81.8557378730995,LIGHT RAIN,32.0,1.5,4.0,HIGH,5.0,NONE,2024-02-02T10:00:00Z,SIMULATED,15.0,197.3
IR-12423,SUPERFAST,NDLS,PRYJ,KNP-PRYJ-SEC-B,1035.0,885.0,984.7,,,99.7,70.17285745851328,FOGGY,20.8,0.0,1.5,HIGH,5.0,NONE,2024-03-03T10:00:00Z,SIMULATED,15.0,227.5
IR-12423,SUPERFAST,NDLS,PRYJ,KNP-PRYJ-SEC-B,1035.0,818.8,907.1,,,88.3,75.83876580073729,LIGHT RAIN,23.2,1.5,4.0,HIGH,5.0,NONE,2024-04-04T10:00:00Z,SIMULATED,15.0,215.2
IR-12423,SUPERFAST,NDLS,PRYJ,KNP-PRYJ-SEC-B,1035.0,809.6,896.2,,,86.6,76.70024999822718,LIGHT RAIN,25.6,1.5,4.0,HIGH,5.0,NONE,2024-05-05T10:00:00Z,SIMULATED,15.0,213.3
IR-12423,SUPERFAST,NDLS,PRYJ,KNP-PRYJ-SEC-B,1035.0,893.1,994.0,,,100.9,69.53059172218676,LIGHT RAIN,28.8,1.5,4.0,HIGH,5.0,NONE,2024-06-06T10:00:00Z,SIMULATED,15.0,228.8
IR-12423,SUPERFAST,NDLS,PRYJ,KNP-PRYJ-SEC-B,1035.0,819.0,907.4,,,88.4,75.82017158628517,LIGHT RAIN,32.0,1.5,4.0,HIGH,5.0,NONE,2024-07-07T10:00:00Z,SIMULATED,15.0,215.3
IR-12423,SUPERFAST,NDLS,PRYJ,KNP-PRYJ-SEC-B,1035.0,837.9,929.7,,,91.8,74.11766983754626,CLEAR,20.8,0.0,9.0,HIGH,5.0,NONE,2024-08-08T10:00:00Z,SIMULATED,15.0,218.9
IR-12423,SUPERFAST,NDLS,PRYJ,KNP-PRYJ-SEC-B,1035.0,823.3,912.4,,,89.1,75.42609504276847,CLEAR,23.2,0.0,9.0,HIGH,5.0,NONE,2024-09-09T10:00:00Z,SIMULATED,15.0,216.0
IR-12423,SUPERFAST,NDLS,PRYJ,KNP-PRYJ-SEC-B,1035.0,796.3,880.3,,,84.0,77.98331402740547,CLEAR,25.6,0.0,9.0,HIGH,5.0,NONE,2024-10-10T10:00:00Z,SIMULATED,15.0,210.5
IR-12423,SUPERFAST,NDLS,PRYJ,KNP-PRYJ-SEC-B,1035.0,835.6,927.0,,,91.4,74.31388202109385,CLEAR,28.8,0.0,9.0,HIGH,5.0,NONE,2024-11-11T10:00:00Z,SIMULATED,15.0,218.5
IR-12423,SUPERFAST,NDLS,PRYJ,KNP-PRYJ-SEC-B,1035.0,814.0,901.4,,,87.4,76.28831798723124,CLEAR,32.0,0.0,9.0,HIGH,5.0,NONE,2024-12-12T10:00:00Z,SIMULATED,15.0,214.2
IR-12423,SUPERFAST,NDLS,PRYJ,KNP-PRYJ-SEC-B,1035.0,856.2,951.1,,,94.9,72.52579117184371,CLEAR,20.8,0.0,9.0,HIGH,5.0,NONE,2024-01-13T10:00:00Z,SIMULATED,15.0,222.3
IR-12423,SUPERFAST,NDLS,PRYJ,KNP-PRYJ-SEC-B,1035.0,820.3,908.9,,,88.6,75.70101243035771,CLEAR,23.2,0.0,9.0,HIGH,5.0,NONE,2024-02-14T10:00:00Z,SIMULATED,15.0,215.5
IR-12423,SUPERFAST,NDLS,PRYJ,KNP-PRYJ-SEC-B,1035.0,838.9,930.8,,,91.9,74.02969872384841,CLEAR,25.6,0.0,9.0,HIGH,5.0,NONE,2024-03-15T10:00:00Z,SIMULATED,15.0,219.1
IR-12423,SUPERFAST,NDLS,PRYJ,KNP-PRYJ-SEC-B,1035.0,856.0,950.9,,,94.9,72.54872822359653,CLEAR,28.8,0.0,9.0,HIGH,5.0,NONE,2024-04-16T10:00:00Z,SIMULATED,15.0,222.3
IR-12423,SUPERFAST,NDLS,PRYJ,KNP-PRYJ-SEC-B,1035.0,844.3,937.2,,,92.9,73.5514458686844,CLEAR,32.0,0.0,9.0,HIGH,5.0,NONE,2024-05-17T10:00:00Z,SIMULATED,15.0,220.1
IR-12423,SUPERFAST,NDLS,PRYJ,KNP-PRYJ-SEC-B,1035.0,854.4,949.0,,,94.6,72.680716768236,FOGGY,20.8,0.0,1.5,HIGH,5.0,NONE,2024-06-18T10:00:00Z,SIMULATED,15.0,222.0
IR-12423,SUPERFAST,NDLS,PRYJ,KNP-PRYJ-SEC-B,1035.0,824.1,913.4,,,89.3,75.35144422341727,LIGHT RAIN,23.2,1.5,4.0,HIGH,5.0,NONE,2024-07-19T10:00:00Z,SIMULATED,15.0,216.2
IR-12423,SUPERFAST,NDLS,PRYJ,KNP-PRYJ-SEC-B,1035.0,846.8,940.1,,,93.3,73.33543077842172,LIGHT RAIN,25.6,1.5,4.0,HIGH,5.0,NONE,2024-08-20T10:00:00Z,SIMULATED,15.0,220.6
IR-12423,SUPERFAST,NDLS,PRYJ,KNP-PRYJ-SEC-B,1035.0,849.6,943.4,,,93.8,73.09316707053,LIGHT RAIN,28.8,1.5,4.0,HIGH,5.0,NONE,2024-09-21T10:00:00Z,SIMULATED,15.0,221.1
IR-12423,SUPERFAST,NDLS,PRYJ,KNP-PRYJ-SEC-B,1035.0,810.7,897.5,,,86.8,76.60158119419333,LIGHT RAIN,32.0,1.5,4.0,HIGH,5.0,NONE,2024-10-22T10:00:00Z,SIMULATED,15.0,213.5
IR-12423,SUPERFAST,NDLS,PRYJ,KNP-PRYJ-SEC-B,1035.0,853.2,947.6,,,94.4,72.78194985907233,CLEAR,20.8,0.0,9.0,HIGH,5.0,NONE,2024-11-23T10:00:00Z,SIMULATED,15.0,221.8
IR-12423,SUPERFAST,NDLS,PRYJ,KNP-PRYJ-SEC-B,1035.0,830.2,920.6,,,90.4,74.80370269672642,CLEAR,23.2,0.0,9.0,HIGH,5.0,NONE,2024-12-24T10:00:00Z,SIMULATED,15.0,217.4
IR-12423,SUPERFAST,NDLS,PRYJ,KNP-PRYJ-SEC-B,1035.0,842.6,935.2,,,92.6,73.70455129284743,CLEAR,25.6,0.0,9.0,HIGH,5.0,NONE,2024-01-25T10:00:00Z,SIMULATED,15.0,219.8
IR-12423,SUPERFAST,NDLS,PRYJ,KNP-PRYJ-SEC-B,1035.0,855.2,950.0,,,94.8,72.61534066054662,CLEAR,28.8,0.0,9.0,HIGH,5.0,NONE,2024-02-26T10:00:00Z,SIMULATED,15.0,222.2
IR-12423,SUPERFAST,NDLS,PRYJ,KNP-PRYJ-SEC-B,1035.0,810.0,896.7,,,86.7,76.67077635134916,CLEAR,32.0,0.0,9.0,HIGH,5.0,NONE,2024-03-27T10:00:00Z,SIMULATED,15.0,213.4
IR-12423,SUPERFAST,NDLS,PRYJ,KNP-PRYJ-SEC-B,1035.0,862.2,958.1,,,95.9,72.025151089664,CLEAR,20.8,0.0,9.0,HIGH,5.0,NONE,2024-04-28T10:00:00Z,SIMULATED,15.0,223.4
IR-12423,SUPERFAST,NDLS,PRYJ,KNP-PRYJ-SEC-B,1035.0,799.9,884.6,,,84.7,77.633863220663,CLEAR,23.2,0.0,9.0,HIGH,5.0,NONE,2024-05-01T10:00:00Z,SIMULATED,15.0,211.3
IR-12423,SUPERFAST,NDLS,PRYJ,KNP-PRYJ-SEC-B,1035.0,838.5,930.4,,,91.9,74.05840262139793,CLEAR,25.6,0.0,9.0,HIGH,5.0,NONE,2024-06-02T10:00:00Z,SIMULATED,15.0,219.1
IR-12423,SUPERFAST,NDLS,PRYJ,KNP-PRYJ-SEC-B,1035.0,873.2,971.0,,,97.8,71.11540786295734,CLEAR,28.8,0.0,9.0,HIGH,5.0,NONE,2024-07-03T10:00:00Z,SIMULATED,15.0,225.5
IR-12423,SUPERFAST,NDLS,PRYJ,KNP-PRYJ-SEC-B,1035.0,779.0,859.6,,,80.6,79.71853404482508,CLEAR,32.0,0.0,9.0,HIGH,5.0,NONE,2024-08-04T10:00:00Z,SIMULATED,15.0,206.9
IR-12423,SUPERFAST,NDLS,PRYJ,KNP-PRYJ-SEC-B,1035.0,883.5,982.9,,,99.4,70.28854863772501,FOGGY,20.8,0.0,1.5,HIGH,5.0,NONE,2024-09-05T10:00:00Z,SIMULATED,15.0,227.2
IR-12423,SUPERFAST,NDLS,PRYJ,KNP-PRYJ-SEC-B,1035.0,819.1,907.5,,,88.4,75.81774574588371,LIGHT RAIN,23.2,1.5,4.0,HIGH,5.0,NONE,2024-10-06T10:00:00Z,SIMULATED,15.0,215.3
IR-12423,SUPERFAST,NDLS,PRYJ,KNP-PRYJ-SEC-B,1035.0,797.7,882.0,,,84.3,77.84720540395008,LIGHT RAIN,25.6,1.5,4.0,HIGH,5.0,NONE,2024-11-07T10:00:00Z,SIMULATED,15.0,210.9
IR-12423,SUPERFAST,NDLS,PRYJ,KNP-PRYJ-SEC-B,1035.0,845.2,938.2,,,93.0,73.47799569648913,LIGHT RAIN,28.8,1.5,4.0,HIGH,5.0,NONE,2024-12-08T10:00:00Z,SIMULATED,15.0,220.2
IR-12423,SUPERFAST,NDLS,PRYJ,KNP-PRYJ-SEC-B,1035.0,829.7,920.0,,,90.3,74.84481711265869,LIGHT RAIN,32.0,1.5,4.0,HIGH,5.0,NONE,2024-01-09T10:00:00Z,SIMULATED,15.0,217.3
IR-12424,SUPERFAST,NDLS,PRYJ,KNP-PRYJ-SEC-B,45.0,23.9,37.9,,,14.0,112.9982942789862,FOGGY,20.8,0.0,1.5,MEDIUM,5.0,NONE,2024-02-10T10:00:00Z,SIMULATED,555.0,313.7
IR-12424,SUPERFAST,NDLS,PRYJ,KNP-PRYJ-SEC-B,45.0,23.4,32.6,,,9.2,115.38859712942818,LIGHT RAIN,23.2,1.5,4.0,LOW,5.0,NONE,2024-03-11T10:00:00Z,SIMULATED,555.0,302.8
IR-12424,SUPERFAST,NDLS,PRYJ,KNP-PRYJ-SEC-B,45.0,23.6,35.0,,,11.4,114.28774265130328,LIGHT RAIN,25.6,1.5,4.0,MEDIUM,5.0,NONE,2024-04-12T10:00:00Z,SIMULATED,555.0,307.8
IR-12424,SUPERFAST,NDLS,PRYJ,KNP-PRYJ-SEC-B,45.0,23.9,38.3,,,14.4,112.7937469002668,LIGHT RAIN,28.8,1.5,4.0,MEDIUM,5.0,NONE,2024-05-13T10:00:00Z,SIMULATED,555.0,314.6
IR-12424,SUPERFAST,NDLS,PRYJ,KNP-PRYJ-SEC-B,45.0,23.0,28.4,,,5.4,117.30729808739038,LIGHT RAIN,32.0,1.5,4.0,LOW,5.0,NONE,2024-06-14T10:00:00Z,SIMULATED,555.0,294.3
IR-12424,SUPERFAST,NDLS,PRYJ,KNP-PRYJ-SEC-B,45.0,23.5,33.4,,,9.9,115.0498119254705,CLEAR,20.8,0.0,9.0,LOW,5.0,NONE,2024-07-15T10:00:00Z,SIMULATED,555.0,304.3
IR-12424,SUPERFAST,NDLS,PRYJ,KNP-PRYJ-SEC-B,45.0,23.4,32.3,,,8.9,115.57327160412648,CLEAR,23.2,0.0,9.0,LOW,5.0,NONE,2024-08-16T10:00:00Z,SIMULATED,555.0,302.0
IR-12424,SUPERFAST,NDLS,PRYJ,KNP-PRYJ-SEC-B,45.0,23.1,29.6,,,6.5,116.75871604700694,CLEAR,25.6,0.0,9.0,LOW,5.0,NONE,2024-09-17T10:00:00Z,SIMULATED,555.0,296.7
IR-12424,SUPERFAST,NDLS,PRYJ,KNP-PRYJ-SEC-B,45.0,23.6,35.2,,,11.6,114.2200864536038,CLEAR,28.8,0.0,9.0,MEDIUM,5.0,NONE,2024-10-18T10:00:00Z,SIMULATED,555.0,308.1
IR-12424,SUPERFAST,NDLS,PRYJ,KNP-PRYJ-SEC-B,45.0,22.9,26.8,,,3.9,118.06466701262516,CLEAR,32.0,0.0,9.0,LOW,5.0,NONE,2024-11-19T10:00:00Z,SIMULATED,555.0,290.9
IR-12424,SUPERFAST,NDLS,PRYJ,KNP-PRYJ-SEC-B,45.0,23.7,35.4,,,11.7,114.16330128339648,CLEAR,20.8,0.0,9.0,MEDIUM,5.0,NONE,2024-12-20T10:00:00Z,SIMULATED,555.0,308.4
IR-12424,SUPERFAST,NDLS,PRYJ,KNP-PRYJ-SEC-B,45.0,23.0,28.2,,,5.2,117.42215675869654,CLEAR,23.2,0.0,9.0,LOW,5.0,NONE,2024-01-21T10:00:00Z,SIMULATED,555.0,293.8
IR-12424,SUPERFAST,NDLS,PRYJ,KNP-PRYJ-SEC-B,45.0,22.9,27.0,,,4.1,117.94532718892192,CLEAR,25.6,0.0,9.0,LOW,5.0,NONE,2024-02-22T10:00:00Z,SIMULATED,555.0,291.4
IR-12424,SUPERFAST,NDLS,PRYJ,KNP-PRYJ-SEC-B,45.0,23.6,35.0,,,11.4,114.3231877904614,CLEAR,28.8,0.0,9.0,MEDIUM,5.0,NONE,2024-03-23T10:00:00Z,SIMULATED,555.0,307.7
IR-12424,SUPERFAST,NDLS,PRYJ,KNP-PRYJ-SEC-B,45.0,23.0,28.2,,,5.2,117.39277235569986,CLEAR,32.0,0.0,9.0,LOW,5.0,NONE,2024-04-24T10:00:00Z,SIMULATED,555.0,293.9
IR-12424,SUPERFAST,NDLS,PRYJ,KNP-PRYJ-SEC-B,45.0,23.6,35.0,,,11.4,114.31257587601672,FOGGY,20.8,0.0,1.5,MEDIUM,5.0,NONE,2024-05-25T10:00:00Z,SIMULATED,555.0,307.7
IR-12424,SUPERFAST,NDLS,PRYJ,KNP-PRYJ-SEC-B,45.0,23.1,29.0,,,5.9,117.0589550345182,LIGHT RAIN,23.2,1.5,4.0,LOW,5.0,NONE,2024-06-26T10:00:00Z,SIMULATED,555.0,295.4
IR-12424,SUPERFAST,NDLS,PRYJ,KNP-PRYJ-SEC-B,45.0,23.3,31.9,,,8.6,115.70611696382322,LIGHT RAIN,25.6,1.5,4.0,LOW,5.0,NONE,2024-07-27T10:00:00Z,SIMULATED,555.0,301.4
IR-12424,SUPERFAST,NDLS,PRYJ,KNP-PRYJ-SEC-B,45.0,23.8,36.5,,,12.7,113.64397786497176,LIGHT RAIN,28.8,1.5,4.0,MEDIUM,5.0,NONE,2024-08-28T10:00:00Z,SIMULATED,555.0,310.7
IR-12424,SUPERFAST,NDLS,PRYJ,KNP-PRYJ-SEC-B,45.0,23.3,31.1,,,7.8,116.08546479759318,LIGHT RAIN,32.0,1.5,4.0,LOW,5.0,NONE,2024-09-01T10:00:00Z,SIMULATED,555.0,299.7
IR-12424,SUPERFAST,NDLS,PRYJ,KNP-PRYJ-SEC-B,45.0,23.5,33.9,,,10.4,114.79740879102638,CLEAR,20.8,0.0,9.0,MEDIUM,5.0,NONE,2024-10-02T10:00:00Z,SIMULATED,555.0,305.5
IR-12424,SUPERFAST,NDLS,PRYJ,KNP-PRYJ-SEC-B,45.0,23.3,31.4,,,8.1,115.94716891316251,CLEAR,23.2,0.0,9.0,LOW,5.0,NONE,2024-11-03T10:00:00Z,SIMULATED,555.0,300.3
IR-12424,SUPERFAST,NDLS,PRYJ,KNP-PRYJ-SEC-B,45.0,22.7,24.9,,,2.2,118.87698193089903,CLEAR,25.6,0.0,9.0,LOW,5.0,NONE,2024-12-04T10:00:00Z,SIMULATED,555.0,287.3
IR-12424,SUPERFAST,NDLS,PRYJ,KNP-PRYJ-SEC-B,45.0,23.9,37.7,,,13.8,113.09148992157772,CLEAR,28.8,0.0,9.0,MEDIUM,5.0,NONE,2024-01-05T10:00:00Z,SIMULATED,555.0,313.3
IR-12424,SUPERFAST,NDLS,PRYJ,KNP-PRYJ-SEC-B,45.0,23.3,31.1,,,7.8,116.12172068566574,CLEAR,32.0,0.0,9.0,LOW,5.0,NONE,2024-02-06T10:00:00Z,SIMULATED,555.0,299.6
IR-12424,SUPERFAST,NDLS,PRYJ,KNP-PRYJ-SEC-B,45.0,24.1,40.2,,,16.1,111.96825351402084,CLEAR,20.8,0.0,9.0,HIGH,5.0,NONE,2024-03-07T10:00:00Z,SIMULATED,555.0,318.5
IR-12424,SUPERFAST,NDLS,PRYJ,KNP-PRYJ-SEC-B,45.0,22.7,24.9,,,2.2,118.9185694324301,CLEAR,23.2,0.0,9.0,LOW,5.0,NONE,2024-04-08T10:00:00Z,SIMULATED,555.0,287.2
IR-12424,SUPERFAST,NDLS,PRYJ,KNP-PRYJ-SEC-B,45.0,23.1,29.7,,,6.6,116.68748564974295,CLEAR,25.6,0.0,9.0,LOW,5.0,NONE,2024-05-09T10:00:00Z,SIMULATED,555.0,297.0
IR-12424,SUPERFAST,NDLS,PRYJ,KNP-PRYJ-SEC-B,45.0,23.8,37.1,,,13.3,113.33065306364152,CLEAR,28.8,0.0,9.0,MEDIUM,5.0,NONE,2024-06-10T10:00:00Z,SIMULATED,555.0,312.1
IR-12424,SUPERFAST,NDLS,PRYJ,KNP-PRYJ-SEC-B,45.0,22.8,25.6,,,2.8,118.57542518290968,CLEAR,32.0,0.0,9.0,LOW,5.0,NONE,2024-07-11T10:00:00Z,SIMULATED,555.0,288.6
IR-12424,SUPERFAST,NDLS,PRYJ,KNP-PRYJ-SEC-B,45.0,24.5,44.1,,,19.6,110.18337221878942,FOGGY,20.8,0.0,1.5,HIGH,5.0,NONE,2024-08-12T10:00:00Z,SIMULATED,555.0,326.8
IR-12424,SUPERFAST,NDLS,PRYJ,KNP-PRYJ-SEC-B,45.0,23.4,32.7,,,9.3,115.37399515486564,LIGHT RAIN,23.2,1.5,4.0,LOW,5.0,NONE,2024-09-13T10:00:00Z,SIMULATED,555.0,302.9
IR-12424,SUPERFAST,NDLS,PRYJ,KNP-PRYJ-SEC-B,45.0,22.6,23.7,,,1.1,119.43837569150296,LIGHT RAIN,25.6,1.5,4.0,LOW,5.0,NONE,2024-10-14T10:00:00Z,SIMULATED,555.0,284.9
IR-12424,SUPERFAST,NDLS,PRYJ,KNP-PRYJ-SEC-B,45.0,23.9,37.7,,,13.8,113.09746299716556,LIGHT RAIN,28.8,1.5,4.0,MEDIUM,5.0,NONE,2024-11-15T10:00:00Z,SIMULATED,555.0,313.2
IR-12424,SUPERFAST,NDLS,PRYJ,KNP-PRYJ-SEC-B,45.0,23.4,32.8,,,9.4,115.31547064262256,LIGHT RAIN,32.0,1.5,4.0,LOW,5.0,NONE,2024-12-16T10:00:00Z,SIMULATED,555.0,303.2
IR-12424,SUPERFAST,NDLS,PRYJ,KNP-PRYJ-SEC-B,90.0,51.2,80.2,,,29.0,105.52216267905187,FOGGY,20.8,0.0,1.5,HIGH,5.0,NONE,2024-01-17T10:00:00Z,SIMULATED,510.0,329.0
IR-12424,SUPERFAST,NDLS,PRYJ,KNP-PRYJ-SEC-B,90.0,49.0,68.8,,,19.8,110.09353073284947,LIGHT RAIN,23.2,1.5,4.0,MEDIUM,5.0,NONE,2024-02-18T10:00:00Z,SIMULATED,510.0,307.7
IR-12424,SUPERFAST,NDLS,PRYJ,KNP-PRYJ-SEC-B,90.0,50.4,76.0,,,25.6,107.21919242507836,LIGHT RAIN,25.6,1.5,4.0,HIGH,5.0,NONE,2024-03-19T10:00:00Z,SIMULATED,510.0,321.0
IR-12424,SUPERFAST,NDLS,PRYJ,KNP-PRYJ-SEC-B,90.0,51.3,80.9,,,29.6,105.18177361893946,LIGHT RAIN,28.8,1.5,4.0,HIGH,5.0,NONE,2024-04-20T10:00:00Z,SIMULATED,510.0,330.5
IR-12424,SUPERFAST,NDLS,PRYJ,KNP-PRYJ-SEC-B,90.0,49.7,72.5,,,22.8,108.59660760014376,LIGHT RAIN,32.0,1.5,4.0,MEDIUM,5.0,NONE,2024-05-21T10:00:00Z,SIMULATED,510.0,314.6
IR-12424,SUPERFAST,NDLS,PRYJ,KNP-PRYJ-SEC-B,90.0,50.4,75.9,,,25.5,107.24450273250255,CLEAR,20.8,0.0,9.0,HIGH,5.0,NONE,2024-06-22T10:00:00Z,SIMULATED,510.0,320.8
IR-12424,SUPERFAST,NDLS,PRYJ,KNP-PRYJ-SEC-B,90.0,49.2,69.7,,,20.5,109.7546802014832,CLEAR,23.2,0.0,9.0,MEDIUM,5.0,NONE,2024-07-23T10:00:00Z,SIMULATED,510.0,309.3
IR-12424,SUPERFAST,NDLS,PRYJ,KNP-PRYJ-SEC-B,90.0,48.9,67.9,,,19.0,110.50795317547608,CLEAR,25.6,0.0,9.0,MEDIUM,5.0,NONE,2024-08-24T10:00:00Z,SIMULATED,510.0,305.9
IR-12424,SUPERFAST,NDLS,PRYJ,KNP-PRYJ-SEC-B,90.0,50.9,78.6,,,27.7,106.16937192280228,CLEAR,28.8,0.0,9.0,HIGH,5.0,NONE,2024-09-25T10:00:00Z,SIMULATED,510.0,325.9
IR-12424,SUPERFAST,NDLS,PRYJ,KNP-PRYJ-SEC-B,90.0,49.5,71.1,,,21.6,109.17958405672996,CLEAR,32.0,0.0,9.0,MEDIUM,5.0,NONE,2024-10-26T10:00:00Z,SIMULATED,510.0,311.9
IR-12424,SUPERFAST,NDLS,PRYJ,KNP-PRYJ-SEC-B,90.0,51.7,82.8,,,31.1,104.44228861884152,CLEAR,20.8,0.0,9.0,HIGH,5.0,NONE,2024-11-27T10:00:00Z,SIMULATED,510.0,334.1
IR-12424,SUPERFAST,NDLS,PRYJ,KNP-PRYJ-SEC-B,90.0,48.9,68.0,,,19.1,110.45738138149176,CLEAR,23.2,0.0,9.0,MEDIUM,5.0,NONE,2024-12-28T10:00:00Z,SIMULATED,510.0,306.1
IR-12424,SUPERFAST,NDLS,PRYJ,KNP-PRYJ-SEC-B,90.0,50.0,74.2,,,24.2,107.89940751418511,CLEAR,25.6,0.0,9.0,MEDIUM,5.0,NONE,2024-01-01T10:00:00Z,SIMULATED,510.0,317.8
IR-12424,SUPERFAST,NDLS,PRYJ,KNP-PRYJ-SEC-B,90.0,50.8,78.2,,,27.4,106.276530152542,CLEAR,28.8,0.0,9.0,HIGH,5.0,NONE,2024-02-02T10:00:00Z,SIMULATED,510.0,325.3
IR-12424,SUPERFAST,NDLS,PRYJ,KNP-PRYJ-SEC-B,90.0,49.8,73.0,,,23.2,108.37523142084748,CLEAR,32.0,0.0,9.0,MEDIUM,5.0,NONE,2024-03-03T10:00:00Z,SIMULATED,510.0,315.6
IR-12424,SUPERFAST,NDLS,PRYJ,KNP-PRYJ-SEC-B,90.0,51.5,81.7,,,30.2,104.92240488357608,FOGGY,20.8,0.0,1.5,HIGH,5.0,NONE,2024-04-04T10:00:00Z,SIMULATED,510.0,331.8
IR-12424,SUPERFAST,NDLS,PRYJ,KNP-PRYJ-SEC-B,90.0,50.5,76.7,,,26.2,106.8982763449647,LIGHT RAIN,23.2,1.5,4.0,HIGH,5.0,NONE,2024-05-05T10:00:00Z,SIMULATED,510.0,322.5
IR-12424,SUPERFAST,NDLS,PRYJ,KNP-PRYJ-SEC-B,90.0,50.1,74.5,,,24.4,107.79517666862333,LIGHT RAIN,25.6,1.5,4.0,MEDIUM,5.0,NONE,2024-06-06T10:00:00Z,SIMULATED,510.0,318.3
IR-12424,SUPERFAST,NDLS,PRYJ,KNP-PRYJ-SEC-B,90.0,51.7,82.8,,,31.1,104.43585488357527,LIGHT RAIN,28.8,1.5,4.0,HIGH,5.0,NONE,2024-07-07T10:00:00Z,SIMULATED,510.0,334.1
IR-12424,SUPERFAST,NDLS,PRYJ,KNP-PRYJ-SEC-B,90.0,49.6,71.7,,,22.1,108.96654780120777,LIGHT RAIN,32.0,1.5,4.0,MEDIUM,5.0,NONE,2024-08-08T10:00:00Z,SIMULATED,510.0,312.9
IR-12424,SUPERFAST,NDLS,PRYJ,KNP-PRYJ-SEC-B,90.0,50.9,78.5,,,27.6,106.1770220518541,CLEAR,20.8,0.0,9.0,HIGH,5.0,NONE,2024-09-09T10:00:00Z,SIMULATED,510.0,325.8
IR-12424,SUPERFAST,NDLS,PRYJ,KNP-PRYJ-SEC-B,90.0,50.1,74.5,,,24.4,107.79839391860462,CLEAR,23.2,0.0,9.0,MEDIUM,5.0,NONE,2024-10-10T10:00:00Z,SIMULATED,510.0,318.3
IR-12424,SUPERFAST,NDLS,PRYJ,KNP-PRYJ-SEC-B,90.0,49.5,71.2,,,21.7,109.15742929044264,CLEAR,25.6,0.0,9.0,MEDIUM,5.0,NONE,2024-11-11T10:00:00Z,SIMULATED,510.0,312.0
IR-12424,SUPERFAST,NDLS,PRYJ,KNP-PRYJ-SEC-B,90.0,50.4,76.3,,,25.9,107.07408071835088,CLEAR,28.8,0.0,9.0,HIGH,5.0,NONE,2024-12-12T10:00:00Z,SIMULATED,510.0,321.7
IR-12424,SUPERFAST,NDLS,PRYJ,KNP-PRYJ-SEC-B,90.0,50.2,75.1,,,24.9,107.53054668044348,CLEAR,32.0,0.0,9.0,MEDIUM,5.0,NONE,2024-01-13T10:00:00Z,SIMULATED,510.0,319.5
IR-12424,SUPERFAST,NDLS,PRYJ,KNP-PRYJ-SEC-B,90.0,51.3,80.6,,,29.3,105.329519674688,CLEAR,20.8,0.0,9.0,HIGH,5.0,NONE,2024-02-14T10:00:00Z,SIMULATED,510.0,329.8
IR-12424,SUPERFAST,NDLS,PRYJ,KNP-PRYJ-SEC-B,90.0,49.7,72.4,,,22.7,108.65019935931544,CLEAR,23.2,0.0,9.0,MEDIUM,5.0,NONE,2024-03-15T10:00:00Z,SIMULATED,510.0,314.3
IR-12424,SUPERFAST,NDLS,PRYJ,KNP-PRYJ-SEC-B,90.0,49.7,72.6,,,22.9,108.5599002252057,CLEAR,25.6,0.0,9.0,MEDIUM,5.0,NONE,2024-04-16T10:00:00Z,SIMULATED,510.0,314.8
IR-12424,SUPERFAST,NDLS,PRYJ,KNP-PRYJ-SEC-B,90.0,51.0,79.2,,,28.2,105.8856237703256,CLEAR,28.8,0.0,9.0,HIGH,5.0,NONE,2024-05-17T10:00:00Z,SIMULATED,510.0,327.2
IR-12424,SUPERFAST,NDLS,PRYJ,KNP-PRYJ-SEC-B,90.0,50.3,75.8,,,25.5,107.25767619025056,CLEAR,32.0,0.0,9.0,HIGH,5.0,NONE,2024-06-18T10:00:00Z,SIMULATED,510.0,320.8
IR-12424,SUPERFAST,NDLS,PRYJ,KNP-PRYJ-SEC-B,90.0,52.1,84.7,,,32.6,103.68973177370552,FOGGY,20.8,0.0,1.5,HIGH,5.0,NONE,2024-07-19T10:00:00Z,SIMULATED,510.0,337.7
IR-12424,SUPERFAST,NDLS,PRYJ,KNP-PRYJ-SEC-B,90.0,50.5,76.8,,,26.3,106.82845496202074,LIGHT RAIN,23.2,1.5,4.0,HIGH,5.0,NONE,2024-08-20T10:00:00Z,SIMULATED,510.0,322.7
IR-12424,SUPERFAST,NDLS,PRYJ,KNP-PRYJ-SEC-B,90.0,49.8,73.0,,,23.2,108.39853932222192,LIGHT RAIN,25.6,1.5,4.0,MEDIUM,5.0,NONE,2024-09-21T10:00:00Z,SIMULATED,510.0,315.5
IR-12424,SUPERFAST,NDLS,PRYJ,KNP-PRYJ-SEC-B,90.0,51.2,80.3,,,29.1,105.44536547429456,LIGHT RAIN,28.8,1.5,4.0,HIGH,5.0,NONE,2024-10-22T10:00:00Z,SIMULATED,510.0,329.3
IR-12424,SUPERFAST,NDLS,PRYJ,KNP-PRYJ-SEC-B,90.0,49.3,70.0,,,20.7,109.63086546983986,LIGHT RAIN,32.0,1.5,4.0,MEDIUM,5.0,NONE,2024-11-23T10:00:00Z,SIMULATED,510.0,309.8
IR-12424,SUPERFAST,NDLS,PRYJ,KNP-PRYJ-SEC-B,135.0,84.3,132.2,,,47.9,96.0698174992616,FOGGY,20.8,0.0,1.5,HIGH,5.0,NONE,2024-12-24T10:00:00Z,SIMULATED,465.0,353.3
IR-12424,SUPERFAST,NDLS,PRYJ,KNP-PRYJ-SEC-B,135.0,82.5,126.1,,,43.6,98.195227264353,LIGHT RAIN,23.2,1.5,4.0,HIGH,5.0,NONE,2024-01-25T10:00:00Z,SIMULATED,465.0,342.7
IR-12424,SUPERFAST,NDLS,PRYJ,KNP-PRYJ-SEC-B,135.0,80.9,120.7,,,39.8,100.10386070820633,LIGHT RAIN,25.6,1.5,4.0,HIGH,5.0,NONE,2024-02-26T10:00:00Z,SIMULATED,465.0,333.5
IR-12424,SUPERFAST,NDLS,PRYJ,KNP-PRYJ-SEC-B,135.0,83.8,130.5,,,46.7,96.65238050169508,LIGHT RAIN,28.8,1.5,4.0,HIGH,5.0,NONE,2024-03-27T10:00:00Z,SIMULATED,465.0,350.4
IR-12424,SUPERFAST,NDLS,PRYJ,KNP-PRYJ-SEC-B,135.0,81.8,123.8,,,42.0,98.99701634207018,LIGHT RAIN,32.0,1.5,4.0,HIGH,5.0,NONE,2024-04-28T10:00:00Z,SIMULATED,465.0,338.8
IR-12424,SUPERFAST,NDLS,PRYJ,KNP-PRYJ-SEC-B,135.0,83.7,130.1,,,46.4,96.8196734623116,CLEAR,20.8,0.0,9.0,HIGH,5.0,NONE,2024-05-01T10:00:00Z,SIMULATED,465.0,349.6
IR-12424,SUPERFAST,NDLS,PRYJ,KNP-PRYJ-SEC-B,135.0,79.9,117.0,,,37.1,101.43929731146702,CLEAR,23.2,0.0,9.0,HIGH,5.0,NONE,2024-06-02T10:00:00Z,SIMULATED,465.0,327.1
IR-12424,SUPERFAST,NDLS,PRYJ,KNP-PRYJ-SEC-B,135.0,81.9,124.0,,,42.1,98.93109129212698,CLEAR,25.6,0.0,9.0,HIGH,5.0,NONE,2024-07-03T10:00:00Z,SIMULATED,465.0,339.1
IR-12424,SUPERFAST,NDLS,PRYJ,KNP-PRYJ-SEC-B,135.0,84.6,133.1,,,48.5,95.75203402278876,CLEAR,28.8,0.0,9.0,HIGH,5.0,NONE,2024-08-04T10:00:00Z,SIMULATED,465.0,354.9
IR-12424,SUPERFAST,NDLS,PRYJ,KNP-PRYJ-SEC-B,135.0,81.5,122.7,,,41.2,99.4218510705912,CLEAR,32.0,0.0,9.0,HIGH,5.0,NONE,2024-09-05T10:00:00Z,SIMULATED,465.0,336.8
IR-12424,SUPERFAST,NDLS,PRYJ,KNP-PRYJ-SEC-B,135.0,84.0,131.2,,,47.2,96.41563662780996,CLEAR,20.8,0.0,9.0,HIGH,5.0,NONE,2024-10-06T10:00:00Z,SIMULATED,465.0,351.6
IR-12424,SUPERFAST,NDLS,PRYJ,KNP-PRYJ-SEC-B,135.0,82.4,125.8,,,43.4,98.29662135972674,CLEAR,23.2,0.0,9.0,HIGH,5.0,NONE,2024-11-07T10:00:00Z,SIMULATED,465.0,342.2
IR-12424,SUPERFAST,NDLS,PRYJ,KNP-PRYJ-SEC-B,135.0,80.1,117.8,,,37.7,101.1732497089458,CLEAR,25.6,0.0,9.0,HIGH,5.0,NONE,2024-12-08T10:00:00Z,SIMULATED,465.0,328.5
IR-12424,SUPERFAST,NDLS,PRYJ,KNP-PRYJ-SEC-B,135.0,83.5,129.4,,,45.9,97.04866489019253,CLEAR,28.8,0.0,9.0,HIGH,5.0,NONE,2024-01-09T10:00:00Z,SIMULATED,465.0,348.4
IR-12424,SUPERFAST,NDLS,PRYJ,KNP-PRYJ-SEC-B,135.0,80.6,119.7,,,39.1,100.46128968170562,CLEAR,32.0,0.0,9.0,HIGH,5.0,NONE,2024-02-10T10:00:00Z,SIMULATED,465.0,331.8
IR-12424,SUPERFAST,NDLS,PRYJ,KNP-PRYJ-SEC-B,135.0,85.2,135.1,,,49.9,95.02634727338209,FOGGY,20.8,0.0,1.5,HIGH,5.0,NONE,2024-03-11T10:00:00Z,SIMULATED,465.0,358.5
IR-12424,SUPERFAST,NDLS,PRYJ,KNP-PRYJ-SEC-B,135.0,81.2,121.8,,,40.6,99.7154079415491,LIGHT RAIN,23.2,1.5,4.0,HIGH,5.0,NONE,2024-04-12T10:00:00Z,SIMULATED,465.0,335.4
IR-12424,SUPERFAST,NDLS,PRYJ,KNP-PRYJ-SEC-B,135.0,80.7,120.0,,,39.3,100.34125102136346,LIGHT RAIN,25.6,1.5,4.0,HIGH,5.0,NONE,2024-05-13T10:00:00Z,SIMULATED,465.0,332.4
IR-12424,SUPERFAST,NDLS,PRYJ,KNP-PRYJ-SEC-B,135.0,83.8,130.5,,,46.7,96.64161941330076,LIGHT RAIN,28.8,1.5,4.0,HIGH,5.0,NONE,2024-06-14T10:00:00Z,SIMULATED,465.0,350.4
IR-12424,SUPERFAST,NDLS,PRYJ,KNP-PRYJ-SEC-B,135.0,81.9,124.0,,,42.1,98.95888469115752,LIGHT RAIN,32.0,1.5,4.0,HIGH,5.0,NONE,2024-07-15T10:00:00Z,SIMULATED,465.0,339.0
IR-12424,SUPERFAST,NDLS,PRYJ,KNP-PRYJ-SEC-B,135.0,82.2,125.1,,,42.9,98.56218561837429,CLEAR,20.8,0.0,9.0,HIGH,5.0,NONE,2024-08-16T10:00:00Z,SIMULATED,465.0,341.0
IR-12424,SUPERFAST,NDLS,PRYJ,KNP-PRYJ-SEC-B,135.0,82.4,125.9,,,43.5,98.24161773135673,CLEAR,23.2,0.0,9.0,HIGH,5.0,NONE,2024-09-17T10:00:00Z,SIMULATED,465.0,342.5
IR-12424,SUPERFAST,NDLS,PRYJ,KNP-PRYJ-SEC-B,135.0,80.2,118.2,,,38.0,100.97576482784471,CLEAR,25.6,0.0,9.0,HIGH,5.0,NONE,2024-10-18T10:00:00Z,SIMULATED,465.0,329.3
IR-12424,SUPERFAST,NDLS,PRYJ,KNP-PRYJ-SEC-B,135.0,82.6,126.5,,,43.9,98.06893807274342,CLEAR,28.8,0.0,9.0,HIGH,5.0,NONE,2024-11-19T10:00:00Z,SIMULATED,465.0,343.4
IR-12424,SUPERFAST,NDLS,PRYJ,KNP-PRYJ-SEC-B,135.0,82.1,124.8,,,42.7,98.63792419746508,CLEAR,32.0,0.0,9.0,HIGH,5.0,NONE,2024-12-20T10:00:00Z,SIMULATED,465.0,340.6
IR-12424,SUPERFAST,NDLS,PRYJ,KNP-PRYJ-SEC-B,135.0,83.3,128.8,,,45.5,97.24786852956493,CLEAR,20.8,0.0,9.0,HIGH,5.0,NONE,2024-01-21T10:00:00Z,SIMULATED,465.0,347.4
IR-12424,SUPERFAST,NDLS,PRYJ,KNP-PRYJ-SEC-B,135.0,80.0,117.6,,,37.6,101.21867954086186,CLEAR,23.2,0.0,9.0,HIGH,5.0,NONE,2024-02-22T10:00:00Z,SIMULATED,465.0,328.2
IR-12424,SUPERFAST,NDLS,PRYJ,KNP-PRYJ-SEC-B,135.0,82.1,124.7,,,42.6,98.70438289371302,CLEAR,25.6,0.0,9.0,HIGH,5.0,NONE,2024-03-23T10:00:00Z,SIMULATED,465.0,340.3
IR-12424,SUPERFAST,NDLS,PRYJ,KNP-PRYJ-SEC-B,135.0,84.3,132.2,,,47.9,96.05300705114324,CLEAR,28.8,0.0,9.0,HIGH,5.0,NONE,2024-04-24T10:00:00Z,SIMULATED,465.0,353.4
IR-12424,SUPERFAST,NDLS,PRYJ,KNP-PRYJ-SEC-B,135.0,80.8,120.2,,,39.4,100.27709812680143,CLEAR,32.0,0.0,9.0,HIGH,5.0,NONE,2024-05-25T10:00:00Z,SIMULATED,465.0,332.6
IR-12424,SUPERFAST,NDLS,PRYJ,KNP-PRYJ-SEC-B,135.0,86.0,137.5,,,51.5,94.23695496897744,FOGGY,20.8,0.0,1.5,HIGH,5.0,NONE,2024-06-26T10:00:00Z,SIMULATED,465.0,362.6
IR-12424,SUPERFAST,NDLS,PRYJ,KNP-PRYJ-SEC-B,135.0,81.2,121.6,,,40.4,99.7778600545161,LIGHT RAIN,23.2,1.5,4.0,HIGH,5.0,NONE,2024-07-27T10:00:00Z,SIMULATED,465.0,335.0
IR-12424,SUPERFAST,NDLS,PRYJ,KNP-PRYJ-SEC-B,135.0,81.7,123.5,,,41.8,99.11208513111724,LIGHT RAIN,25.6,1.5,4.0,HIGH,5.0,NONE,2024-08-28T10:00:00Z,SIMULATED,465.0,338.3
IR-12424,SUPERFAST,NDLS,PRYJ,KNP-PRYJ-SEC-B,135.0,84.9,134.1,,,49.2,95.40362093628347,LIGHT RAIN,28.8,1.5,4.0,HIGH,5.0,NONE,2024-09-01T10:00:00Z,SIMULATED,465.0,356.6
IR-12424,SUPERFAST,NDLS,PRYJ,KNP-PRYJ-SEC-B,135.0,80.4,118.9,,,38.5,100.77171974453849,LIGHT RAIN,32.0,1.5,4.0,HIGH,5.0,NONE,2024-10-02T10:00:00Z,SIMULATED,465.0,330.4
IR-12424,SUPERFAST,NDLS,PRYJ,KNP-PRYJ-SEC-B,180.0,106.1,142.4,,,36.3,101.8269297336605,FOGGY,20.8,0.0,1.5,HIGH,5.0,NONE,2024-11-03T10:00:00Z,SIMULATED,420.0,303.8
IR-12424,SUPERFAST,NDLS,PRYJ,KNP-PRYJ-SEC-B,180.0,104.3,137.2,,,32.9,103.5575188868971,LIGHT RAIN,23.2,1.5,4.0,HIGH,5.0,NONE,2024-12-04T10:00:00Z,SIMULATED,420.0,296.2
IR-12424,SUPERFAST,NDLS,PRYJ,KNP-PRYJ-SEC-B,180.0,106.9,144.8,,,37.9,101.06244765482012,LIGHT RAIN,25.6,1.5,4.0,HIGH,5.0,NONE,2024-01-05T10:00:00Z,SIMULATED,420.0,307.3
IR-12424,SUPERFAST,NDLS,PRYJ,KNP-PRYJ-SEC-B,180.0,110.0,153.6,,,43.6,98.19230534424004,LIGHT RAIN,28.8,1.5,4.0,HIGH,5.0,NONE,2024-02-06T10:00:00Z,SIMULATED,420.0,320.2
IR-12424,SUPERFAST,NDLS,PRYJ,KNP-PRYJ-SEC-B,180.0,105.7,141.4,,,35.7,102.15547769530376,LIGHT RAIN,32.0,1.5,4.0,HIGH,5.0,NONE,2024-03-07T10:00:00Z,SIMULATED,420.0,302.4
IR-12424,SUPERFAST,NDLS,PRYJ,KNP-PRYJ-SEC-B,180.0,107.8,147.4,,,39.6,100.2171669159078,CLEAR,20.8,0.0,9.0,HIGH,5.0,NONE,2024-04-08T10:00:00Z,SIMULATED,420.0,311.1
IR-12424,SUPERFAST,NDLS,PRYJ,KNP-PRYJ-SEC-B,180.0,103.4,134.4,,,31.0,104.49267712802416,CLEAR,23.2,0.0,9.0,HIGH,5.0,NONE,2024-05-09T10:00:00Z,SIMULATED,420.0,292.2
IR-12424,SUPERFAST,NDLS,PRYJ,KNP-PRYJ-SEC-B,180.0,104.4,137.6,,,33.2,103.4045918583494,CLEAR,25.6,0.0,9.0,HIGH,5.0,NONE,2024-06-10T10:00:00Z,SIMULATED,420.0,296.9
IR-12424,SUPERFAST,NDLS,PRYJ,KNP-PRYJ-SEC-B,180.0,107.2,145.7,,,38.5,100.76940509459686,CLEAR,28.8,0.0,9.0,HIGH,5.0,NONE,2024-07-11T10:00:00Z,SIMULATED,420.0,308.6
IR-12424,SUPERFAST,NDLS,PRYJ,KNP-PRYJ-SEC-B,180.0,104.9,138.9,,,34.0,103.00404790537377,CLEAR,32.0,0.0,9.0,HIGH,5.0,NONE,2024-08-12T10:00:00Z,SIMULATED,420.0,298.7
IR-12424,SUPERFAST,NDLS,PRYJ,KNP-PRYJ-SEC-B,180.0,110.1,154.0,,,43.9,98.05809882196966,CLEAR,20.8,0.0,9.0,HIGH,5.0,NONE,2024-09-13T10:00:00Z,SIMULATED,420.0,320.9
IR-12424,SUPERFAST,NDLS,PRYJ,KNP-PRYJ-SEC-B,180.0,104.7,138.4,,,33.7,103.1562560050078,CLEAR,23.2,0.0,9.0,HIGH,5.0,NONE,2024-10-14T10:00:00Z,SIMULATED,420.0,298.0
IR-12424,SUPERFAST,NDLS,PRYJ,KNP-PRYJ-SEC-B,180.0,103.7,135.4,,,31.7,104.14527840856267,CLEAR,25.6,0.0,9.0,HIGH,5.0,NONE,2024-11-15T10:00:00Z,SIMULATED,420.0,293.7
IR-12424,SUPERFAST,NDLS,PRYJ,KNP-PRYJ-SEC-B,180.0,108.7,150.0,,,41.3,99.36429427085568,CLEAR,28.8,0.0,9.0,HIGH,5.0,NONE,2024-12-16T10:00:00Z,SIMULATED,420.0,314.9
IR-12424,SUPERFAST,NDLS,PRYJ,KNP-PRYJ-SEC-B,180.0,104.6,138.1,,,33.5,103.24186236913982,CLEAR,32.0,0.0,9.0,HIGH,5.0,NONE,2024-01-17T10:00:00Z,SIMULATED,420.0,297.6
IR-12424,SUPERFAST,NDLS,PRYJ,KNP-PRYJ-SEC-B,180.0,108.9,150.6,,,41.7,99.14690566594402,FOGGY,20.8,0.0,1.5,HIGH,5.0,NONE,2024-02-18T10:00:00Z,SIMULATED,420.0,315.9
IR-12424,SUPERFAST,NDLS,PRYJ,KNP-PRYJ-SEC-B,180.0,105.8,141.6,,,35.8,102.10925338658984,LIGHT RAIN,23.2,1.5,4.0,HIGH,5.0,NONE,2024-03-19T10:00:00Z,SIMULATED,420.0,302.6
IR-12424,SUPERFAST,NDLS,PRYJ,KNP-PRYJ-SEC-B,180.0,105.2,139.9,,,34.7,102.66195337116828,LIGHT RAIN,25.6,1.5,4.0,HIGH,5.0,NONE,2024-04-20T10:00:00Z,SIMULATED,420.0,300.2
IR-12424,SUPERFAST,NDLS,PRYJ,KNP-PRYJ-SEC-B,180.0,108.3,148.8,,,40.5,99.75693442403904,LIGHT RAIN,28.8,1.5,4.0,HIGH,5.0,NONE,2024-05-21T10:00:00Z,SIMULATED,420.0,313.1
IR-12424,SUPERFAST,NDLS,PRYJ,KNP-PRYJ-SEC-B,180.0,105.1,139.7,,,34.6,102.71221856231509,LIGHT RAIN,32.0,1.5,4.0,HIGH,5.0,NONE,2024-06-22T10:00:00Z,SIMULATED,420.0,299.9
IR-12424,SUPERFAST,NDLS,PRYJ,KNP-PRYJ-SEC-B,180.0,108.7,150.0,,,41.3,99.3316095369298,CLEAR,20.8,0.0,9.0,HIGH,5.0,NONE,2024-07-23T10:00:00Z,SIMULATED,420.0,315.0
IR-12424,SUPERFAST,NDLS,PRYJ,KNP-PRYJ-SEC-B,180.0,105.1,139.6,,,34.5,102.73123159315624,CLEAR,23.2,0.0,9.0,HIGH,5.0,NONE,2024-08-24T10:00:00Z,SIMULATED,420.0,299.8
IR-12424,SUPERFAST,NDLS,PRYJ,KNP-PRYJ-SEC-B,180.0,103.7,135.4,,,31.7,104.16789813255096,CLEAR,25.6,0.0,9.0,HIGH,5.0,NONE,2024-09-25T10:00:00Z,SIMULATED,420.0,293.6
IR-12424,SUPERFAST,NDLS,PRYJ,KNP-PRYJ-SEC-B,180.0,106.0,142.2,,,36.2,101.91181312236716,CLEAR,28.8,0.0,9.0,HIGH,5.0,NONE,2024-10-26T10:00:00Z,SIMULATED,420.0,303.5
IR-12424,SUPERFAST,NDLS,PRYJ,KNP-PRYJ-SEC-B,180.0,105.1,139.6,,,34.5,102.72933395476102,CLEAR,32.0,0.0,9.0,HIGH,5.0,NONE,2024-11-27T10:00:00Z,SIMULATED,420.0,299.8
IR-12424,SUPERFAST,NDLS,PRYJ,KNP-PRYJ-SEC-B,180.0,107.5,146.5,,,39.0,100.49181514695888,CLEAR,20.8,0.0,9.0,HIGH,5.0,NONE,2024-12-28T10:00:00Z,SIMULATED,420.0,309.8
IR-12424,SUPERFAST,NDLS,PRYJ,KNP-PRYJ-SEC-B,180.0,104.3,137.2,,,32.9,103.55262997211904,CLEAR,23.2,0.0,9.0,HIGH,5.0,NONE,2024-01-01T10:00:00Z,SIMULATED,420.0,296.3
IR-12424,SUPERFAST,NDLS,PRYJ,KNP-PRYJ-SEC-B,180.0,105.0,139.2,,,34.2,102.88757097428146,CLEAR,25.6,0.0,9.0,HIGH,5.0,NONE,2024-02-02T10:00:00Z,SIMULATED,420.0,299.1
IR-12424,SUPERFAST,NDLS,PRYJ,KNP-PRYJ-SEC-B,180.0,107.3,146.0,,,38.7,100.65773342451536,CLEAR,28.8,0.0,9.0,HIGH,5.0,NONE,2024-03-03T10:00:00Z,SIMULATED,420.0,309.1
IR-12424,SUPERFAST,NDLS,PRYJ,KNP-PRYJ-SEC-B,180.0,106.6,144.0,,,37.4,101.29285140361448,CLEAR,32.0,0.0,9.0,HIGH,5.0,NONE,2024-04-04T10:00:00Z,SIMULATED,420.0,306.2
IR-12424,SUPERFAST,NDLS,PRYJ,KNP-PRYJ-SEC-B,180.0,110.2,154.1,,,43.9,98.04200789057424,FOGGY,20.8,0.0,1.5,HIGH,5.0,NONE,2024-05-05T10:00:00Z,SIMULATED,420.0,320.9
IR-12424,SUPERFAST,NDLS,PRYJ,KNP-PRYJ-SEC-B,180.0,103.8,135.7,,,31.9,104.05299007477508,LIGHT RAIN,23.2,1.5,4.0,HIGH,5.0,NONE,2024-06-06T10:00:00Z,SIMULATED,420.0,294.1
IR-12424,SUPERFAST,NDLS,PRYJ,KNP-PRYJ-SEC-B,180.0,103.9,136.1,,,32.2,103.91259323531676,LIGHT RAIN,25.6,1.5,4.0,HIGH,5.0,NONE,2024-07-07T10:00:00Z,SIMULATED,420.0,294.7
IR-12424,SUPERFAST,NDLS,PRYJ,KNP-PRYJ-SEC-B,180.0,110.1,153.9,,,43.8,98.0848531679866,LIGHT RAIN,28.8,1.5,4.0,HIGH,5.0,NONE,2024-08-08T10:00:00Z,SIMULATED,420.0,320.7
IR-12424,SUPERFAST,NDLS,PRYJ,KNP-PRYJ-SEC-B,180.0,106.3,143.0,,,36.7,101.63446250084768,LIGHT RAIN,32.0,1.5,4.0,HIGH,5.0,NONE,2024-09-09T10:00:00Z,SIMULATED,420.0,304.6
IR-12424,SUPERFAST,NDLS,PRYJ,KNP-PRYJ-SEC-B,225.0,142.9,193.9,,,51.0,94.49127213299604,FOGGY,20.8,0.0,1.5,HIGH,5.0,NONE,2024-10-10T10:00:00Z,SIMULATED,375.0,314.1
IR-12424,SUPERFAST,NDLS,PRYJ,KNP-PRYJ-SEC-B,225.0,142.8,193.7,,,50.9,94.54232863467298,LIGHT RAIN,23.2,1.5,4.0,HIGH,5.0,NONE,2024-11-11T10:00:00Z,SIMULATED,375.0,313.9
IR-12424,SUPERFAST,NDLS,PRYJ,KNP-PRYJ-SEC-B,225.0,141.4,190.4,,,49.0,95.49873012940932,LIGHT RAIN,25.6,1.5,4.0,HIGH,5.0,NONE,2024-12-12T10:00:00Z,SIMULATED,375.0,309.6
IR-12424,SUPERFAST,NDLS,PRYJ,KNP-PRYJ-SEC-B,225.0,143.2,194.7,,,51.5,94.26985628907694,LIGHT RAIN,28.8,1.5,4.0,HIGH,5.0,NONE,2024-01-13T10:00:00Z,SIMULATED,375.0,315.2
IR-12424,SUPERFAST,NDLS,PRYJ,KNP-PRYJ-SEC-B,225.0,142.8,193.8,,,51.0,94.50860207096991,LIGHT RAIN,32.0,1.5,4.0,HIGH,5.0,NONE,2024-02-14T10:00:00Z,SIMULATED,375.0,314.1
IR-12424,SUPERFAST,NDLS,PRYJ,KNP-PRYJ-SEC-B,225.0,146.8,202.8,,,56.0,91.9769256092159,CLEAR,20.8,0.0,9.0,HIGH,5.0,NONE,2024-03-15T10:00:00Z,SIMULATED,375.0,325.6
IR-12424,SUPERFAST,NDLS,PRYJ,KNP-PRYJ-SEC-B,225.0,138.8,184.3,,,45.5,97.2517712239174,CLEAR,23.2,0.0,9.0,HIGH,5.0,NONE,2024-04-16T10:00:00Z,SIMULATED,375.0,301.9
IR-12424,SUPERFAST,NDLS,PRYJ,KNP-PRYJ-SEC-B,225.0,140.8,189.0,,,48.2,95.90797874059146,CLEAR,25.6,0.0,9.0,HIGH,5.0,NONE,2024-05-17T10:00:00Z,SIMULATED,375.0,307.8
IR-12424,SUPERFAST,NDLS,PRYJ,KNP-PRYJ-SEC-B,225.0,142.4,192.8,,,50.4,94.78653484409422,CLEAR,28.8,0.0,9.0,HIGH,5.0,NONE,2024-06-18T10:00:00Z,SIMULATED,375.0,312.8
IR-12424,SUPERFAST,NDLS,PRYJ,KNP-PRYJ-SEC-B,225.0,138.9,184.5,,,45.6,97.19200836572703,CLEAR,32.0,0.0,9.0,HIGH,5.0,NONE,2024-07-19T10:00:00Z,SIMULATED,375.0,302.1
IR-12424,SUPERFAST,NDLS,PRYJ,KNP-PRYJ-SEC-B,225.0,145.7,200.4,,,54.7,92.64892124660832,CLEAR,20.8,0.0,9.0,HIGH,5.0,NONE,2024-08-20T10:00:00Z,SIMULATED,375.0,322.6
IR-12424,SUPERFAST,NDLS,PRYJ,KNP-PRYJ-SEC-B,225.0,139.3,185.5,,,46.2,96.92120808661303,CLEAR,23.2,0.0,9.0,HIGH,5.0,NONE,2024-09-21T10:00:00Z,SIMULATED,375.0,303.3
IR-12424,SUPERFAST,NDLS,PRYJ,KNP-PRYJ-SEC-B,225.0,139.2,185.3,,,46.1,96.97214935937332,CLEAR,25.6,0.0,9.0,HIGH,5.0,NONE,2024-10-22T10:00:00Z,SIMULATED,375.0,303.1
IR-12424,SUPERFAST,NDLS,PRYJ,KNP-PRYJ-SEC-B,225.0,141.9,191.6,,,49.7,95.1516042008812,CLEAR,28.8,0.0,9.0,HIGH,5.0,NONE,2024-11-23T10:00:00Z,SIMULATED,375.0,311.2
IR-12424,SUPERFAST,NDLS,PRYJ,KNP-PRYJ-SEC-B,225.0,137.9,182.2,,,44.3,97.87053189935108,CLEAR,32.0,0.0,9.0,HIGH,5.0,NONE,2024-12-24T10:00:00Z,SIMULATED,375.0,299.2
IR-12424,SUPERFAST,NDLS,PRYJ,KNP-PRYJ-SEC-B,225.0,145.6,200.2,,,54.6,92.70238050339518,FOGGY,20.8,0.0,1.5,HIGH,5.0,NONE,2024-01-25T10:00:00Z,SIMULATED,375.0,322.3
IR-12424,SUPERFAST,NDLS,PRYJ,KNP-PRYJ-SEC-B,225.0,142.7,193.5,,,50.8,94.5982905939889,LIGHT RAIN,23.2,1.5,4.0,HIGH,5.0,NONE,2024-02-26T10:00:00Z,SIMULATED,375.0,313.6
IR-12424,SUPERFAST,NDLS,PRYJ,KNP-PRYJ-SEC-B,225.0,140.0,187.2,,,47.2,96.39594614361586,LIGHT RAIN,25.6,1.5,4.0,HIGH,5.0,NONE,2024-03-27T10:00:00Z,SIMULATED,375.0,305.6
IR-12424,SUPERFAST,NDLS,PRYJ,KNP-PRYJ-SEC-B,225.0,139.8,186.7,,,46.9,96.53328988711264,LIGHT RAIN,28.8,1.5,4.0,HIGH,5.0,NONE,2024-04-28T10:00:00Z,SIMULATED,375.0,305.0
IR-12424,SUPERFAST,NDLS,PRYJ,KNP-PRYJ-SEC-B,225.0,139.1,185.0,,,45.9,97.07204855175824,LIGHT RAIN,32.0,1.5,4.0,HIGH,5.0,NONE,2024-05-01T10:00:00Z,SIMULATED,375.0,302.7
IR-12424,SUPERFAST,NDLS,PRYJ,KNP-PRYJ-SEC-B,225.0,141.1,189.7,,,48.6,95.69717473675524,CLEAR,20.8,0.0,9.0,HIGH,5.0,NONE,2024-06-02T10:00:00Z,SIMULATED,375.0,308.7
IR-12424,SUPERFAST,NDLS,PRYJ,KNP-PRYJ-SEC-B,225.0,138.9,184.5,,,45.6,97.18940670652157,CLEAR,23.2,0.0,9.0,HIGH,5.0,NONE,2024-07-03T10:00:00Z,SIMULATED,375.0,302.1
IR-12424,SUPERFAST,NDLS,PRYJ,KNP-PRYJ-SEC-B,225.0,139.7,186.5,,,46.8,96.6037883484906,CLEAR,25.6,0.0,9.0,HIGH,5.0,NONE,2024-08-04T10:00:00Z,SIMULATED,375.0,304.7
IR-12424,SUPERFAST,NDLS,PRYJ,KNP-PRYJ-SEC-B,225.0,145.0,198.7,,,53.7,93.13122078291283,CLEAR,28.8,0.0,9.0,HIGH,5.0,NONE,2024-09-05T10:00:00Z,SIMULATED,375.0,320.3
IR-12424,SUPERFAST,NDLS,PRYJ,KNP-PRYJ-SEC-B,225.0,139.3,185.5,,,46.2,96.88335227266118,CLEAR,32.0,0.0,9.0,HIGH,5.0,NONE,2024-10-06T10:00:00Z,SIMULATED,375.0,303.4
IR-12424,SUPERFAST,NDLS,PRYJ,KNP-PRYJ-SEC-B,225.0,147.3,204.0,,,56.7,91.66518146493311,CLEAR,20.8,0.0,9.0,HIGH,5.0,NONE,2024-11-07T10:00:00Z,SIMULATED,375.0,327.2
IR-12424,SUPERFAST,NDLS,PRYJ,KNP-PRYJ-SEC-B,225.0,139.9,186.9,,,47.0,96.47888802996924,CLEAR,23.2,0.0,9.0,HIGH,5.0,NONE,2024-12-08T10:00:00Z,SIMULATED,375.0,305.2
IR-12424,SUPERFAST,NDLS,PRYJ,KNP-PRYJ-SEC-B,225.0,139.3,185.5,,,46.2,96.90122894806984,CLEAR,25.6,0.0,9.0,HIGH,5.0,NONE,2024-01-09T10:00:00Z,SIMULATED,375.0,303.4
IR-12424,SUPERFAST,NDLS,PRYJ,KNP-PRYJ-SEC-B,225.0,143.1,194.5,,,51.4,94.31507334008208,CLEAR,28.8,0.0,9.0,HIGH,5.0,NONE,2024-02-10T10:00:00Z,SIMULATED,375.0,315.0
IR-12424,SUPERFAST,NDLS,PRYJ,KNP-PRYJ-SEC-B,225.0,139.1,185.0,,,45.9,97.05440738207282,CLEAR,32.0,0.0,9.0,HIGH,5.0,NONE,2024-03-11T10:00:00Z,SIMULATED,375.0,302.7
IR-12424,SUPERFAST,NDLS,PRYJ,KNP-PRYJ-SEC-B,225.0,147.3,204.0,,,56.7,91.63731985570088,FOGGY,20.8,0.0,1.5,HIGH,5.0,NONE,2024-04-12T10:00:00Z,SIMULATED,375.0,327.2
IR-12424,SUPERFAST,NDLS,PRYJ,KNP-PRYJ-SEC-B,225.0,140.2,187.6,,,47.4,96.27749316071927,LIGHT RAIN,23.2,1.5,4.0,HIGH,5.0,NONE,2024-05-13T10:00:00Z,SIMULATED,375.0,306.1
IR-12424,SUPERFAST,NDLS,PRYJ,KNP-PRYJ-SEC-B,225.0,141.5,190.7,,,49.2,95.3966607797388,LIGHT RAIN,25.6,1.5,4.0,HIGH,5.0,NONE,2024-06-14T10:00:00Z,SIMULATED,375.0,310.1
IR-12424,SUPERFAST,NDLS,PRYJ,KNP-PRYJ-SEC-B,225.0,145.8,200.6,,,54.8,92.59483094817564,LIGHT RAIN,28.8,1.5,4.0,HIGH,5.0,NONE,2024-07-15T10:00:00Z,SIMULATED,375.0,322.8
IR-12424,SUPERFAST,NDLS,PRYJ,KNP-PRYJ-SEC-B,225.0,144.0,196.6,,,52.6,93.72497557581504,LIGHT RAIN,32.0,1.5,4.0,HIGH,5.0,NONE,2024-08-16T10:00:00Z,SIMULATED,375.0,317.7
IR-12424,SUPERFAST,NDLS,PRYJ,KNP-PRYJ-SEC-B,270.0,169.6,218.5,,,48.9,95.53609215746476,FOGGY,20.8,0.0,1.5,HIGH,5.0,NONE,2024-09-17T10:00:00Z,SIMULATED,330.0,286.2
IR-12424,SUPERFAST,NDLS,PRYJ,KNP-PRYJ-SEC-B,270.0,161.3,200.4,,,39.1,100.42529790178811,LIGHT RAIN,23.2,1.5,4.0,HIGH,5.0,NONE,2024-10-18T10:00:00Z,SIMULATED,330.0,266.3
IR-12424,SUPERFAST,NDLS,PRYJ,KNP-PRYJ-SEC-B,270.0,157.9,192.7,,,34.8,102.588603897952,LIGHT RAIN,25.6,1.5,4.0,HIGH,5.0,NONE,2024-11-19T10:00:00Z,SIMULATED,330.0,257.8
IR-12424,SUPERFAST,NDLS,PRYJ,KNP-PRYJ-SEC-B,270.0,166.4,211.7,,,45.3,97.36007270253594,LIGHT RAIN,28.8,1.5,4.0,HIGH,5.0,NONE,2024-12-20T10:00:00Z,SIMULATED,330.0,278.7
IR-12424,SUPERFAST,NDLS,PRYJ,KNP-PRYJ-SEC-B,270.0,158.9,195.0,,,36.1,101.94433736944276,LIGHT RAIN,32.0,1.5,4.0,HIGH,5.0,NONE,2024-01-21T10:00:00Z,SIMULATED,330.0,260.3
IR-12424,SUPERFAST,NDLS,PRYJ,KNP-PRYJ-SEC-B,270.0,163.4,205.1,,,41.7,99.16671895207146,CLEAR,20.8,0.0,9.0,HIGH,5.0,NONE,2024-02-22T10:00:00Z,SIMULATED,330.0,271.4
IR-12424,SUPERFAST,NDLS,PRYJ,KNP-PRYJ-SEC-B,270.0,156.8,190.2,,,33.4,103.31960682032602,CLEAR,23.2,0.0,9.0,HIGH,5.0,NONE,2024-03-23T10:00:00Z,SIMULATED,330.0,255.0
IR-12424,SUPERFAST,NDLS,PRYJ,KNP-PRYJ-SEC-B,270.0,158.1,193.1,,,35.0,102.48237498031276,CLEAR,25.6,0.0,9.0,HIGH,5.0,NONE,2024-04-24T10:00:00Z,SIMULATED,330.0,258.2
IR-12424,SUPERFAST,NDLS,PRYJ,KNP-PRYJ-SEC-B,270.0,163.2,204.7,,,41.5,99.25397051942296,CLEAR,28.8,0.0,9.0,HIGH,5.0,NONE,2024-05-25T10:00:00Z,SIMULATED,330.0,271.0
IR-12424,SUPERFAST,NDLS,PRYJ,KNP-PRYJ-SEC-B,270.0,158.6,194.3,,,35.7,102.16588334121091,CLEAR,32.0,0.0,9.0,HIGH,5.0,NONE,2024-06-26T10:00:00Z,SIMULATED,330.0,259.5
IR-12424,SUPERFAST,NDLS,PRYJ,KNP-PRYJ-SEC-B,270.0,164.5,207.6,,,43.1,98.46252601976634,CLEAR,20.8,0.0,9.0,HIGH,5.0,NONE,2024-07-27T10:00:00Z,SIMULATED,330.0,274.2
IR-12424,SUPERFAST,NDLS,PRYJ,KNP-PRYJ-SEC-B,270.0,154.6,185.0,,,30.4,104.7834356479478,CLEAR,23.2,0.0,9.0,HIGH,5.0,NONE,2024-08-28T10:00:00Z,SIMULATED,330.0,249.4
IR-12424,SUPERFAST,NDLS,PRYJ,KNP-PRYJ-SEC-B,270.0,162.5,203.1,,,40.6,99.6905475005803,CLEAR,25.6,0.0,9.0,HIGH,5.0,NONE,2024-09-01T10:00:00Z,SIMULATED,330.0,269.2
IR-12424,SUPERFAST,NDLS,PRYJ,KNP-PRYJ-SEC-B,270.0,167.3,213.6,,,46.3,96.8437011857704,CLEAR,28.8,0.0,9.0,HIGH,5.0,NONE,2024-10-02T10:00:00Z,SIMULATED,330.0,280.8
IR-12424,SUPERFAST,NDLS,PRYJ,KNP-PRYJ-SEC-B,270.0,159.0,195.2,,,36.2,101.90938396374868,CLEAR,32.0,0.0,9.0,HIGH,5.0,NONE,2024-11-03T10:00:00Z,SIMULATED,330.0,260.5
IR-12424,SUPERFAST,NDLS,PRYJ,KNP-PRYJ-SEC-B,270.0,166.7,212.4,,,45.7,97.170059952446,FOGGY,20.8,0.0,1.5,HIGH,5.0,NONE,2024-12-04T10:00:00Z,SIMULATED,330.0,279.5
IR-12424,SUPERFAST,NDLS,PRYJ,KNP-PRYJ-SEC-B,270.0,160.8,199.3,,,38.5,100.77397571597406,LIGHT RAIN,23.2,1.5,4.0,HIGH,5.0,NONE,2024-01-05T10:00:00Z,SIMULATED,330.0,265.0
IR-12424,SUPERFAST,NDLS,PRYJ,KNP-PRYJ-SEC-B,270.0,160.5,198.6,,,38.1,100.95584500583507,LIGHT RAIN,25.6,1.5,4.0,HIGH,5.0,NONE,2024-02-06T10:00:00Z,SIMULATED,330.0,264.2
IR-12424,SUPERFAST,NDLS,PRYJ,KNP-PRYJ-SEC-B,270.0,167.6,214.3,,,46.7,96.66443006326836,LIGHT RAIN,28.8,1.5,4.0,HIGH,5.0,NONE,2024-03-07T10:00:00Z,SIMULATED,330.0,281.5
IR-12424,SUPERFAST,NDLS,PRYJ,KNP-PRYJ-SEC-B,270.0,160.7,199.1,,,38.4,100.78601450048332,LIGHT RAIN,32.0,1.5,4.0,HIGH,5.0,NONE,2024-04-08T10:00:00Z,SIMULATED,330.0,264.9
IR-12424,SUPERFAST,NDLS,PRYJ,KNP-PRYJ-SEC-B,270.0,163.9,206.2,,,42.3,98.83450853354084,CLEAR,20.8,0.0,9.0,HIGH,5.0,NONE,2024-05-09T10:00:00Z,SIMULATED,330.0,272.6
IR-12424,SUPERFAST,NDLS,PRYJ,KNP-PRYJ-SEC-B,270.0,165.4,209.5,,,44.1,97.951305372398,CLEAR,23.2,0.0,9.0,HIGH,5.0,NONE,2024-06-10T10:00:00Z,SIMULATED,330.0,276.2
IR-12424,SUPERFAST,NDLS,PRYJ,KNP-PRYJ-SEC-B,270.0,160.1,197.7,,,37.6,101.18724326924664,CLEAR,25.6,0.0,9.0,HIGH,5.0,NONE,2024-07-11T10:00:00Z,SIMULATED,330.0,263.3
IR-12424,SUPERFAST,NDLS,PRYJ,KNP-PRYJ-SEC-B,270.0,162.0,202.1,,,40.1,99.96995249757792,CLEAR,28.8,0.0,9.0,HIGH,5.0,NONE,2024-08-12T10:00:00Z,SIMULATED,330.0,268.2
IR-12424,SUPERFAST,NDLS,PRYJ,KNP-PRYJ-SEC-B,270.0,160.6,198.9,,,38.3,100.86113474090472,CLEAR,32.0,0.0,9.0,HIGH,5.0,NONE,2024-09-13T10:00:00Z,SIMULATED,330.0,264.6
IR-12424,SUPERFAST,NDLS,PRYJ,KNP-PRYJ-SEC-B,270.0,164.3,207.1,,,42.8,98.584356532713,CLEAR,20.8,0.0,9.0,HIGH,5.0,NONE,2024-10-14T10:00:00Z,SIMULATED,330.0,273.6
IR-12424,SUPERFAST,NDLS,PRYJ,KNP-PRYJ-SEC-B,270.0,159.2,195.7,,,36.5,101.7537015823294,CLEAR,23.2,0.0,9.0,HIGH,5.0,NONE,2024-11-15T10:00:00Z,SIMULATED,330.0,261.1
IR-12424,SUPERFAST,NDLS,PRYJ,KNP-PRYJ-SEC-B,270.0,157.2,191.0,,,33.8,103.08052287475654,CLEAR,25.6,0.0,9.0,HIGH,5.0,NONE,2024-12-16T10:00:00Z,SIMULATED,330.0,255.9
IR-12424,SUPERFAST,NDLS,PRYJ,KNP-PRYJ-SEC-B,270.0,166.3,211.5,,,45.2,97.39252166813804,CLEAR,28.8,0.0,9.0,HIGH,5.0,NONE,2024-01-17T10:00:00Z,SIMULATED,330.0,278.5
IR-12424,SUPERFAST,NDLS,PRYJ,KNP-PRYJ-SEC-B,270.0,158.6,194.3,,,35.7,102.16602611348968,CLEAR,32.0,0.0,9.0,HIGH,5.0,NONE,2024-02-18T10:00:00Z,SIMULATED,330.0,259.5
IR-12424,SUPERFAST,NDLS,PRYJ,KNP-PRYJ-SEC-B,270.0,166.8,212.5,,,45.7,97.13456393431149,FOGGY,20.8,0.0,1.5,HIGH,5.0,NONE,2024-03-19T10:00:00Z,SIMULATED,330.0,279.5
IR-12424,SUPERFAST,NDLS,PRYJ,KNP-PRYJ-SEC-B,270.0,159.7,196.8,,,37.1,101.4385197040521,LIGHT RAIN,23.2,1.5,4.0,HIGH,5.0,NONE,2024-04-20T10:00:00Z,SIMULATED,330.0,262.3
IR-12424,SUPERFAST,NDLS,PRYJ,KNP-PRYJ-SEC-B,270.0,158.9,195.0,,,36.1,101.92513145323912,LIGHT RAIN,25.6,1.5,4.0,HIGH,5.0,NONE,2024-05-21T10:00:00Z,SIMULATED,330.0,260.4
IR-12424,SUPERFAST,NDLS,PRYJ,KNP-PRYJ-SEC-B,270.0,165.7,210.1,,,44.4,97.77643983301188,LIGHT RAIN,28.8,1.5,4.0,HIGH,5.0,NONE,2024-06-22T10:00:00Z,SIMULATED,330.0,276.9
IR-12424,SUPERFAST,NDLS,PRYJ,KNP-PRYJ-SEC-B,270.0,162.6,203.3,,,40.7,99.64730688884656,LIGHT RAIN,32.0,1.5,4.0,HIGH,5.0,NONE,2024-07-23T10:00:00Z,SIMULATED,330.0,269.4
IR-12424,SUPERFAST,NDLS,PRYJ,KNP-PRYJ-SEC-B,315.0,185.2,221.1,,,35.9,102.03384978617235,FOGGY,20.8,0.0,1.5,HIGH,5.0,NONE,2024-08-24T10:00:00Z,SIMULATED,285.0,238.5
IR-12424,SUPERFAST,NDLS,PRYJ,KNP-PRYJ-SEC-B,315.0,177.2,203.9,,,26.7,106.6470782362881,LIGHT RAIN,23.2,1.5,4.0,HIGH,5.0,NONE,2024-09-25T10:00:00Z,SIMULATED,285.0,222.0
IR-12424,SUPERFAST,NDLS,PRYJ,KNP-PRYJ-SEC-B,315.0,177.4,204.3,,,26.9,106.53970528565596,LIGHT RAIN,25.6,1.5,4.0,HIGH,5.0,NONE,2024-10-26T10:00:00Z,SIMULATED,285.0,222.4
IR-12424,SUPERFAST,NDLS,PRYJ,KNP-PRYJ-SEC-B,315.0,182.1,214.5,,,32.4,103.78780508337476,LIGHT RAIN,28.8,1.5,4.0,HIGH,5.0,NONE,2024-11-27T10:00:00Z,SIMULATED,285.0,232.2
IR-12424,SUPERFAST,NDLS,PRYJ,KNP-PRYJ-SEC-B,315.0,175.1,199.2,,,24.1,107.93180936278144,LIGHT RAIN,32.0,1.5,4.0,MEDIUM,5.0,NONE,2024-12-28T10:00:00Z,SIMULATED,285.0,217.5
IR-12424,SUPERFAST,NDLS,PRYJ,KNP-PRYJ-SEC-B,315.0,182.1,214.5,,,32.4,103.80173226686196,CLEAR,20.8,0.0,9.0,HIGH,5.0,NONE,2024-01-01T10:00:00Z,SIMULATED,285.0,232.1
IR-12424,SUPERFAST,NDLS,PRYJ,KNP-PRYJ-SEC-B,315.0,176.7,202.7,,,26.0,106.98790637824646,CLEAR,23.2,0.0,9.0,HIGH,5.0,NONE,2024-02-02T10:00:00Z,SIMULATED,285.0,220.8
IR-12424,SUPERFAST,NDLS,PRYJ,KNP-PRYJ-SEC-B,315.0,175.5,200.2,,,24.7,107.66884919092077,CLEAR,25.6,0.0,9.0,MEDIUM,5.0,NONE,2024-03-03T10:00:00Z,SIMULATED,285.0,218.5
IR-12424,SUPERFAST,NDLS,PRYJ,KNP-PRYJ-SEC-B,315.0,184.5,219.6,,,35.1,102.4251823613288,CLEAR,28.8,0.0,9.0,HIGH,5.0,NONE,2024-04-04T10:00:00Z,SIMULATED,285.0,237.1
IR-12424,SUPERFAST,NDLS,PRYJ,KNP-PRYJ-SEC-B,315.0,176.8,202.9,,,26.1,106.92883446335964,CLEAR,32.0,0.0,9.0,HIGH,5.0,NONE,2024-05-05T10:00:00Z,SIMULATED,285.0,221.0
IR-12424,SUPERFAST,NDLS,PRYJ,KNP-PRYJ-SEC-B,315.0,183.0,216.5,,,33.5,103.2550514470351,CLEAR,20.8,0.0,9.0,HIGH,5.0,NONE,2024-06-06T10:00:00Z,SIMULATED,285.0,234.1
IR-12424,SUPERFAST,NDLS,PRYJ,KNP-PRYJ-SEC-B,315.0,174.5,197.9,,,23.4,108.28307224298432,CLEAR,23.2,0.0,9.0,MEDIUM,5.0,NONE,2024-07-07T10:00:00Z,SIMULATED,285.0,216.3
IR-12424,SUPERFAST,NDLS,PRYJ,KNP-PRYJ-SEC-B,315.0,175.7,200.6,,,24.9,107.55512038505208,CLEAR,25.6,0.0,9.0,MEDIUM,5.0,NONE,2024-08-08T10:00:00Z,SIMULATED,285.0,218.9
IR-12424,SUPERFAST,NDLS,PRYJ,KNP-PRYJ-SEC-B,315.0,183.3,217.1,,,33.8,103.10888144050227,CLEAR,28.8,0.0,9.0,HIGH,5.0,NONE,2024-09-09T10:00:00Z,SIMULATED,285.0,234.6
IR-12424,SUPERFAST,NDLS,PRYJ,KNP-PRYJ-SEC-B,315.0,179.5,209.0,,,29.5,105.2646654183762,CLEAR,32.0,0.0,9.0,HIGH,5.0,NONE,2024-10-10T10:00:00Z,SIMULATED,285.0,226.9
IR-12424,SUPERFAST,NDLS,PRYJ,KNP-PRYJ-SEC-B,315.0,184.4,219.5,,,35.1,102.47302397310692,FOGGY,20.8,0.0,1.5,HIGH,5.0,NONE,2024-11-11T10:00:00Z,SIMULATED,285.0,237.0
IR-12424,SUPERFAST,NDLS,PRYJ,KNP-PRYJ-SEC-B,315.0,178.5,206.7,,,28.2,105.89567564013792,LIGHT RAIN,23.2,1.5,4.0,HIGH,5.0,NONE,2024-12-12T10:00:00Z,SIMULATED,285.0,224.7
IR-12424,SUPERFAST,NDLS,PRYJ,KNP-PRYJ-SEC-B,315.0,179.4,208.7,,,29.3,105.3345189849108,LIGHT RAIN,25.6,1.5,4.0,HIGH,5.0,NONE,2024-01-13T10:00:00Z,SIMULATED,285.0,226.6
IR-12424,SUPERFAST,NDLS,PRYJ,KNP-PRYJ-SEC-B,315.0,186.1,223.0,,,36.9,101.55461189944052,LIGHT RAIN,28.8,1.5,4.0,HIGH,5.0,NONE,2024-02-14T10:00:00Z,SIMULATED,285.0,240.3
IR-12424,SUPERFAST,NDLS,PRYJ,KNP-PRYJ-SEC-B,315.0,177.6,204.7,,,27.1,106.44355305461931,LIGHT RAIN,32.0,1.5,4.0,HIGH,5.0,NONE,2024-03-15T10:00:00Z,SIMULATED,285.0,222.7
IR-12424,SUPERFAST,NDLS,PRYJ,KNP-PRYJ-SEC-B,315.0,183.2,216.8,,,33.6,103.18466624861092,CLEAR,20.8,0.0,9.0,HIGH,5.0,NONE,2024-04-16T10:00:00Z,SIMULATED,285.0,234.3
IR-12424,SUPERFAST,NDLS,PRYJ,KNP-PRYJ-SEC-B,315.0,179.0,207.8,,,28.8,105.59580940456526,CLEAR,23.2,0.0,9.0,HIGH,5.0,NONE,2024-05-17T10:00:00Z,SIMULATED,285.0,225.7
IR-12424,SUPERFAST,NDLS,PRYJ,KNP-PRYJ-SEC-B,315.0,177.6,204.8,,,27.2,106.41644284490378,CLEAR,25.6,0.0,9.0,HIGH,5.0,NONE,2024-06-18T10:00:00Z,SIMULATED,285.0,222.9
IR-12424,SUPERFAST,NDLS,PRYJ,KNP-PRYJ-SEC-B,315.0,182.9,216.3,,,33.4,103.30959904787542,CLEAR,28.8,0.0,9.0,HIGH,5.0,NONE,2024-07-19T10:00:00Z,SIMULATED,285.0,233.9
IR-12424,SUPERFAST,NDLS,PRYJ,KNP-PRYJ-SEC-B,315.0,175.9,201.0,,,25.1,107.44366460936914,CLEAR,32.0,0.0,9.0,HIGH,5.0,NONE,2024-08-20T10:00:00Z,SIMULATED,285.0,219.3
IR-12424,SUPERFAST,NDLS,PRYJ,KNP-PRYJ-SEC-B,315.0,182.7,215.8,,,33.1,103.473117606296,CLEAR,20.8,0.0,9.0,HIGH,5.0,NONE,2024-09-21T10:00:00Z,SIMULATED,285.0,233.4
IR-12424,SUPERFAST,NDLS,PRYJ,KNP-PRYJ-SEC-B,315.0,176.3,201.8,,,25.5,107.2314311387995,CLEAR,23.2,0.0,9.0,HIGH,5.0,NONE,2024-10-22T10:00:00Z,SIMULATED,285.0,220.0
IR-12424,SUPERFAST,NDLS,PRYJ,KNP-PRYJ-SEC-B,315.0,175.4,199.9,,,24.5,107.75366207850064,CLEAR,25.6,0.0,9.0,MEDIUM,5.0,NONE,2024-11-23T10:00:00Z,SIMULATED,285.0,218.2
IR-12424,SUPERFAST,NDLS,PRYJ,KNP-PRYJ-SEC-B,315.0,180.6,211.3,,,30.7,104.6630539971742,CLEAR,28.8,0.0,9.0,HIGH,5.0,NONE,2024-12-24T10:00:00Z,SIMULATED,285.0,229.1
IR-12424,SUPERFAST,NDLS,PRYJ,KNP-PRYJ-SEC-B,315.0,173.6,195.9,,,22.3,108.86870044447662,CLEAR,32.0,0.0,9.0,MEDIUM,5.0,NONE,2024-01-25T10:00:00Z,SIMULATED,285.0,214.4
IR-12424,SUPERFAST,NDLS,PRYJ,KNP-PRYJ-SEC-B,315.0,185.9,222.5,,,36.6,101.68267029227805,FOGGY,20.8,0.0,1.5,HIGH,5.0,NONE,2024-02-26T10:00:00Z,SIMULATED,285.0,239.8
IR-12424,SUPERFAST,NDLS,PRYJ,KNP-PRYJ-SEC-B,315.0,178.0,205.6,,,27.6,106.20845207051951,LIGHT RAIN,23.2,1.5,4.0,HIGH,5.0,NONE,2024-03-27T10:00:00Z,SIMULATED,285.0,223.6
IR-12424,SUPERFAST,NDLS,PRYJ,KNP-PRYJ-SEC-B,315.0,181.6,213.4,,,31.8,104.07595775828688,LIGHT RAIN,25.6,1.5,4.0,HIGH,5.0,NONE,2024-04-28T10:00:00Z,SIMULATED,285.0,231.1
IR-12424,SUPERFAST,NDLS,PRYJ,KNP-PRYJ-SEC-B,315.0,185.2,221.1,,,35.9,102.0479459735293,LIGHT RAIN,28.8,1.5,4.0,HIGH,5.0,NONE,2024-05-01T10:00:00Z,SIMULATED,285.0,238.5
IR-12424,SUPERFAST,NDLS,PRYJ,KNP-PRYJ-SEC-B,315.0,174.3,197.4,,,23.1,108.43316005047188,LIGHT RAIN,32.0,1.5,4.0,MEDIUM,5.0,NONE,2024-06-02T10:00:00Z,SIMULATED,285.0,215.8
IR-12424,SUPERFAST,NDLS,PRYJ,KNP-PRYJ-SEC-B,360.0,217.5,258.9,,,41.4,99.31004662718048,FOGGY,20.8,0.0,1.5,HIGH,5.0,NONE,2024-07-03T10:00:00Z,SIMULATED,240.0,226.4
IR-12424,SUPERFAST,NDLS,PRYJ,KNP-PRYJ-SEC-B,360.0,211.8,247.8,,,36.0,101.98313028157538,LIGHT RAIN,23.2,1.5,4.0,HIGH,5.0,NONE,2024-08-04T10:00:00Z,SIMULATED,240.0,217.2
IR-12424,SUPERFAST,NDLS,PRYJ,KNP-PRYJ-SEC-B,360.0,204.8,233.9,,,29.1,105.44715750411012,LIGHT RAIN,25.6,1.5,4.0,HIGH,5.0,NONE,2024-09-05T10:00:00Z,SIMULATED,240.0,205.7
IR-12424,SUPERFAST,NDLS,PRYJ,KNP-PRYJ-SEC-B,360.0,217.5,258.9,,,41.4,99.28818234407348,LIGHT RAIN,28.8,1.5,4.0,HIGH,5.0,NONE,2024-10-06T10:00:00Z,SIMULATED,240.0,226.4
IR-12424,SUPERFAST,NDLS,PRYJ,KNP-PRYJ-SEC-B,360.0,214.0,252.1,,,38.1,100.94490278557456,LIGHT RAIN,32.0,1.5,4.0,HIGH,5.0,NONE,2024-11-07T10:00:00Z,SIMULATED,240.0,220.8
IR-12424,SUPERFAST,NDLS,PRYJ,KNP-PRYJ-SEC-B,360.0,212.3,248.9,,,36.6,101.72402308338206,CLEAR,20.8,0.0,9.0,HIGH,5.0,NONE,2024-12-08T10:00:00Z,SIMULATED,240.0,218.2
IR-12424,SUPERFAST,NDLS,PRYJ,KNP-PRYJ-SEC-B,360.0,208.8,241.9,,,33.1,103.43729109859912,CLEAR,23.2,0.0,9.0,HIGH,5.0,NONE,2024-01-09T10:00:00Z,SIMULATED,240.0,212.3
IR-12424,SUPERFAST,NDLS,PRYJ,KNP-PRYJ-SEC-B,360.0,207.4,239.1,,,31.7,104.1386506853806,CLEAR,25.6,0.0,9.0,HIGH,5.0,NONE,2024-02-10T10:00:00Z,SIMULATED,240.0,210.0
IR-12424,SUPERFAST,NDLS,PRYJ,KNP-PRYJ-SEC-B,360.0,216.7,257.3,,,40.6,99.67502520113318,CLEAR,28.8,0.0,9.0,HIGH,5.0,NONE,2024-03-11T10:00:00Z,SIMULATED,240.0,225.1
IR-12424,SUPERFAST,NDLS,PRYJ,KNP-PRYJ-SEC-B,360.0,206.9,238.1,,,31.2,104.3805648737088,CLEAR,32.0,0.0,9.0,HIGH,5.0,NONE,2024-04-12T10:00:00Z,SIMULATED,240.0,209.2
IR-12424,SUPERFAST,NDLS,PRYJ,KNP-PRYJ-SEC-B,360.0,217.3,258.5,,,41.2,99.4237010671497,CLEAR,20.8,0.0,9.0,HIGH,5.0,NONE,2024-05-13T10:00:00Z,SIMULATED,240.0,226.0
IR-12424,SUPERFAST,NDLS,PRYJ,KNP-PRYJ-SEC-B,360.0,207.5,239.3,,,31.8,104.09542916220266,CLEAR,23.2,0.0,9.0,HIGH,5.0,NONE,2024-06-14T10:00:00Z,SIMULATED,240.0,210.1
IR-12424,SUPERFAST,NDLS,PRYJ,KNP-PRYJ-SEC-B,360.0,212.6,249.4,,,36.8,101.61754035858002,CLEAR,25.6,0.0,9.0,HIGH,5.0,NONE,2024-07-15T10:00:00Z,SIMULATED,240.0,218.5
IR-12424,SUPERFAST,NDLS,PRYJ,KNP-PRYJ-SEC-B,360.0,216.2,256.4,,,40.2,99.89118031871767,CLEAR,28.8,0.0,9.0,HIGH,5.0,NONE,2024-08-16T10:00:00Z,SIMULATED,240.0,224.4
IR-12424,SUPERFAST,NDLS,PRYJ,KNP-PRYJ-SEC-B,360.0,211.5,247.2,,,35.7,102.14861396566772,CLEAR,32.0,0.0,9.0,HIGH,5.0,NONE,2024-09-17T10:00:00Z,SIMULATED,240.0,216.7
IR-12424,SUPERFAST,NDLS,PRYJ,KNP-PRYJ-SEC-B,360.0,216.5,257.0,,,40.5,99.74845637034002,FOGGY,20.8,0.0,1.5,HIGH,5.0,NONE,2024-10-18T10:00:00Z,SIMULATED,240.0,224.9
IR-12424,SUPERFAST,NDLS,PRYJ,KNP-PRYJ-SEC-B,360.0,208.6,241.5,,,32.9,103.54388216847092,LIGHT RAIN,23.2,1.5,4.0,HIGH,5.0,NONE,2024-11-19T10:00:00Z,SIMULATED,240.0,212.0
IR-12424,SUPERFAST,NDLS,PRYJ,KNP-PRYJ-SEC-B,360.0,212.8,249.8,,,37.0,101.50849115818744,LIGHT RAIN,25.6,1.5,4.0,HIGH,5.0,NONE,2024-12-20T10:00:00Z,SIMULATED,240.0,218.9
IR-12424,SUPERFAST,NDLS,PRYJ,KNP-PRYJ-SEC-B,360.0,221.0,265.5,,,44.5,97.73756337559684,LIGHT RAIN,28.8,1.5,4.0,HIGH,5.0,NONE,2024-01-21T10:00:00Z,SIMULATED,240.0,231.8
IR-12424,SUPERFAST,NDLS,PRYJ,KNP-PRYJ-SEC-B,360.0,214.7,253.4,,,38.7,100.6251131866957,LIGHT RAIN,32.0,1.5,4.0,HIGH,5.0,NONE,2024-02-22T10:00:00Z,SIMULATED,240.0,221.8
IR-12424,SUPERFAST,NDLS,PRYJ,KNP-PRYJ-SEC-B,360.0,216.7,257.3,,,40.6,99.69099778590478,CLEAR,20.8,0.0,9.0,HIGH,5.0,NONE,2024-03-23T10:00:00Z,SIMULATED,240.0,225.0
IR-12424,SUPERFAST,NDLS,PRYJ,KNP-PRYJ-SEC-B,360.0,213.6,251.3,,,37.7,101.13560477527466,CLEAR,23.2,0.0,9.0,HIGH,5.0,NONE,2024-04-24T10:00:00Z,SIMULATED,240.0,220.1
IR-12424,SUPERFAST,NDLS,PRYJ,KNP-PRYJ-SEC-B,360.0,208.3,240.9,,,32.6,103.719442490947,CLEAR,25.6,0.0,9.0,HIGH,5.0,NONE,2024-05-25T10:00:00Z,SIMULATED,240.0,211.4
IR-12424,SUPERFAST,NDLS,PRYJ,KNP-PRYJ-SEC-B,360.0,218.0,259.8,,,41.8,99.09721169102396,CLEAR,28.8,0.0,9.0,HIGH,5.0,NONE,2024-06-26T10:00:00Z,SIMULATED,240.0,227.1
IR-12424,SUPERFAST,NDLS,PRYJ,KNP-PRYJ-SEC-B,360.0,210.3,244.9,,,34.6,102.7096225302064,CLEAR,32.0,0.0,9.0,HIGH,5.0,NONE,2024-07-27T10:00:00Z,SIMULATED,240.0,214.8
IR-12424,SUPERFAST,NDLS,PRYJ,KNP-PRYJ-SEC-B,360.0,215.8,255.6,,,39.8,100.09218685971383,CLEAR,20.8,0.0,9.0,HIGH,5.0,NONE,2024-08-28T10:00:00Z,SIMULATED,240.0,223.7
IR-12424,SUPERFAST,NDLS,PRYJ,KNP-PRYJ-SEC-B,360.0,210.3,244.9,,,34.6,102.69772651930369,CLEAR,23.2,0.0,9.0,HIGH,5.0,NONE,2024-09-01T10:00:00Z,SIMULATED,240.0,214.8
IR-12424,SUPERFAST,NDLS,PRYJ,KNP-PRYJ-SEC-B,360.0,204.0,232.2,,,28.2,105.90303890753118,CLEAR,25.6,0.0,9.0,HIGH,5.0,NONE,2024-10-02T10:00:00Z,SIMULATED,240.0,204.2
IR-12424,SUPERFAST,NDLS,PRYJ,KNP-PRYJ-SEC-B,360.0,222.3,268.0,,,45.7,97.15444660575524,CLEAR,28.8,0.0,9.0,HIGH,5.0,NONE,2024-11-03T10:00:00Z,SIMULATED,240.0,233.9
IR-12424,SUPERFAST,NDLS,PRYJ,KNP-PRYJ-SEC-B,360.0,209.3,242.9,,,33.6,103.20126766012132,CLEAR,32.0,0.0,9.0,HIGH,5.0,NONE,2024-12-04T10:00:00Z,SIMULATED,240.0,213.1
IR-12424,SUPERFAST,NDLS,PRYJ,KNP-PRYJ-SEC-B,360.0,222.7,268.7,,,46.0,96.98606739349952,FOGGY,20.8,0.0,1.5,HIGH,5.0,NONE,2024-01-05T10:00:00Z,SIMULATED,240.0,234.5
IR-12424,SUPERFAST,NDLS,PRYJ,KNP-PRYJ-SEC-B,360.0,211.6,247.4,,,35.8,102.08375019056793,LIGHT RAIN,23.2,1.5,4.0,HIGH,5.0,NONE,2024-02-06T10:00:00Z,SIMULATED,240.0,216.9
IR-12424,SUPERFAST,NDLS,PRYJ,KNP-PRYJ-SEC-B,360.0,211.7,247.6,,,35.9,102.03619305855707,LIGHT RAIN,25.6,1.5,4.0,HIGH,5.0,NONE,2024-03-07T10:00:00Z,SIMULATED,240.0,217.0
IR-12424,SUPERFAST,NDLS,PRYJ,KNP-PRYJ-SEC-B,360.0,218.2,260.2,,,42.0,98.99501176780748,LIGHT RAIN,28.8,1.5,4.0,HIGH,5.0,NONE,2024-04-08T10:00:00Z,SIMULATED,240.0,227.5
IR-12424,SUPERFAST,NDLS,PRYJ,KNP-PRYJ-SEC-B,360.0,212.3,248.8,,,36.5,101.7577079264424,LIGHT RAIN,32.0,1.5,4.0,HIGH,5.0,NONE,2024-05-09T10:00:00Z,SIMULATED,240.0,218.0
IR-12424,SUPERFAST,NDLS,PRYJ,KNP-PRYJ-SEC-B,405.0,245.5,287.5,,,42.0,98.9862851049232,FOGGY,20.8,0.0,1.5,HIGH,5.0,NONE,2024-06-10T10:00:00Z,SIMULATED,195.0,205.2
IR-12424,SUPERFAST,NDLS,PRYJ,KNP-PRYJ-SEC-B,405.0,242.1,281.4,,,39.3,100.37069809615602,LIGHT RAIN,23.2,1.5,4.0,HIGH,5.0,NONE,2024-07-11T10:00:00Z,SIMULATED,195.0,200.9
IR-12424,SUPERFAST,NDLS,PRYJ,KNP-PRYJ-SEC-B,405.0,237.9,273.6,,,35.7,102.133088469377,LIGHT RAIN,25.6,1.5,4.0,HIGH,5.0,NONE,2024-08-12T10:00:00Z,SIMULATED,195.0,195.3
IR-12424,SUPERFAST,NDLS,PRYJ,KNP-PRYJ-SEC-B,405.0,247.5,291.1,,,43.6,98.1761904408894,LIGHT RAIN,28.8,1.5,4.0,HIGH,5.0,NONE,2024-09-13T10:00:00Z,SIMULATED,195.0,207.8
IR-12424,SUPERFAST,NDLS,PRYJ,KNP-PRYJ-SEC-B,405.0,238.2,274.2,,,36.0,102.00611058090551,LIGHT RAIN,32.0,1.5,4.0,HIGH,5.0,NONE,2024-10-14T10:00:00Z,SIMULATED,195.0,195.7
IR-12424,SUPERFAST,NDLS,PRYJ,KNP-PRYJ-SEC-B,405.0,241.2,279.7,,,38.5,100.74167000648036,CLEAR,20.8,0.0,9.0,HIGH,5.0,NONE,2024-11-15T10:00:00Z,SIMULATED,195.0,199.6
IR-12424,SUPERFAST,NDLS,PRYJ,KNP-PRYJ-SEC-B,405.0,234.2,266.7,,,32.5,103.74733830658651,CLEAR,23.2,0.0,9.0,HIGH,5.0,NONE,2024-12-16T10:00:00Z,SIMULATED,195.0,190.3
IR-12424,SUPERFAST,NDLS,PRYJ,KNP-PRYJ-SEC-B,405.0,235.8,269.7,,,33.9,103.07276211655422,CLEAR,25.6,0.0,9.0,HIGH,5.0,NONE,2024-01-17T10:00:00Z,SIMULATED,195.0,192.4
IR-12424,SUPERFAST,NDLS,PRYJ,KNP-PRYJ-SEC-B,405.0,244.1,285.0,,,40.9,99.5465102661959,CLEAR,28.8,0.0,9.0,HIGH,5.0,NONE,2024-02-18T10:00:00Z,SIMULATED,195.0,203.4
IR-12424,SUPERFAST,NDLS,PRYJ,KNP-PRYJ-SEC-B,405.0,236.7,271.4,,,34.7,102.64539722330868,CLEAR,32.0,0.0,9.0,HIGH,5.0,NONE,2024-03-19T10:00:00Z,SIMULATED,195.0,193.7
IR-12424,SUPERFAST,NDLS,PRYJ,KNP-PRYJ-SEC-B,405.0,245.2,287.0,,,41.8,99.08749835659349,CLEAR,20.8,0.0,9.0,HIGH,5.0,NONE,2024-04-20T10:00:00Z,SIMULATED,195.0,204.9
IR-12424,SUPERFAST,NDLS,PRYJ,KNP-PRYJ-SEC-B,405.0,239.3,276.2,,,36.9,101.56516200909714,CLEAR,23.2,0.0,9.0,HIGH,5.0,NONE,2024-05-21T10:00:00Z,SIMULATED,195.0,197.1
IR-12424,SUPERFAST,NDLS,PRYJ,KNP-PRYJ-SEC-B,405.0,237.0,271.9,,,34.9,102.5337778813569,CLEAR,25.6,0.0,9.0,HIGH,5.0,NONE,2024-06-22T10:00:00Z,SIMULATED,195.0,194.0
IR-12424,SUPERFAST,NDLS,PRYJ,KNP-PRYJ-SEC-B,405.0,242.6,282.3,,,39.7,100.15637728723844,CLEAR,28.8,0.0,9.0,HIGH,5.0,NONE,2024-07-23T10:00:00Z,SIMULATED,195.0,201.5
IR-12424,SUPERFAST,NDLS,PRYJ,KNP-PRYJ-SEC-B,405.0,238.4,274.5,,,36.1,101.92799775639516,CLEAR,32.0,0.0,9.0,HIGH,5.0,NONE,2024-08-24T10:00:00Z,SIMULATED,195.0,195.9
IR-12424,SUPERFAST,NDLS,PRYJ,KNP-PRYJ-SEC-B,405.0,251.3,297.9,,,46.6,96.69904930705128,FOGGY,20.8,0.0,1.5,HIGH,5.0,NONE,2024-09-25T10:00:00Z,SIMULATED,195.0,212.6
IR-12424,SUPERFAST,NDLS,PRYJ,KNP-PRYJ-SEC-B,405.0,233.1,264.6,,,31.5,104.25915684525135,LIGHT RAIN,23.2,1.5,4.0,HIGH,5.0,NONE,2024-10-26T10:00:00Z,SIMULATED,195.0,188.7
IR-12424,SUPERFAST,NDLS,PRYJ,KNP-PRYJ-SEC-B,405.0,238.6,274.9,,,36.3,101.86312806647388,LIGHT RAIN,25.6,1.5,4.0,HIGH,5.0,NONE,2024-11-27T10:00:00Z,SIMULATED,195.0,196.2
IR-12424,SUPERFAST,NDLS,PRYJ,KNP-PRYJ-SEC-B,405.0,247.5,291.1,,,43.6,98.19650619114576,LIGHT RAIN,28.8,1.5,4.0,HIGH,5.0,NONE,2024-12-28T10:00:00Z,SIMULATED,195.0,207.7
IR-12424,SUPERFAST,NDLS,PRYJ,KNP-PRYJ-SEC-B,405.0,237.1,272.1,,,35.0,102.50084334502546,LIGHT RAIN,32.0,1.5,4.0,HIGH,5.0,NONE,2024-01-01T10:00:00Z,SIMULATED,195.0,194.1
IR-12424,SUPERFAST,NDLS,PRYJ,KNP-PRYJ-SEC-B,405.0,241.6,280.5,,,38.9,100.56055054276273,CLEAR,20.8,0.0,9.0,HIGH,5.0,NONE,2024-02-02T10:00:00Z,SIMULATED,195.0,200.2
IR-12424,SUPERFAST,NDLS,PRYJ,KNP-PRYJ-SEC-B,405.0,235.6,269.3,,,33.7,103.14794746892716,CLEAR,23.2,0.0,9.0,HIGH,5.0,NONE,2024-03-03T10:00:00Z,SIMULATED,195.0,192.1
IR-12424,SUPERFAST,NDLS,PRYJ,KNP-PRYJ-SEC-B,405.0,232.0,262.5,,,30.5,104.72872802981888,CLEAR,25.6,0.0,9.0,HIGH,5.0,NONE,2024-04-04T10:00:00Z,SIMULATED,195.0,187.2
IR-12424,SUPERFAST,NDLS,PRYJ,KNP-PRYJ-SEC-B,405.0,246.9,290.0,,,43.1,98.42561018502356,CLEAR,28.8,0.0,9.0,HIGH,5.0,NONE,2024-05-05T10:00:00Z,SIMULATED,195.0,207.0
IR-12424,SUPERFAST,NDLS,PRYJ,KNP-PRYJ-SEC-B,405.0,231.8,262.2,,,30.4,104.81585118272722,CLEAR,32.0,0.0,9.0,HIGH,5.0,NONE,2024-06-06T10:00:00Z,SIMULATED,195.0,187.0
IR-12424,SUPERFAST,NDLS,PRYJ,KNP-PRYJ-SEC-B,405.0,243.9,284.6,,,40.7,99.6434789066543,CLEAR,20.8,0.0,9.0,HIGH,5.0,NONE,2024-07-07T10:00:00Z,SIMULATED,195.0,203.1
IR-12424,SUPERFAST,NDLS,PRYJ,KNP-PRYJ-SEC-B,405.0,236.3,270.6,,,34.3,102.85057276846466,CLEAR,23.2,0.0,9.0,HIGH,5.0,NONE,2024-08-08T10:00:00Z,SIMULATED,195.0,193.1
IR-12424,SUPERFAST,NDLS,PRYJ,KNP-PRYJ-SEC-B,405.0,239.7,276.9,,,37.2,101.3780019287792,CLEAR,25.6,0.0,9.0,HIGH,5.0,NONE,2024-09-09T10:00:00Z,SIMULATED,195.0,197.6
IR-12424,SUPERFAST,NDLS,PRYJ,KNP-PRYJ-SEC-B,405.0,245.4,287.3,,,41.9,99.0357410512265,CLEAR,28.8,0.0,9.0,HIGH,5.0,NONE,2024-10-10T10:00:00Z,SIMULATED,195.0,205.0
IR-12424,SUPERFAST,NDLS,PRYJ,KNP-PRYJ-SEC-B,405.0,234.2,266.7,,,32.5,103.74165315566482,CLEAR,32.0,0.0,9.0,HIGH,5.0,NONE,2024-11-11T10:00:00Z,SIMULATED,195.0,190.3
IR-12424,SUPERFAST,NDLS,PRYJ,KNP-PRYJ-SEC-B,405.0,246.5,289.4,,,42.9,98.56391171651164,FOGGY,20.8,0.0,1.5,HIGH,5.0,NONE,2024-12-12T10:00:00Z,SIMULATED,195.0,206.6
IR-12424,SUPERFAST,NDLS,PRYJ,KNP-PRYJ-SEC-B,405.0,239.6,276.7,,,37.1,101.42865078188534,LIGHT RAIN,23.2,1.5,4.0,HIGH,5.0,NONE,2024-01-13T10:00:00Z,SIMULATED,195.0,197.5
IR-12424,SUPERFAST,NDLS,PRYJ,KNP-PRYJ-SEC-B,405.0,243.3,283.5,,,40.2,99.87964400619316,LIGHT RAIN,25.6,1.5,4.0,HIGH,5.0,NONE,2024-02-14T10:00:00Z,SIMULATED,195.0,202.3
IR-12424,SUPERFAST,NDLS,PRYJ,KNP-PRYJ-SEC-B,405.0,242.5,282.1,,,39.6,100.19494690337012,LIGHT RAIN,28.8,1.5,4.0,HIGH,5.0,NONE,2024-03-15T10:00:00Z,SIMULATED,195.0,201.4
IR-12424,SUPERFAST,NDLS,PRYJ,KNP-PRYJ-SEC-B,405.0,233.9,266.1,,,32.2,103.90503833879198,LIGHT RAIN,32.0,1.5,4.0,HIGH,5.0,NONE,2024-04-16T10:00:00Z,SIMULATED,195.0,189.8
IR-12424,SUPERFAST,NDLS,PRYJ,KNP-PRYJ-SEC-B,450.0,302.1,363.4,,,61.3,89.36689851417597,FOGGY,20.8,0.0,1.5,HIGH,5.0,NONE,2024-05-17T10:00:00Z,SIMULATED,150.0,212.0
IR-12424,SUPERFAST,NDLS,PRYJ,KNP-PRYJ-SEC-B,450.0,288.6,341.5,,,52.9,93.55554914390204,LIGHT RAIN,23.2,1.5,4.0,HIGH,5.0,NONE,2024-06-18T10:00:00Z,SIMULATED,150.0,199.1
IR-12424,SUPERFAST,NDLS,PRYJ,KNP-PRYJ-SEC-B,450.0,296.6,354.5,,,57.9,91.04173422755868,LIGHT RAIN,25.6,1.5,4.0,HIGH,5.0,NONE,2024-07-19T10:00:00Z,SIMULATED,150.0,206.8
IR-12424,SUPERFAST,NDLS,PRYJ,KNP-PRYJ-SEC-B,450.0,308.1,372.9,,,64.8,87.62253383296331,LIGHT RAIN,28.8,1.5,4.0,HIGH,5.0,NONE,2024-08-20T10:00:00Z,SIMULATED,150.0,217.5
IR-12424,SUPERFAST,NDLS,PRYJ,KNP-PRYJ-SEC-B,450.0,297.9,356.6,,,58.7,90.6439772524532,LIGHT RAIN,32.0,1.5,4.0,HIGH,5.0,NONE,2024-09-21T10:00:00Z,SIMULATED,150.0,208.0
IR-12424,SUPERFAST,NDLS,PRYJ,KNP-PRYJ-SEC-B,450.0,309.1,374.4,,,65.3,87.33633789199064,CLEAR,20.8,0.0,9.0,HIGH,5.0,NONE,2024-10-22T10:00:00Z,SIMULATED,150.0,218.3
IR-12424,SUPERFAST,NDLS,PRYJ,KNP-PRYJ-SEC-B,450.0,294.3,350.8,,,56.5,91.73656501715108,CLEAR,23.2,0.0,9.0,HIGH,5.0,NONE,2024-11-23T10:00:00Z,SIMULATED,150.0,204.6
IR-12424,SUPERFAST,NDLS,PRYJ,KNP-PRYJ-SEC-B,450.0,289.2,342.5,,,53.3,93.35045039345674,CLEAR,25.6,0.0,9.0,HIGH,5.0,NONE,2024-12-24T10:00:00Z,SIMULATED,150.0,199.7
IR-12424,SUPERFAST,NDLS,PRYJ,KNP-PRYJ-SEC-B,450.0,300.7,361.1,,,60.4,89.79050853702846,CLEAR,28.8,0.0,9.0,HIGH,5.0,NONE,2024-01-25T10:00:00Z,SIMULATED,150.0,210.6
IR-12424,SUPERFAST,NDLS,PRYJ,KNP-PRYJ-SEC-B,450.0,290.4,344.4,,,54.0,92.98231282038309,CLEAR,32.0,0.0,9.0,HIGH,5.0,NONE,2024-02-26T10:00:00Z,SIMULATED,150.0,200.8
IR-12424,SUPERFAST,NDLS,PRYJ,KNP-PRYJ-SEC-B,450.0,301.0,361.6,,,60.6,89.70161863554279,CLEAR,20.8,0.0,9.0,HIGH,5.0,NONE,2024-03-27T10:00:00Z,SIMULATED,150.0,210.9
IR-12424,SUPERFAST,NDLS,PRYJ,KNP-PRYJ-SEC-B,450.0,300.0,360.0,,,60.0,89.99119237449244,CLEAR,23.2,0.0,9.0,HIGH,5.0,NONE,2024-04-28T10:00:00Z,SIMULATED,150.0,210.0
IR-12424,SUPERFAST,NDLS,PRYJ,KNP-PRYJ-SEC-B,450.0,292.7,348.2,,,55.5,92.24441315697736,CLEAR,25.6,0.0,9.0,HIGH,5.0,NONE,2024-05-01T10:00:00Z,SIMULATED,150.0,203.1
IR-12424,SUPERFAST,NDLS,PRYJ,KNP-PRYJ-SEC-B,450.0,303.4,365.4,,,62.0,88.99410704919887,CLEAR,28.8,0.0,9.0,HIGH,5.0,NONE,2024-06-02T10:00:00Z,SIMULATED,150.0,213.1
IR-12424,SUPERFAST,NDLS,PRYJ,KNP-PRYJ-SEC-B,450.0,292.9,348.5,,,55.6,92.1857771063487,CLEAR,32.0,0.0,9.0,HIGH,5.0,NONE,2024-07-03T10:00:00Z,SIMULATED,150.0,203.2
IR-12424,SUPERFAST,NDLS,PRYJ,KNP-PRYJ-SEC-B,450.0,309.5,375.0,,,65.5,87.24688200854808,FOGGY,20.8,0.0,1.5,HIGH,5.0,NONE,2024-08-04T10:00:00Z,SIMULATED,150.0,218.7
IR-12424,SUPERFAST,NDLS,PRYJ,KNP-PRYJ-SEC-B,450.0,299.3,358.9,,,59.6,90.22286761050712,LIGHT RAIN,23.2,1.5,4.0,HIGH,5.0,NONE,2024-09-05T10:00:00Z,SIMULATED,150.0,209.4
IR-12424,SUPERFAST,NDLS,PRYJ,KNP-PRYJ-SEC-B,450.0,292.3,347.6,,,55.3,92.36073649948486,LIGHT RAIN,25.6,1.5,4.0,HIGH,5.0,NONE,2024-10-06T10:00:00Z,SIMULATED,150.0,202.7
IR-12424,SUPERFAST,NDLS,PRYJ,KNP-PRYJ-SEC-B,450.0,300.8,361.3,,,60.5,89.7669348980246,LIGHT RAIN,28.8,1.5,4.0,HIGH,5.0,NONE,2024-11-07T10:00:00Z,SIMULATED,150.0,210.8
IR-12424,SUPERFAST,NDLS,PRYJ,KNP-PRYJ-SEC-B,450.0,294.1,350.5,,,56.4,91.80199631039233,LIGHT RAIN,32.0,1.5,4.0,HIGH,5.0,NONE,2024-12-08T10:00:00Z,SIMULATED,150.0,204.4
IR-12424,SUPERFAST,NDLS,PRYJ,KNP-PRYJ-SEC-B,450.0,300.7,361.1,,,60.4,89.77912776019093,CLEAR,20.8,0.0,9.0,HIGH,5.0,NONE,2024-01-09T10:00:00Z,SIMULATED,150.0,210.6
IR-12424,SUPERFAST,NDLS,PRYJ,KNP-PRYJ-SEC-B,450.0,289.1,342.3,,,53.2,93.4001309271783,CLEAR,23.2,0.0,9.0,HIGH,5.0,NONE,2024-02-10T10:00:00Z,SIMULATED,150.0,199.6
IR-12424,SUPERFAST,NDLS,PRYJ,KNP-PRYJ-SEC-B,450.0,284.3,334.4,,,50.1,94.95523795649318,CLEAR,25.6,0.0,9.0,HIGH,5.0,NONE,2024-03-11T10:00:00Z,SIMULATED,150.0,194.9
IR-12424,SUPERFAST,NDLS,PRYJ,KNP-PRYJ-SEC-B,450.0,303.5,365.6,,,62.1,88.9708689345099,CLEAR,28.8,0.0,9.0,HIGH,5.0,NONE,2024-04-12T10:00:00Z,SIMULATED,150.0,213.3
IR-12424,SUPERFAST,NDLS,PRYJ,KNP-PRYJ-SEC-B,450.0,292.7,348.2,,,55.5,92.25627438739272,CLEAR,32.0,0.0,9.0,HIGH,5.0,NONE,2024-05-13T10:00:00Z,SIMULATED,150.0,203.1
IR-12424,SUPERFAST,NDLS,PRYJ,KNP-PRYJ-SEC-B,450.0,301.9,363.0,,,61.1,89.44063281899669,CLEAR,20.8,0.0,9.0,HIGH,5.0,NONE,2024-06-14T10:00:00Z,SIMULATED,150.0,211.7
IR-12424,SUPERFAST,NDLS,PRYJ,KNP-PRYJ-SEC-B,450.0,291.1,345.6,,,54.5,92.7670948903347,CLEAR,23.2,0.0,9.0,HIGH,5.0,NONE,2024-07-15T10:00:00Z,SIMULATED,150.0,201.5
IR-12424,SUPERFAST,NDLS,PRYJ,KNP-PRYJ-SEC-B,450.0,294.3,350.8,,,56.5,91.7539623025569,CLEAR,25.6,0.0,9.0,HIGH,5.0,NONE,2024-08-16T10:00:00Z,SIMULATED,150.0,204.6
IR-12424,SUPERFAST,NDLS,PRYJ,KNP-PRYJ-SEC-B,450.0,299.3,358.9,,,59.6,90.20317884314422,CLEAR,28.8,0.0,9.0,HIGH,5.0,NONE,2024-09-17T10:00:00Z,SIMULATED,150.0,209.4
IR-12424,SUPERFAST,NDLS,PRYJ,KNP-PRYJ-SEC-B,450.0,292.4,347.7,,,55.3,92.32832365920709,CLEAR,32.0,0.0,9.0,HIGH,5.0,NONE,2024-10-18T10:00:00Z,SIMULATED,150.0,202.8
IR-12424,SUPERFAST,NDLS,PRYJ,KNP-PRYJ-SEC-B,450.0,311.6,378.3,,,66.7,86.66091199022749,FOGGY,20.8,0.0,1.5,HIGH,5.0,NONE,2024-11-19T10:00:00Z,SIMULATED,150.0,220.6
IR-12424,SUPERFAST,NDLS,PRYJ,KNP-PRYJ-SEC-B,450.0,301.7,362.7,,,61.0,89.5060794821926,LIGHT RAIN,23.2,1.5,4.0,HIGH,5.0,NONE,2024-12-20T10:00:00Z,SIMULATED,150.0,211.6
IR-12424,SUPERFAST,NDLS,PRYJ,KNP-PRYJ-SEC-B,450.0,297.8,356.5,,,58.7,90.6597091007758,LIGHT RAIN,25.6,1.5,4.0,HIGH,5.0,NONE,2024-01-21T10:00:00Z,SIMULATED,150.0,208.0
IR-12424,SUPERFAST,NDLS,PRYJ,KNP-PRYJ-SEC-B,450.0,302.6,364.1,,,61.5,89.23611754359338,LIGHT RAIN,28.8,1.5,4.0,HIGH,5.0,NONE,2024-02-22T10:00:00Z,SIMULATED,150.0,212.4
IR-12424,SUPERFAST,NDLS,PRYJ,KNP-PRYJ-SEC-B,450.0,293.5,349.5,,,56.0,91.97946446112726,LIGHT RAIN,32.0,1.5,4.0,HIGH,5.0,NONE,2024-03-23T10:00:00Z,SIMULATED,150.0,203.8
IR-12424,SUPERFAST,NDLS,PRYJ,KNP-PRYJ-SEC-B,495.0,316.9,369.4,,,52.5,93.73250640019496,FOGGY,20.8,0.0,1.5,HIGH,5.0,NONE,2024-04-24T10:00:00Z,SIMULATED,105.0,174.7
IR-12424,SUPERFAST,NDLS,PRYJ,KNP-PRYJ-SEC-B,495.0,306.9,353.3,,,46.4,96.7808468245207,LIGHT RAIN,23.2,1.5,4.0,HIGH,5.0,NONE,2024-05-25T10:00:00Z,SIMULATED,105.0,166.5
IR-12424,SUPERFAST,NDLS,PRYJ,KNP-PRYJ-SEC-B,495.0,310.0,358.4,,,48.4,95.80129492521716,LIGHT RAIN,25.6,1.5,4.0,HIGH,5.0,NONE,2024-06-26T10:00:00Z,SIMULATED,105.0,169.2
IR-12424,SUPERFAST,NDLS,PRYJ,KNP-PRYJ-SEC-B,495.0,318.9,372.6,,,53.7,93.12738528223412,LIGHT RAIN,28.8,1.5,4.0,HIGH,5.0,NONE,2024-07-27T10:00:00Z,SIMULATED,105.0,176.3
IR-12424,SUPERFAST,NDLS,PRYJ,KNP-PRYJ-SEC-B,495.0,306.3,352.4,,,46.1,96.96128450637516,LIGHT RAIN,32.0,1.5,4.0,HIGH,5.0,NONE,2024-08-28T10:00:00Z,SIMULATED,105.0,166.1
IR-12424,SUPERFAST,NDLS,PRYJ,KNP-PRYJ-SEC-B,495.0,307.6,354.5,,,46.9,96.56651044574004,CLEAR,20.8,0.0,9.0,HIGH,5.0,NONE,2024-09-01T10:00:00Z,SIMULATED,105.0,167.1
IR-12424,SUPERFAST,NDLS,PRYJ,KNP-PRYJ-SEC-B,495.0,304.5,349.4,,,44.9,97.54700874640596,CLEAR,23.2,0.0,9.0,HIGH,5.0,NONE,2024-10-02T10:00:00Z,SIMULATED,105.0,164.5
IR-12424,SUPERFAST,NDLS,PRYJ,KNP-PRYJ-SEC-B,495.0,302.1,345.5,,,43.4,98.3053261707372,CLEAR,25.6,0.0,9.0,HIGH,5.0,NONE,2024-11-03T10:00:00Z,SIMULATED,105.0,162.5
IR-12424,SUPERFAST,NDLS,PRYJ,KNP-PRYJ-SEC-B,495.0,325.9,383.6,,,57.7,91.14572147221558,CLEAR,28.8,0.0,9.0,HIGH,5.0,NONE,2024-12-04T10:00:00Z,SIMULATED,105.0,181.8
IR-12424,SUPERFAST,NDLS,PRYJ,KNP-PRYJ-SEC-B,495.0,305.3,350.8,,,45.5,97.27220926304636,CLEAR,32.0,0.0,9.0,HIGH,5.0,NONE,2024-01-05T10:00:00Z,SIMULATED,105.0,165.3
IR-12424,SUPERFAST,NDLS,PRYJ,KNP-PRYJ-SEC-B,495.0,311.4,360.7,,,49.3,95.36635380909374,CLEAR,20.8,0.0,9.0,HIGH,5.0,NONE,2024-02-06T10:00:00Z,SIMULATED,105.0,170.4
IR-12424,SUPERFAST,NDLS,PRYJ,KNP-PRYJ-SEC-B,495.0,304.9,350.1,,,45.2,97.4025226217439,CLEAR,23.2,0.0,9.0,HIGH,5.0,NONE,2024-03-07T10:00:00Z,SIMULATED,105.0,164.9
IR-12424,SUPERFAST,NDLS,PRYJ,KNP-PRYJ-SEC-B,495.0,307.8,354.8,,,47.0,96.48572235348472,CLEAR,25.6,0.0,9.0,HIGH,5.0,NONE,2024-04-08T10:00:00Z,SIMULATED,105.0,167.3
IR-12424,SUPERFAST,NDLS,PRYJ,KNP-PRYJ-SEC-B,495.0,314.8,366.1,,,51.3,94.35343367670552,CLEAR,28.8,0.0,9.0,HIGH,5.0,NONE,2024-05-09T10:00:00Z,SIMULATED,105.0,173.1
IR-12424,SUPERFAST,NDLS,PRYJ,KNP-PRYJ-SEC-B,495.0,309.4,357.4,,,48.0,95.98134373975638,CLEAR,32.0,0.0,9.0,HIGH,5.0,NONE,2024-06-10T10:00:00Z,SIMULATED,105.0,168.6
IR-12424,SUPERFAST,NDLS,PRYJ,KNP-PRYJ-SEC-B,495.0,320.5,375.2,,,54.7,92.6587711518047,FOGGY,20.8,0.0,1.5,HIGH,5.0,NONE,2024-07-11T10:00:00Z,SIMULATED,105.0,177.7
IR-12424,SUPERFAST,NDLS,PRYJ,KNP-PRYJ-SEC-B,495.0,306.1,352.0,,,45.9,97.0384642194562,LIGHT RAIN,23.2,1.5,4.0,HIGH,5.0,NONE,2024-08-12T10:00:00Z,SIMULATED,105.0,165.8
IR-12424,SUPERFAST,NDLS,PRYJ,KNP-PRYJ-SEC-B,495.0,306.3,352.4,,,46.1,96.95474514248406,LIGHT RAIN,25.6,1.5,4.0,HIGH,5.0,NONE,2024-09-13T10:00:00Z,SIMULATED,105.0,166.1
IR-12424,SUPERFAST,NDLS,PRYJ,KNP-PRYJ-SEC-B,495.0,320.0,374.4,,,54.4,92.80959332017748,LIGHT RAIN,28.8,1.5,4.0,HIGH,5.0,NONE,2024-10-14T10:00:00Z,SIMULATED,105.0,177.3
IR-12424,SUPERFAST,NDLS,PRYJ,KNP-PRYJ-SEC-B,495.0,315.1,366.6,,,51.5,94.2462078042048,LIGHT RAIN,32.0,1.5,4.0,HIGH,5.0,NONE,2024-11-15T10:00:00Z,SIMULATED,105.0,173.3
IR-12424,SUPERFAST,NDLS,PRYJ,KNP-PRYJ-SEC-B,495.0,322.5,378.3,,,55.8,92.10509606269082,CLEAR,20.8,0.0,9.0,HIGH,5.0,NONE,2024-12-16T10:00:00Z,SIMULATED,105.0,179.2
IR-12424,SUPERFAST,NDLS,PRYJ,KNP-PRYJ-SEC-B,495.0,304.6,349.6,,,45.0,97.50340158767088,CLEAR,23.2,0.0,9.0,HIGH,5.0,NONE,2024-01-17T10:00:00Z,SIMULATED,105.0,164.6
IR-12424,SUPERFAST,NDLS,PRYJ,KNP-PRYJ-SEC-B,495.0,309.7,357.9,,,48.2,95.90371990905174,CLEAR,25.6,0.0,9.0,HIGH,5.0,NONE,2024-02-18T10:00:00Z,SIMULATED,105.0,168.9
IR-12424,SUPERFAST,NDLS,PRYJ,KNP-PRYJ-SEC-B,495.0,318.0,371.2,,,53.2,93.39188793937808,CLEAR,28.8,0.0,9.0,HIGH,5.0,NONE,2024-03-19T10:00:00Z,SIMULATED,105.0,175.7
IR-12424,SUPERFAST,NDLS,PRYJ,KNP-PRYJ-SEC-B,495.0,307.4,354.2,,,46.8,96.61597885413036,CLEAR,32.0,0.0,9.0,HIGH,5.0,NONE,2024-04-20T10:00:00Z,SIMULATED,105.0,167.0
IR-12424,SUPERFAST,NDLS,PRYJ,KNP-PRYJ-SEC-B,495.0,318.9,372.7,,,53.8,93.11838534493508,CLEAR,20.8,0.0,9.0,HIGH,5.0,NONE,2024-05-21T10:00:00Z,SIMULATED,105.0,176.5
IR-12424,SUPERFAST,NDLS,PRYJ,KNP-PRYJ-SEC-B,495.0,306.4,352.6,,,46.2,96.91974860439134,CLEAR,23.2,0.0,9.0,HIGH,5.0,NONE,2024-06-22T10:00:00Z,SIMULATED,105.0,166.2
IR-12424,SUPERFAST,NDLS,PRYJ,KNP-PRYJ-SEC-B,495.0,305.8,351.5,,,45.7,97.13102642784872,CLEAR,25.6,0.0,9.0,HIGH,5.0,NONE,2024-07-23T10:00:00Z,SIMULATED,105.0,165.6
IR-12424,SUPERFAST,NDLS,PRYJ,KNP-PRYJ-SEC-B,495.0,315.4,367.1,,,51.7,94.15163028548604,CLEAR,28.8,0.0,9.0,HIGH,5.0,NONE,2024-08-24T10:00:00Z,SIMULATED,105.0,173.6
IR-12424,SUPERFAST,NDLS,PRYJ,KNP-PRYJ-SEC-B,495.0,308.0,355.1,,,47.1,96.43339829448466,CLEAR,32.0,0.0,9.0,HIGH,5.0,NONE,2024-09-25T10:00:00Z,SIMULATED,105.0,167.4
IR-12424,SUPERFAST,NDLS,PRYJ,KNP-PRYJ-SEC-B,495.0,318.5,372.0,,,53.5,93.25245886342285,FOGGY,20.8,0.0,1.5,HIGH,5.0,NONE,2024-10-26T10:00:00Z,SIMULATED,105.0,176.1
IR-12424,SUPERFAST,NDLS,PRYJ,KNP-PRYJ-SEC-B,495.0,310.5,359.2,,,48.7,95.64949938177624,LIGHT RAIN,23.2,1.5,4.0,HIGH,5.0,NONE,2024-11-27T10:00:00Z,SIMULATED,105.0,169.6
IR-12424,SUPERFAST,NDLS,PRYJ,KNP-PRYJ-SEC-B,495.0,316.8,369.3,,,52.5,93.75711747468804,LIGHT RAIN,25.6,1.5,4.0,HIGH,5.0,NONE,2024-12-28T10:00:00Z,SIMULATED,105.0,174.7
IR-12424,SUPERFAST,NDLS,PRYJ,KNP-PRYJ-SEC-B,495.0,318.5,372.0,,,53.5,93.25902689225325,LIGHT RAIN,28.8,1.5,4.0,HIGH,5.0,NONE,2024-01-01T10:00:00Z,SIMULATED,105.0,176.1
IR-12424,SUPERFAST,NDLS,PRYJ,KNP-PRYJ-SEC-B,495.0,308.4,355.8,,,47.4,96.30571267089768,LIGHT RAIN,32.0,1.5,4.0,HIGH,5.0,NONE,2024-02-02T10:00:00Z,SIMULATED,105.0,167.8
IR-12424,SUPERFAST,NDLS,PRYJ,KNP-PRYJ-SEC-B,540.0,347.5,401.0,,,53.5,93.2430148889838,FOGGY,20.8,0.0,1.5,HIGH,5.0,NONE,2024-03-03T10:00:00Z,SIMULATED,60.0,152.1
IR-12424,SUPERFAST,NDLS,PRYJ,KNP-PRYJ-SEC-B,540.0,334.1,380.2,,,46.1,96.9626007880028,LIGHT RAIN,23.2,1.5,4.0,HIGH,5.0,NONE,2024-04-04T10:00:00Z,SIMULATED,60.0,143.2
IR-12424,SUPERFAST,NDLS,PRYJ,KNP-PRYJ-SEC-B,540.0,334.2,380.3,,,46.1,96.961206450824,LIGHT RAIN,25.6,1.5,4.0,HIGH,5.0,NONE,2024-05-05T10:00:00Z,SIMULATED,60.0,143.2
IR-12424,SUPERFAST,NDLS,PRYJ,KNP-PRYJ-SEC-B,540.0,341.7,392.1,,,50.4,94.80912744279058,LIGHT RAIN,28.8,1.5,4.0,HIGH,5.0,NONE,2024-06-06T10:00:00Z,SIMULATED,60.0,148.4
IR-12424,SUPERFAST,NDLS,PRYJ,KNP-PRYJ-SEC-B,540.0,332.0,376.8,,,44.8,97.5952727738862,LIGHT RAIN,32.0,1.5,4.0,HIGH,5.0,NONE,2024-07-07T10:00:00Z,SIMULATED,60.0,141.7
IR-12424,SUPERFAST,NDLS,PRYJ,KNP-PRYJ-SEC-B,540.0,338.2,386.6,,,48.4,95.7923282014866,CLEAR,20.8,0.0,9.0,HIGH,5.0,NONE,2024-08-08T10:00:00Z,SIMULATED,60.0,146.0
IR-12424,SUPERFAST,NDLS,PRYJ,KNP-PRYJ-SEC-B,540.0,332.5,377.6,,,45.1,97.44629871673656,CLEAR,23.2,0.0,9.0,HIGH,5.0,NONE,2024-09-09T10:00:00Z,SIMULATED,60.0,142.0
IR-12424,SUPERFAST,NDLS,PRYJ,KNP-PRYJ-SEC-B,540.0,323.7,363.5,,,39.8,100.09351436397374,CLEAR,25.6,0.0,9.0,HIGH,5.0,NONE,2024-10-10T10:00:00Z,SIMULATED,60.0,135.8
IR-12424,SUPERFAST,NDLS,PRYJ,KNP-PRYJ-SEC-B,540.0,347.4,400.9,,,53.5,93.27497612863051,CLEAR,28.8,0.0,9.0,HIGH,5.0,NONE,2024-11-11T10:00:00Z,SIMULATED,60.0,152.1
IR-12424,SUPERFAST,NDLS,PRYJ,KNP-PRYJ-SEC-B,540.0,326.1,367.4,,,41.3,99.3656477770442,CLEAR,32.0,0.0,9.0,HIGH,5.0,NONE,2024-12-12T10:00:00Z,SIMULATED,60.0,137.5
IR-12424,SUPERFAST,NDLS,PRYJ,KNP-PRYJ-SEC-B,540.0,340.6,390.4,,,49.8,95.11775604190872,CLEAR,20.8,0.0,9.0,HIGH,5.0,NONE,2024-01-13T10:00:00Z,SIMULATED,60.0,147.6
IR-12424,SUPERFAST,NDLS,PRYJ,KNP-PRYJ-SEC-B,540.0,330.2,374.0,,,43.8,98.1227731217501,CLEAR,23.2,0.0,9.0,HIGH,5.0,NONE,2024-02-14T10:00:00Z,SIMULATED,60.0,140.5
IR-12424,SUPERFAST,NDLS,PRYJ,KNP-PRYJ-SEC-B,540.0,330.3,374.1,,,43.8,98.09049934931224,CLEAR,25.6,0.0,9.0,HIGH,5.0,NONE,2024-03-15T10:00:00Z,SIMULATED,60.0,140.5
IR-12424,SUPERFAST,NDLS,PRYJ,KNP-PRYJ-SEC-B,540.0,337.6,385.7,,,48.1,95.96682839103914,CLEAR,28.8,0.0,9.0,HIGH,5.0,NONE,2024-04-16T10:00:00Z,SIMULATED,60.0,145.6
IR-12424,SUPERFAST,NDLS,PRYJ,KNP-PRYJ-SEC-B,540.0,320.7,358.6,,,37.9,101.03479298243344,CLEAR,32.0,0.0,9.0,HIGH,5.0,NONE,2024-05-17T10:00:00Z,SIMULATED,60.0,133.5
IR-12424,SUPERFAST,NDLS,PRYJ,KNP-PRYJ-SEC-B,540.0,347.4,400.8,,,53.4,93.275897030539,FOGGY,20.8,0.0,1.5,HIGH,5.0,NONE,2024-06-18T10:00:00Z,SIMULATED,60.0,152.0
IR-12424,SUPERFAST,NDLS,PRYJ,KNP-PRYJ-SEC-B,540.0,333.4,379.1,,,45.7,97.17430361450072,LIGHT RAIN,23.2,1.5,4.0,HIGH,5.0,NONE,2024-07-19T10:00:00Z,SIMULATED,60.0,142.7
IR-12424,SUPERFAST,NDLS,PRYJ,KNP-PRYJ-SEC-B,540.0,334.4,380.6,,,46.2,96.88875135684674,LIGHT RAIN,25.6,1.5,4.0,HIGH,5.0,NONE,2024-08-20T10:00:00Z,SIMULATED,60.0,143.4
IR-12424,SUPERFAST,NDLS,PRYJ,KNP-PRYJ-SEC-B,540.0,341.6,391.9,,,50.3,94.86062011458031,LIGHT RAIN,28.8,1.5,4.0,HIGH,5.0,NONE,2024-09-21T10:00:00Z,SIMULATED,60.0,148.3
IR-12424,SUPERFAST,NDLS,PRYJ,KNP-PRYJ-SEC-B,540.0,326.3,367.7,,,41.4,99.2799381097046,LIGHT RAIN,32.0,1.5,4.0,HIGH,5.0,NONE,2024-10-22T10:00:00Z,SIMULATED,60.0,137.7
IR-12424,SUPERFAST,NDLS,PRYJ,KNP-PRYJ-SEC-B,540.0,344.6,396.5,,,51.9,94.02528737479987,CLEAR,20.8,0.0,9.0,HIGH,5.0,NONE,2024-11-23T10:00:00Z,SIMULATED,60.0,150.2
IR-12424,SUPERFAST,NDLS,PRYJ,KNP-PRYJ-SEC-B,540.0,330.4,374.3,,,43.9,98.04935548983228,CLEAR,23.2,0.0,9.0,HIGH,5.0,NONE,2024-12-24T10:00:00Z,SIMULATED,60.0,140.6
IR-12424,SUPERFAST,NDLS,PRYJ,KNP-PRYJ-SEC-B,540.0,325.1,365.8,,,40.7,99.67470646587913,CLEAR,25.6,0.0,9.0,HIGH,5.0,NONE,2024-01-25T10:00:00Z,SIMULATED,60.0,136.8
IR-12424,SUPERFAST,NDLS,PRYJ,KNP-PRYJ-SEC-B,540.0,333.6,379.4,,,45.8,97.1135463626372,CLEAR,28.8,0.0,9.0,HIGH,5.0,NONE,2024-02-26T10:00:00Z,SIMULATED,60.0,142.9
IR-12424,SUPERFAST,NDLS,PRYJ,KNP-PRYJ-SEC-B,540.0,323.1,362.5,,,39.4,100.28310934355466,CLEAR,32.0,0.0,9.0,HIGH,5.0,NONE,2024-03-27T10:00:00Z,SIMULATED,60.0,135.3
IR-12424,SUPERFAST,NDLS,PRYJ,KNP-PRYJ-SEC-B,540.0,341.4,391.6,,,50.2,94.90552959938366,CLEAR,20.8,0.0,9.0,HIGH,5.0,NONE,2024-04-28T10:00:00Z,SIMULATED,60.0,148.1
IR-12424,SUPERFAST,NDLS,PRYJ,KNP-PRYJ-SEC-B,540.0,331.4,375.9,,,44.5,97.76233186957953,CLEAR,23.2,0.0,9.0,HIGH,5.0,NONE,2024-05-01T10:00:00Z,SIMULATED,60.0,141.3
IR-12424,SUPERFAST,NDLS,PRYJ,KNP-PRYJ-SEC-B,540.0,333.2,378.7,,,45.5,97.23441937597342,CLEAR,25.6,0.0,9.0,HIGH,5.0,NONE,2024-06-02T10:00:00Z,SIMULATED,60.0,142.5
IR-12424,SUPERFAST,NDLS,PRYJ,KNP-PRYJ-SEC-B,540.0,340.2,389.7,,,49.5,95.24702816671967,CLEAR,28.8,0.0,9.0,HIGH,5.0,NONE,2024-07-03T10:00:00Z,SIMULATED,60.0,147.3
IR-12424,SUPERFAST,NDLS,PRYJ,KNP-PRYJ-SEC-B,540.0,327.9,370.3,,,42.4,98.81383088271556,CLEAR,32.0,0.0,9.0,HIGH,5.0,NONE,2024-08-04T10:00:00Z,SIMULATED,60.0,138.8
IR-12424,SUPERFAST,NDLS,PRYJ,KNP-PRYJ-SEC-B,540.0,342.2,392.9,,,50.7,94.6700013421244,FOGGY,20.8,0.0,1.5,HIGH,5.0,NONE,2024-09-05T10:00:00Z,SIMULATED,60.0,148.7
IR-12424,SUPERFAST,NDLS,PRYJ,KNP-PRYJ-SEC-B,540.0,333.3,378.9,,,45.6,97.21064329622205,LIGHT RAIN,23.2,1.5,4.0,HIGH,5.0,NONE,2024-10-06T10:00:00Z,SIMULATED,60.0,142.6
IR-12424,SUPERFAST,NDLS,PRYJ,KNP-PRYJ-SEC-B,540.0,326.7,368.3,,,41.6,99.1809324410204,LIGHT RAIN,25.6,1.5,4.0,HIGH,5.0,NONE,2024-11-07T10:00:00Z,SIMULATED,60.0,137.9
IR-12424,SUPERFAST,NDLS,PRYJ,KNP-PRYJ-SEC-B,540.0,335.9,383.0,,,47.1,96.45896419508564,LIGHT RAIN,28.8,1.5,4.0,HIGH,5.0,NONE,2024-12-08T10:00:00Z,SIMULATED,60.0,144.4
IR-12424,SUPERFAST,NDLS,PRYJ,KNP-PRYJ-SEC-B,540.0,326.0,367.2,,,41.2,99.39967435752293,LIGHT RAIN,32.0,1.5,4.0,HIGH,5.0,NONE,2024-01-09T10:00:00Z,SIMULATED,60.0,137.4
IR-12424,SUPERFAST,NDLS,PRYJ,KNP-PRYJ-SEC-B,585.0,398.1,461.8,,,63.7,88.16238003108587,FOGGY,20.8,0.0,1.5,HIGH,5.0,NONE,2024-02-10T10:00:00Z,SIMULATED,15.0,138.9
IR-12424,SUPERFAST,NDLS,PRYJ,KNP-PRYJ-SEC-B,585.0,386.2,444.5,,,58.3,90.87416609606947,LIGHT RAIN,23.2,1.5,4.0,HIGH,5.0,NONE,2024-03-11T10:00:00Z,SIMULATED,15.0,133.2
IR-12424,SUPERFAST,NDLS,PRYJ,KNP-PRYJ-SEC-B,585.0,387.2,445.9,,,58.7,90.66080379227768,LIGHT RAIN,25.6,1.5,4.0,HIGH,5.0,NONE,2024-04-12T10:00:00Z,SIMULATED,15.0,133.6
IR-12424,SUPERFAST,NDLS,PRYJ,KNP-PRYJ-SEC-B,585.0,409.9,478.7,,,68.8,85.62021659566471,LIGHT RAIN,28.8,1.5,4.0,HIGH,5.0,NONE,2024-05-13T10:00:00Z,SIMULATED,15.0,144.3
IR-12424,SUPERFAST,NDLS,PRYJ,KNP-PRYJ-SEC-B,585.0,381.6,437.6,,,56.0,91.99251671438908,LIGHT RAIN,32.0,1.5,4.0,HIGH,5.0,NONE,2024-06-14T10:00:00Z,SIMULATED,15.0,130.8
IR-12424,SUPERFAST,NDLS,PRYJ,KNP-PRYJ-SEC-B,585.0,406.6,473.9,,,67.3,86.33271690439273,CLEAR,20.8,0.0,9.0,HIGH,5.0,NONE,2024-07-15T10:00:00Z,SIMULATED,15.0,142.7
IR-12424,SUPERFAST,NDLS,PRYJ,KNP-PRYJ-SEC-B,585.0,389.1,448.7,,,59.6,90.21804772048684,CLEAR,23.2,0.0,9.0,HIGH,5.0,NONE,2024-08-16T10:00:00Z,SIMULATED,15.0,134.6
IR-12424,SUPERFAST,NDLS,PRYJ,KNP-PRYJ-SEC-B,585.0,383.8,440.9,,,57.1,91.4434308657922,CLEAR,25.6,0.0,9.0,HIGH,5.0,NONE,2024-09-17T10:00:00Z,SIMULATED,15.0,131.9
IR-12424,SUPERFAST,NDLS,PRYJ,KNP-PRYJ-SEC-B,585.0,400.7,465.5,,,64.8,87.5885755830239,CLEAR,28.8,0.0,9.0,HIGH,5.0,NONE,2024-10-18T10:00:00Z,SIMULATED,15.0,140.1
IR-12424,SUPERFAST,NDLS,PRYJ,KNP-PRYJ-SEC-B,585.0,377.0,430.8,,,53.8,93.1010620168298,CLEAR,32.0,0.0,9.0,HIGH,5.0,NONE,2024-11-19T10:00:00Z,SIMULATED,15.0,128.5
IR-12424,SUPERFAST,NDLS,PRYJ,KNP-PRYJ-SEC-B,585.0,398.0,461.6,,,63.6,88.1955354969238,CLEAR,20.8,0.0,9.0,HIGH,5.0,NONE,2024-12-20T10:00:00Z,SIMULATED,15.0,138.8
IR-12424,SUPERFAST,NDLS,PRYJ,KNP-PRYJ-SEC-B,585.0,381.4,437.3,,,55.9,92.03883579583945,CLEAR,23.2,0.0,9.0,HIGH,5.0,NONE,2024-01-21T10:00:00Z,SIMULATED,15.0,130.7
IR-12424,SUPERFAST,NDLS,PRYJ,KNP-PRYJ-SEC-B,585.0,384.4,441.8,,,57.4,91.3152445672266,CLEAR,25.6,0.0,9.0,HIGH,5.0,NONE,2024-02-22T10:00:00Z,SIMULATED,15.0,132.3
IR-12424,SUPERFAST,NDLS,PRYJ,KNP-PRYJ-SEC-B,585.0,389.8,449.7,,,59.9,90.0434110609041,CLEAR,28.8,0.0,9.0,HIGH,5.0,NONE,2024-03-23T10:00:00Z,SIMULATED,15.0,134.9
IR-12424,SUPERFAST,NDLS,PRYJ,KNP-PRYJ-SEC-B,585.0,386.0,444.1,,,58.1,90.9383862172727,CLEAR,32.0,0.0,9.0,HIGH,5.0,NONE,2024-04-24T10:00:00Z,SIMULATED,15.0,133.0
IR-12424,SUPERFAST,NDLS,PRYJ,KNP-PRYJ-SEC-B,585.0,397.4,460.8,,,63.4,88.31801830967795,FOGGY,20.8,0.0,1.5,HIGH,5.0,NONE,2024-05-25T10:00:00Z,SIMULATED,15.0,138.6
IR-12424,SUPERFAST,NDLS,PRYJ,KNP-PRYJ-SEC-B,585.0,393.7,455.4,,,61.7,89.15164426347364,LIGHT RAIN,23.2,1.5,4.0,HIGH,5.0,NONE,2024-06-26T10:00:00Z,SIMULATED,15.0,136.8
IR-12424,SUPERFAST,NDLS,PRYJ,KNP-PRYJ-SEC-B,585.0,391.9,452.8,,,60.9,89.5575001079481,LIGHT RAIN,25.6,1.5,4.0,HIGH,5.0,NONE,2024-07-27T10:00:00Z,SIMULATED,15.0,135.9
IR-12424,SUPERFAST,NDLS,PRYJ,KNP-PRYJ-SEC-B,585.0,402.2,467.7,,,65.5,87.26982159437001,LIGHT RAIN,28.8,1.5,4.0,HIGH,5.0,NONE,2024-08-28T10:00:00Z,SIMULATED,15.0,140.8
IR-12424,SUPERFAST,NDLS,PRYJ,KNP-PRYJ-SEC-B,585.0,390.7,451.0,,,60.3,89.8351844930234,LIGHT RAIN,32.0,1.5,4.0,HIGH,5.0,NONE,2024-09-01T10:00:00Z,SIMULATED,15.0,135.3
IR-12424,SUPERFAST,NDLS,PRYJ,KNP-PRYJ-SEC-B,585.0,397.5,460.9,,,63.4,88.3014609008082,CLEAR,20.8,0.0,9.0,HIGH,5.0,NONE,2024-10-02T10:00:00Z,SIMULATED,15.0,138.6
IR-12424,SUPERFAST,NDLS,PRYJ,KNP-PRYJ-SEC-B,585.0,381.6,437.6,,,56.0,91.97896194843524,CLEAR,23.2,0.0,9.0,HIGH,5.0,NONE,2024-11-03T10:00:00Z,SIMULATED,15.0,130.8
IR-12424,SUPERFAST,NDLS,PRYJ,KNP-PRYJ-SEC-B,585.0,381.3,437.2,,,55.9,92.04433389681128,CLEAR,25.6,0.0,9.0,HIGH,5.0,NONE,2024-12-04T10:00:00Z,SIMULATED,15.0,130.7
IR-12424,SUPERFAST,NDLS,PRYJ,KNP-PRYJ-SEC-B,585.0,386.5,444.9,,,58.4,90.8173068730102,CLEAR,28.8,0.0,9.0,HIGH,5.0,NONE,2024-01-05T10:00:00Z,SIMULATED,15.0,133.3
IR-12424,SUPERFAST,NDLS,PRYJ,KNP-PRYJ-SEC-B,585.0,386.3,444.6,,,58.3,90.85243649600136,CLEAR,32.0,0.0,9.0,HIGH,5.0,NONE,2024-02-06T10:00:00Z,SIMULATED,15.0,133.2
IR-12424,SUPERFAST,NDLS,PRYJ,KNP-PRYJ-SEC-B,585.0,408.6,476.8,,,68.2,85.90286690170133,CLEAR,20.8,0.0,9.0,HIGH,5.0,NONE,2024-03-07T10:00:00Z,SIMULATED,15.0,143.7
IR-12424,SUPERFAST,NDLS,PRYJ,KNP-PRYJ-SEC-B,585.0,388.1,447.2,,,59.1,90.4300366875305,CLEAR,23.2,0.0,9.0,HIGH,5.0,NONE,2024-04-08T10:00:00Z,SIMULATED,15.0,134.1
IR-12424,SUPERFAST,NDLS,PRYJ,KNP-PRYJ-SEC-B,585.0,381.4,437.4,,,56.0,92.01810209874084,CLEAR,25.6,0.0,9.0,HIGH,5.0,NONE,2024-05-09T10:00:00Z,SIMULATED,15.0,130.8
IR-12424,SUPERFAST,NDLS,PRYJ,KNP-PRYJ-SEC-B,585.0,399.4,463.6,,,64.2,87.87984053433692,CLEAR,28.8,0.0,9.0,HIGH,5.0,NONE,2024-06-10T10:00:00Z,SIMULATED,15.0,139.4
IR-12424,SUPERFAST,NDLS,PRYJ,KNP-PRYJ-SEC-B,585.0,384.6,442.1,,,57.5,91.25695708245696,CLEAR,32.0,0.0,9.0,HIGH,5.0,NONE,2024-07-11T10:00:00Z,SIMULATED,15.0,132.4
IR-12424,SUPERFAST,NDLS,PRYJ,KNP-PRYJ-SEC-B,585.0,393.0,454.4,,,61.4,89.3027083423683,FOGGY,20.8,0.0,1.5,HIGH,5.0,NONE,2024-08-12T10:00:00Z,SIMULATED,15.0,136.5
IR-12424,SUPERFAST,NDLS,PRYJ,KNP-PRYJ-SEC-B,585.0,383.5,440.4,,,56.9,91.5287265534451,LIGHT RAIN,23.2,1.5,4.0,HIGH,5.0,NONE,2024-09-13T10:00:00Z,SIMULATED,15.0,131.7
IR-12424,SUPERFAST,NDLS,PRYJ,KNP-PRYJ-SEC-B,585.0,391.8,452.6,,,60.8,89.59778690056355,LIGHT RAIN,25.6,1.5,4.0,HIGH,5.0,NONE,2024-10-14T10:00:00Z,SIMULATED,15.0,135.8
IR-12424,SUPERFAST,NDLS,PRYJ,KNP-PRYJ-SEC-B,585.0,400.6,465.4,,,64.8,87.62145170721436,LIGHT RAIN,28.8,1.5,4.0,HIGH,5.0,NONE,2024-11-15T10:00:00Z,SIMULATED,15.0,140.1
IR-12424,SUPERFAST,NDLS,PRYJ,KNP-PRYJ-SEC-B,585.0,386.3,444.6,,,58.3,90.85531203220812,LIGHT RAIN,32.0,1.5,4.0,HIGH,5.0,NONE,2024-12-16T10:00:00Z,SIMULATED,15.0,133.2
IR-12424,SUPERFAST,NDLS,PRYJ,KNP-PRYJ-SEC-B,630.0,404.7,457.9,,,53.2,93.40098755214392,FOGGY,20.8,0.0,1.5,HIGH,5.0,NONE,2024-01-17T10:00:00Z,SIMULATED,15.0,132.8
IR-12424,SUPERFAST,NDLS,PRYJ,KNP-PRYJ-SEC-B,630.0,391.8,438.9,,,47.1,96.4743137835678,LIGHT RAIN,23.2,1.5,4.0,HIGH,5.0,NONE,2024-02-18T10:00:00Z,SIMULATED,15.0,126.4
IR-12424,SUPERFAST,NDLS,PRYJ,KNP-PRYJ-SEC-B,630.0,401.3,452.9,,,51.6,94.18762839042463,LIGHT RAIN,25.6,1.5,4.0,HIGH,5.0,NONE,2024-03-19T10:00:00Z,SIMULATED,15.0,131.2
IR-12424,SUPERFAST,NDLS,PRYJ,KNP-PRYJ-SEC-B,630.0,408.7,463.7,,,55.0,92.49672788250788,LIGHT RAIN,28.8,1.5,4.0,HIGH,5.0,NONE,2024-04-20T10:00:00Z,SIMULATED,15.0,134.7
IR-12424,SUPERFAST,NDLS,PRYJ,KNP-PRYJ-SEC-B,630.0,392.1,439.3,,,47.2,96.39426534938474,LIGHT RAIN,32.0,1.5,4.0,HIGH,5.0,NONE,2024-05-21T10:00:00Z,SIMULATED,15.0,126.5
IR-12424,SUPERFAST,NDLS,PRYJ,KNP-PRYJ-SEC-B,630.0,413.5,470.7,,,57.2,91.423865450455,CLEAR,20.8,0.0,9.0,HIGH,5.0,NONE,2024-06-22T10:00:00Z,SIMULATED,15.0,137.0
IR-12424,SUPERFAST,NDLS,PRYJ,KNP-PRYJ-SEC-B,630.0,389.4,435.3,,,45.9,97.06792260325837,CLEAR,23.2,0.0,9.0,HIGH,5.0,NONE,2024-07-23T10:00:00Z,SIMULATED,15.0,125.2
IR-12424,SUPERFAST,NDLS,PRYJ,KNP-PRYJ-SEC-B,630.0,387.7,432.7,,,45.0,97.491271884562,CLEAR,25.6,0.0,9.0,HIGH,5.0,NONE,2024-08-24T10:00:00Z,SIMULATED,15.0,124.2
IR-12424,SUPERFAST,NDLS,PRYJ,KNP-PRYJ-SEC-B,630.0,406.6,460.7,,,54.1,92.96848377268272,CLEAR,28.8,0.0,9.0,HIGH,5.0,NONE,2024-09-25T10:00:00Z,SIMULATED,15.0,133.8
IR-12424,SUPERFAST,NDLS,PRYJ,KNP-PRYJ-SEC-B,630.0,394.7,443.2,,,48.5,95.77436301136764,CLEAR,32.0,0.0,9.0,HIGH,5.0,NONE,2024-10-26T10:00:00Z,SIMULATED,15.0,127.9
IR-12424,SUPERFAST,NDLS,PRYJ,KNP-PRYJ-SEC-B,630.0,397.5,447.3,,,49.8,95.09020370570772,CLEAR,20.8,0.0,9.0,HIGH,5.0,NONE,2024-11-27T10:00:00Z,SIMULATED,15.0,129.3
IR-12424,SUPERFAST,NDLS,PRYJ,KNP-PRYJ-SEC-B,630.0,395.6,444.5,,,48.9,95.54462410448522,CLEAR,23.2,0.0,9.0,HIGH,5.0,NONE,2024-12-28T10:00:00Z,SIMULATED,15.0,128.3
IR-12424,SUPERFAST,NDLS,PRYJ,KNP-PRYJ-SEC-B,630.0,389.5,435.4,,,45.9,97.04651537783116,CLEAR,25.6,0.0,9.0,HIGH,5.0,NONE,2024-01-01T10:00:00Z,SIMULATED,15.0,125.2
IR-12424,SUPERFAST,NDLS,PRYJ,KNP-PRYJ-SEC-B,630.0,400.0,451.0,,,51.0,94.5110959689471,CLEAR,28.8,0.0,9.0,HIGH,5.0,NONE,2024-02-02T10:00:00Z,SIMULATED,15.0,130.5
IR-12424,SUPERFAST,NDLS,PRYJ,KNP-PRYJ-SEC-B,630.0,399.0,449.5,,,50.5,94.72554527786043,CLEAR,32.0,0.0,9.0,HIGH,5.0,NONE,2024-03-03T10:00:00Z,SIMULATED,15.0,130.0
IR-12424,SUPERFAST,NDLS,PRYJ,KNP-PRYJ-SEC-B,630.0,407.3,461.7,,,54.4,92.80107400193168,FOGGY,20.8,0.0,1.5,HIGH,5.0,NONE,2024-04-04T10:00:00Z,SIMULATED,15.0,134.1
IR-12424,SUPERFAST,NDLS,PRYJ,KNP-PRYJ-SEC-B,630.0,402.8,455.1,,,52.3,93.84799762170194,LIGHT RAIN,23.2,1.5,4.0,HIGH,5.0,NONE,2024-05-05T10:00:00Z,SIMULATED,15.0,131.9
IR-12424,SUPERFAST,NDLS,PRYJ,KNP-PRYJ-SEC-B,630.0,385.0,428.7,,,43.7,98.17216450293029,LIGHT RAIN,25.6,1.5,4.0,HIGH,5.0,NONE,2024-06-06T10:00:00Z,SIMULATED,15.0,122.9
IR-12424,SUPERFAST,NDLS,PRYJ,KNP-PRYJ-SEC-B,630.0,417.9,477.0,,,59.1,90.452342805015,LIGHT RAIN,28.8,1.5,4.0,HIGH,5.0,NONE,2024-07-07T10:00:00Z,SIMULATED,15.0,139.0
IR-12424,SUPERFAST,NDLS,PRYJ,KNP-PRYJ-SEC-B,630.0,398.4,448.6,,,50.2,94.88580219774316,LIGHT RAIN,32.0,1.5,4.0,HIGH,5.0,NONE,2024-08-08T10:00:00Z,SIMULATED,15.0,129.7
IR-12424,SUPERFAST,NDLS,PRYJ,KNP-PRYJ-SEC-B,630.0,402.2,454.2,,,52.0,93.9822256736404,CLEAR,20.8,0.0,9.0,HIGH,5.0,NONE,2024-09-09T10:00:00Z,SIMULATED,15.0,131.6
IR-12424,SUPERFAST,NDLS,PRYJ,KNP-PRYJ-SEC-B,630.0,400.5,451.7,,,51.2,94.37840165166028,CLEAR,23.2,0.0,9.0,HIGH,5.0,NONE,2024-10-10T10:00:00Z,SIMULATED,15.0,130.7
IR-12424,SUPERFAST,NDLS,PRYJ,KNP-PRYJ-SEC-B,630.0,397.3,447.0,,,49.7,95.15087673554468,CLEAR,25.6,0.0,9.0,HIGH,5.0,NONE,2024-11-11T10:00:00Z,SIMULATED,15.0,129.2
IR-12424,SUPERFAST,NDLS,PRYJ,KNP-PRYJ-SEC-B,630.0,408.2,463.0,,,54.8,92.60278192228958,CLEAR,28.8,0.0,9.0,HIGH,5.0,NONE,2024-12-12T10:00:00Z,SIMULATED,15.0,134.5
IR-12424,SUPERFAST,NDLS,PRYJ,KNP-PRYJ-SEC-B,630.0,386.6,431.0,,,44.4,97.78381784201284,CLEAR,32.0,0.0,9.0,HIGH,5.0,NONE,2024-01-13T10:00:00Z,SIMULATED,15.0,123.6
IR-12424,SUPERFAST,NDLS,PRYJ,KNP-PRYJ-SEC-B,630.0,394.5,442.8,,,48.3,95.82515111081544,CLEAR,20.8,0.0,9.0,HIGH,5.0,NONE,2024-02-14T10:00:00Z,SIMULATED,15.0,127.7
IR-12424,SUPERFAST,NDLS,PRYJ,KNP-PRYJ-SEC-B,630.0,392.5,439.9,,,47.4,96.29497377782452,CLEAR,23.2,0.0,9.0,HIGH,5.0,NONE,2024-03-15T10:00:00Z,SIMULATED,15.0,126.7
IR-12424,SUPERFAST,NDLS,PRYJ,KNP-PRYJ-SEC-B,630.0,397.8,447.8,,,50.0,95.01765587621438,CLEAR,25.6,0.0,9.0,HIGH,5.0,NONE,2024-04-16T10:00:00Z,SIMULATED,15.0,129.5
IR-12424,SUPERFAST,NDLS,PRYJ,KNP-PRYJ-SEC-B,630.0,396.0,445.1,,,49.1,95.44301233270448,CLEAR,28.8,0.0,9.0,HIGH,5.0,NONE,2024-05-17T10:00:00Z,SIMULATED,15.0,128.5
IR-12424,SUPERFAST,NDLS,PRYJ,KNP-PRYJ-SEC-B,630.0,391.9,439.0,,,47.1,96.45653552684114,CLEAR,32.0,0.0,9.0,HIGH,5.0,NONE,2024-06-18T10:00:00Z,SIMULATED,15.0,126.4
IR-12424,SUPERFAST,NDLS,PRYJ,KNP-PRYJ-SEC-B,630.0,425.2,487.4,,,62.2,88.90599362660058,FOGGY,20.8,0.0,1.5,HIGH,5.0,NONE,2024-07-19T10:00:00Z,SIMULATED,15.0,142.3
IR-12424,SUPERFAST,NDLS,PRYJ,KNP-PRYJ-SEC-B,630.0,397.8,447.7,,,49.9,95.02585087217696,LIGHT RAIN,23.2,1.5,4.0,HIGH,5.0,NONE,2024-08-20T10:00:00Z,SIMULATED,15.0,129.4
IR-12424,SUPERFAST,NDLS,PRYJ,KNP-PRYJ-SEC-B,630.0,404.9,458.2,,,53.3,93.35609461773588,LIGHT RAIN,25.6,1.5,4.0,HIGH,5.0,NONE,2024-09-21T10:00:00Z,SIMULATED,15.0,132.9
IR-12424,SUPERFAST,NDLS,PRYJ,KNP-PRYJ-SEC-B,630.0,404.5,457.6,,,53.1,93.43729261951688,LIGHT RAIN,28.8,1.5,4.0,HIGH,5.0,NONE,2024-10-22T10:00:00Z,SIMULATED,15.0,132.7
IR-12424,SUPERFAST,NDLS,PRYJ,KNP-PRYJ-SEC-B,630.0,391.8,438.9,,,47.1,96.46961075706884,LIGHT RAIN,32.0,1.5,4.0,HIGH,5.0,NONE,2024-11-23T10:00:00Z,SIMULATED,15.0,126.4
IR-12424,SUPERFAST,NDLS,PRYJ,KNP-PRYJ-SEC-B,675.0,576.8,676.4,,,99.6,70.21100244213818,FOGGY,20.8,0.0,1.5,HIGH,5.0,NONE,2024-12-24T10:00:00Z,SIMULATED,15.0,187.4
IR-12424,SUPERFAST,NDLS,PRYJ,KNP-PRYJ-SEC-B,675.0,539.3,629.1,,,89.8,75.09892273827967,LIGHT RAIN,23.2,1.5,4.0,HIGH,5.0,NONE,2024-01-25T10:00:00Z,SIMULATED,15.0,176.8
IR-12424,SUPERFAST,NDLS,PRYJ,KNP-PRYJ-SEC-B,675.0,545.3,636.8,,,91.5,74.26723925781238,LIGHT RAIN,25.6,1.5,4.0,HIGH,5.0,NONE,2024-02-26T10:00:00Z,SIMULATED,15.0,178.6
IR-12424,SUPERFAST,NDLS,PRYJ,KNP-PRYJ-SEC-B,675.0,575.4,674.6,,,99.2,70.3871269134556,LIGHT RAIN,28.8,1.5,4.0,HIGH,5.0,NONE,2024-03-27T10:00:00Z,SIMULATED,15.0,187.0
IR-12424,SUPERFAST,NDLS,PRYJ,KNP-PRYJ-SEC-B,675.0,537.8,627.2,,,89.4,75.30438066634778,LIGHT RAIN,32.0,1.5,4.0,HIGH,5.0,NONE,2024-04-28T10:00:00Z,SIMULATED,15.0,176.4
IR-12424,SUPERFAST,NDLS,PRYJ,KNP-PRYJ-SEC-B,675.0,579.5,679.7,,,100.2,69.88720934077227,CLEAR,20.8,0.0,9.0,HIGH,5.0,NONE,2024-05-01T10:00:00Z,SIMULATED,15.0,188.1
IR-12424,SUPERFAST,NDLS,PRYJ,KNP-PRYJ-SEC-B,675.0,536.6,625.6,,,89.0,75.47542321291765,CLEAR,23.2,0.0,9.0,HIGH,5.0,NONE,2024-06-02T10:00:00Z,SIMULATED,15.0,175.9
IR-12424,SUPERFAST,NDLS,PRYJ,KNP-PRYJ-SEC-B,675.0,529.7,616.8,,,87.1,76.45710825652634,CLEAR,25.6,0.0,9.0,HIGH,5.0,NONE,2024-07-03T10:00:00Z,SIMULATED,15.0,173.9
IR-12424,SUPERFAST,NDLS,PRYJ,KNP-PRYJ-SEC-B,675.0,575.8,675.1,,,99.3,70.33342916081222,CLEAR,28.8,0.0,9.0,HIGH,5.0,NONE,2024-08-04T10:00:00Z,SIMULATED,15.0,187.1
IR-12424,SUPERFAST,NDLS,PRYJ,KNP-PRYJ-SEC-B,675.0,549.0,641.5,,,92.5,73.76716155601613,CLEAR,32.0,0.0,9.0,HIGH,5.0,NONE,2024-09-05T10:00:00Z,SIMULATED,15.0,179.7
IR-12424,SUPERFAST,NDLS,PRYJ,KNP-PRYJ-SEC-B,675.0,559.9,655.2,,,95.3,72.32905757060341,CLEAR,20.8,0.0,9.0,HIGH,5.0,NONE,2024-10-06T10:00:00Z,SIMULATED,15.0,182.7
IR-12424,SUPERFAST,NDLS,PRYJ,KNP-PRYJ-SEC-B,675.0,547.7,639.8,,,92.1,73.9482069535488,CLEAR,23.2,0.0,9.0,HIGH,5.0,NONE,2024-11-07T10:00:00Z,SIMULATED,15.0,179.3
IR-12424,SUPERFAST,NDLS,PRYJ,KNP-PRYJ-SEC-B,675.0,550.6,643.5,,,92.9,73.55045162930585,CLEAR,25.6,0.0,9.0,HIGH,5.0,NONE,2024-12-08T10:00:00Z,SIMULATED,15.0,180.1
IR-12424,SUPERFAST,NDLS,PRYJ,KNP-PRYJ-SEC-B,675.0,551.0,644.0,,,93.0,73.49769364412076,CLEAR,28.8,0.0,9.0,HIGH,5.0,NONE,2024-01-09T10:00:00Z,SIMULATED,15.0,180.2
IR-12424,SUPERFAST,NDLS,PRYJ,KNP-PRYJ-SEC-B,675.0,530.8,618.2,,,87.4,76.3004749298194,CLEAR,32.0,0.0,9.0,HIGH,5.0,NONE,2024-02-10T10:00:00Z,SIMULATED,15.0,174.2
IR-12424,SUPERFAST,NDLS,PRYJ,KNP-PRYJ-SEC-B,675.0,578.2,678.1,,,99.9,70.04890432274749,FOGGY,20.8,0.0,1.5,HIGH,5.0,NONE,2024-03-11T10:00:00Z,SIMULATED,15.0,187.7
IR-12424,SUPERFAST,NDLS,PRYJ,KNP-PRYJ-SEC-B,675.0,552.7,646.2,,,93.5,73.27044991638668,LIGHT RAIN,23.2,1.5,4.0,HIGH,5.0,NONE,2024-04-12T10:00:00Z,SIMULATED,15.0,180.8
IR-12424,SUPERFAST,NDLS,PRYJ,KNP-PRYJ-SEC-B,675.0,557.3,652.0,,,94.7,72.67240749758213,LIGHT RAIN,25.6,1.5,4.0,HIGH,5.0,NONE,2024-05-13T10:00:00Z,SIMULATED,15.0,182.1
IR-12424,SUPERFAST,NDLS,PRYJ,KNP-PRYJ-SEC-B,675.0,569.5,667.3,,,97.8,71.11111555662714,LIGHT RAIN,28.8,1.5,4.0,HIGH,5.0,NONE,2024-06-14T10:00:00Z,SIMULATED,15.0,185.5
IR-12424,SUPERFAST,NDLS,PRYJ,KNP-PRYJ-SEC-B,675.0,531.3,618.8,,,87.5,76.23145503326664,LIGHT RAIN,32.0,1.5,4.0,HIGH,5.0,NONE,2024-07-15T10:00:00Z,SIMULATED,15.0,174.3
IR-12424,SUPERFAST,NDLS,PRYJ,KNP-PRYJ-SEC-B,675.0,579.4,679.6,,,100.2,69.9027576305281,CLEAR,20.8,0.0,9.0,HIGH,5.0,NONE,2024-08-16T10:00:00Z,SIMULATED,15.0,188.1
IR-12424,SUPERFAST,NDLS,PRYJ,KNP-PRYJ-SEC-B,675.0,541.4,631.8,,,90.4,74.80950477896697,CLEAR,23.2,0.0,9.0,HIGH,5.0,NONE,2024-09-17T10:00:00Z,SIMULATED,15.0,177.4
IR-12424,SUPERFAST,NDLS,PRYJ,KNP-PRYJ-SEC-B,675.0,547.0,638.9,,,91.9,74.04645625011995,CLEAR,25.6,0.0,9.0,HIGH,5.0,NONE,2024-10-18T10:00:00Z,SIMULATED,15.0,179.1
IR-12424,SUPERFAST,NDLS,PRYJ,KNP-PRYJ-SEC-B,675.0,561.4,657.1,,,95.7,72.14673592334984,CLEAR,28.8,0.0,9.0,HIGH,5.0,NONE,2024-11-19T10:00:00Z,SIMULATED,15.0,183.2
IR-12424,SUPERFAST,NDLS,PRYJ,KNP-PRYJ-SEC-B,675.0,534.9,623.5,,,88.6,75.72113284418023,CLEAR,32.0,0.0,9.0,HIGH,5.0,NONE,2024-12-20T10:00:00Z,SIMULATED,15.0,175.5
IR-12424,SUPERFAST,NDLS,PRYJ,KNP-PRYJ-SEC-B,675.0,566.4,663.4,,,97.0,71.50875153528652,CLEAR,20.8,0.0,9.0,HIGH,5.0,NONE,2024-01-21T10:00:00Z,SIMULATED,15.0,184.6
IR-12424,SUPERFAST,NDLS,PRYJ,KNP-PRYJ-SEC-B,675.0,524.2,609.7,,,85.5,77.2551274796405,CLEAR,23.2,0.0,9.0,HIGH,5.0,NONE,2024-02-22T10:00:00Z,SIMULATED,15.0,172.1
IR-12424,SUPERFAST,NDLS,PRYJ,KNP-PRYJ-SEC-B,675.0,549.9,642.6,,,92.7,73.64700305771652,CLEAR,25.6,0.0,9.0,HIGH,5.0,NONE,2024-03-23T10:00:00Z,SIMULATED,15.0,179.9
IR-12424,SUPERFAST,NDLS,PRYJ,KNP-PRYJ-SEC-B,675.0,569.7,667.5,,,97.8,71.08564818819096,CLEAR,28.8,0.0,9.0,HIGH,5.0,NONE,2024-04-24T10:00:00Z,SIMULATED,15.0,185.5
IR-12424,SUPERFAST,NDLS,PRYJ,KNP-PRYJ-SEC-B,675.0,531.6,619.2,,,87.6,76.19152850666714,CLEAR,32.0,0.0,9.0,HIGH,5.0,NONE,2024-05-25T10:00:00Z,SIMULATED,15.0,174.4
IR-12424,SUPERFAST,NDLS,PRYJ,KNP-PRYJ-SEC-B,675.0,580.0,680.3,,,100.3,69.82994262402698,FOGGY,20.8,0.0,1.5,HIGH,5.0,NONE,2024-06-26T10:00:00Z,SIMULATED,15.0,188.2
IR-12424,SUPERFAST,NDLS,PRYJ,KNP-PRYJ-SEC-B,675.0,546.5,638.3,,,91.8,74.11083151732288,LIGHT RAIN,23.2,1.5,4.0,HIGH,5.0,NONE,2024-07-27T10:00:00Z,SIMULATED,15.0,178.9
IR-12424,SUPERFAST,NDLS,PRYJ,KNP-PRYJ-SEC-B,675.0,550.1,642.9,,,92.8,73.6204246209938,LIGHT RAIN,25.6,1.5,4.0,HIGH,5.0,NONE,2024-08-28T10:00:00Z,SIMULATED,15.0,180.0
IR-12424,SUPERFAST,NDLS,PRYJ,KNP-PRYJ-SEC-B,675.0,571.6,669.9,,,98.3,70.85798854666292,LIGHT RAIN,28.8,1.5,4.0,HIGH,5.0,NONE,2024-09-01T10:00:00Z,SIMULATED,15.0,186.0
IR-12424,SUPERFAST,NDLS,PRYJ,KNP-PRYJ-SEC-B,675.0,555.9,650.2,,,94.3,72.85897043107266,LIGHT RAIN,32.0,1.5,4.0,HIGH,5.0,NONE,2024-10-02T10:00:00Z,SIMULATED,15.0,181.7
IR-12424,SUPERFAST,NDLS,PRYJ,KNP-PRYJ-SEC-B,720.0,671.0,782.2,,,111.2,64.38083162471945,FOGGY,20.8,0.0,1.5,HIGH,5.0,NONE,2024-11-03T10:00:00Z,SIMULATED,15.0,205.2
IR-12424,SUPERFAST,NDLS,PRYJ,KNP-PRYJ-SEC-B,720.0,650.5,757.7,,,107.2,66.40981421186692,LIGHT RAIN,23.2,1.5,4.0,HIGH,5.0,NONE,2024-12-04T10:00:00Z,SIMULATED,15.0,200.8
IR-12424,SUPERFAST,NDLS,PRYJ,KNP-PRYJ-SEC-B,720.0,634.2,738.0,,,103.8,68.12242073142181,LIGHT RAIN,25.6,1.5,4.0,HIGH,5.0,NONE,2024-01-05T10:00:00Z,SIMULATED,15.0,197.0
IR-12424,SUPERFAST,NDLS,PRYJ,KNP-PRYJ-SEC-B,720.0,664.5,774.5,,,110.0,65.00879253393734,LIGHT RAIN,28.8,1.5,4.0,HIGH,5.0,NONE,2024-02-06T10:00:00Z,SIMULATED,15.0,203.8
IR-12424,SUPERFAST,NDLS,PRYJ,KNP-PRYJ-SEC-B,720.0,638.0,742.6,,,104.6,67.71482461648336,LIGHT RAIN,32.0,1.5,4.0,HIGH,5.0,NONE,2024-03-07T10:00:00Z,SIMULATED,15.0,197.9
IR-12424,SUPERFAST,NDLS,PRYJ,KNP-PRYJ-SEC-B,720.0,637.1,741.5,,,104.4,67.80615627050207,CLEAR,20.8,0.0,9.0,HIGH,5.0,NONE,2024-04-08T10:00:00Z,SIMULATED,15.0,197.7
IR-12424,SUPERFAST,NDLS,PRYJ,KNP-PRYJ-SEC-B,720.0,623.8,725.3,,,101.5,69.25285965525777,CLEAR,23.2,0.0,9.0,HIGH,5.0,NONE,2024-05-09T10:00:00Z,SIMULATED,15.0,194.5
IR-12424,SUPERFAST,NDLS,PRYJ,KNP-PRYJ-SEC-B,720.0,631.0,734.1,,,103.1,68.46004301897341,CLEAR,25.6,0.0,9.0,HIGH,5.0,NONE,2024-06-10T10:00:00Z,SIMULATED,15.0,196.2
IR-12424,SUPERFAST,NDLS,PRYJ,KNP-PRYJ-SEC-B,720.0,660.6,769.8,,,109.2,65.39402234006077,CLEAR,28.8,0.0,9.0,HIGH,5.0,NONE,2024-07-11T10:00:00Z,SIMULATED,15.0,203.0
IR-12424,SUPERFAST,NDLS,PRYJ,KNP-PRYJ-SEC-B,720.0,607.5,705.3,,,97.8,71.10724734814632,CLEAR,32.0,0.0,9.0,HIGH,5.0,NONE,2024-08-12T10:00:00Z,SIMULATED,15.0,190.5
IR-12424,SUPERFAST,NDLS,PRYJ,KNP-PRYJ-SEC-B,720.0,663.2,772.9,,,109.7,65.13880141922994,CLEAR,20.8,0.0,9.0,HIGH,5.0,NONE,2024-09-13T10:00:00Z,SIMULATED,15.0,203.5
IR-12424,SUPERFAST,NDLS,PRYJ,KNP-PRYJ-SEC-B,720.0,637.2,741.6,,,104.4,67.79761757414641,CLEAR,23.2,0.0,9.0,HIGH,5.0,NONE,2024-10-14T10:00:00Z,SIMULATED,15.0,197.7
IR-12424,SUPERFAST,NDLS,PRYJ,KNP-PRYJ-SEC-B,720.0,610.4,708.8,,,98.4,70.77837425903834,CLEAR,25.6,0.0,9.0,HIGH,5.0,NONE,2024-11-15T10:00:00Z,SIMULATED,15.0,191.1
IR-12424,SUPERFAST,NDLS,PRYJ,KNP-PRYJ-SEC-B,720.0,642.1,747.6,,,105.5,67.27451857947028,CLEAR,28.8,0.0,9.0,HIGH,5.0,NONE,2024-12-16T10:00:00Z,SIMULATED,15.0,198.9
IR-12424,SUPERFAST,NDLS,PRYJ,KNP-PRYJ-SEC-B,720.0,623.0,724.3,,,101.3,69.3429740101935,CLEAR,32.0,0.0,9.0,HIGH,5.0,NONE,2024-01-17T10:00:00Z,SIMULATED,15.0,194.3
IR-12424,SUPERFAST,NDLS,PRYJ,KNP-PRYJ-SEC-B,720.0,653.8,761.6,,,107.8,66.0756896650399,FOGGY,20.8,0.0,1.5,HIGH,5.0,NONE,2024-02-18T10:00:00Z,SIMULATED,15.0,201.4
IR-12424,SUPERFAST,NDLS,PRYJ,KNP-PRYJ-SEC-B,720.0,650.5,757.7,,,107.2,66.41448732426116,LIGHT RAIN,23.2,1.5,4.0,HIGH,5.0,NONE,2024-03-19T10:00:00Z,SIMULATED,15.0,200.8
IR-12424,SUPERFAST,NDLS,PRYJ,KNP-PRYJ-SEC-B,720.0,620.5,721.3,,,100.8,69.62158177710252,LIGHT RAIN,25.6,1.5,4.0,HIGH,5.0,NONE,2024-04-20T10:00:00Z,SIMULATED,15.0,193.7
IR-12424,SUPERFAST,NDLS,PRYJ,KNP-PRYJ-SEC-B,720.0,663.7,773.5,,,109.8,65.08958721655844,LIGHT RAIN,28.8,1.5,4.0,HIGH,5.0,NONE,2024-05-21T10:00:00Z,SIMULATED,15.0,203.6
IR-12424,SUPERFAST,NDLS,PRYJ,KNP-PRYJ-SEC-B,720.0,638.3,742.9,,,104.6,67.68392276091289,LIGHT RAIN,32.0,1.5,4.0,HIGH,5.0,NONE,2024-06-22T10:00:00Z,SIMULATED,15.0,197.9
IR-12424,SUPERFAST,NDLS,PRYJ,KNP-PRYJ-SEC-B,720.0,647.0,753.5,,,106.5,66.76477888859318,CLEAR,20.8,0.0,9.0,HIGH,5.0,NONE,2024-07-23T10:00:00Z,SIMULATED,15.0,200.0
IR-12424,SUPERFAST,NDLS,PRYJ,KNP-PRYJ-SEC-B,720.0,610.7,709.2,,,98.5,70.74028325409691,CLEAR,23.2,0.0,9.0,HIGH,5.0,NONE,2024-08-24T10:00:00Z,SIMULATED,15.0,191.2
IR-12424,SUPERFAST,NDLS,PRYJ,KNP-PRYJ-SEC-B,720.0,628.1,730.5,,,102.4,68.77815841026342,CLEAR,25.6,0.0,9.0,HIGH,5.0,NONE,2024-09-25T10:00:00Z,SIMULATED,15.0,195.5
IR-12424,SUPERFAST,NDLS,PRYJ,KNP-PRYJ-SEC-B,720.0,634.2,738.0,,,103.8,68.11527963833127,CLEAR,28.8,0.0,9.0,HIGH,5.0,NONE,2024-10-26T10:00:00Z,SIMULATED,15.0,197.0
IR-12424,SUPERFAST,NDLS,PRYJ,KNP-PRYJ-SEC-B,720.0,648.3,755.0,,,106.7,66.63623657870048,CLEAR,32.0,0.0,9.0,HIGH,5.0,NONE,2024-11-27T10:00:00Z,SIMULATED,15.0,200.2
IR-12424,SUPERFAST,NDLS,PRYJ,KNP-PRYJ-SEC-B,720.0,681.6,794.8,,,113.2,63.38261199920259,CLEAR,20.8,0.0,9.0,HIGH,5.0,NONE,2024-12-28T10:00:00Z,SIMULATED,15.0,207.4
IR-12424,SUPERFAST,NDLS,PRYJ,KNP-PRYJ-SEC-B,720.0,624.5,726.2,,,101.7,69.1747003422832,CLEAR,23.2,0.0,9.0,HIGH,5.0,NONE,2024-01-01T10:00:00Z,SIMULATED,15.0,194.7
IR-12424,SUPERFAST,NDLS,PRYJ,KNP-PRYJ-SEC-B,720.0,640.6,745.7,,,105.1,67.43157867621042,CLEAR,25.6,0.0,9.0,HIGH,5.0,NONE,2024-02-02T10:00:00Z,SIMULATED,15.0,198.4
IR-12424,SUPERFAST,NDLS,PRYJ,KNP-PRYJ-SEC-B,720.0,664.5,774.5,,,110.0,65.0130659017743,CLEAR,28.8,0.0,9.0,HIGH,5.0,NONE,2024-03-03T10:00:00Z,SIMULATED,15.0,203.8
IR-12424,SUPERFAST,NDLS,PRYJ,KNP-PRYJ-SEC-B,720.0,638.1,742.7,,,104.6,67.70285283659214,CLEAR,32.0,0.0,9.0,HIGH,5.0,NONE,2024-04-04T10:00:00Z,SIMULATED,15.0,197.9
IR-12424,SUPERFAST,NDLS,PRYJ,KNP-PRYJ-SEC-B,720.0,706.2,823.9,,,117.7,61.1741601403395,FOGGY,20.8,0.0,1.5,HIGH,5.0,NONE,2024-05-05T10:00:00Z,SIMULATED,15.0,212.4
IR-12424,SUPERFAST,NDLS,PRYJ,KNP-PRYJ-SEC-B,720.0,646.3,752.6,,,106.3,66.84478048116148,LIGHT RAIN,23.2,1.5,4.0,HIGH,5.0,NONE,2024-06-06T10:00:00Z,SIMULATED,15.0,199.8
IR-12424,SUPERFAST,NDLS,PRYJ,KNP-PRYJ-SEC-B,720.0,633.6,737.2,,,103.6,68.18360236388727,LIGHT RAIN,25.6,1.5,4.0,HIGH,5.0,NONE,2024-07-07T10:00:00Z,SIMULATED,15.0,196.8
IR-12424,SUPERFAST,NDLS,PRYJ,KNP-PRYJ-SEC-B,720.0,639.6,744.5,,,104.9,67.54089206277929,LIGHT RAIN,28.8,1.5,4.0,HIGH,5.0,NONE,2024-08-08T10:00:00Z,SIMULATED,15.0,198.2
IR-12424,SUPERFAST,NDLS,PRYJ,KNP-PRYJ-SEC-B,720.0,673.3,785.0,,,111.7,64.16533724271206,LIGHT RAIN,32.0,1.5,4.0,HIGH,5.0,NONE,2024-09-09T10:00:00Z,SIMULATED,15.0,205.7
IR-12424,SUPERFAST,NDLS,PRYJ,KNP-PRYJ-SEC-B,765.0,651.2,750.2,,,99.0,70.48605486774491,FOGGY,20.8,0.0,1.5,HIGH,5.0,NONE,2024-10-10T10:00:00Z,SIMULATED,15.0,196.8
IR-12424,SUPERFAST,NDLS,PRYJ,KNP-PRYJ-SEC-B,765.0,617.5,708.8,,,91.3,74.32713480517569,LIGHT RAIN,23.2,1.5,4.0,HIGH,5.0,NONE,2024-11-11T10:00:00Z,SIMULATED,15.0,188.4
IR-12424,SUPERFAST,NDLS,PRYJ,KNP-PRYJ-SEC-B,765.0,604.8,693.0,,,88.2,75.89327399997254,LIGHT RAIN,25.6,1.5,4.0,HIGH,5.0,NONE,2024-12-12T10:00:00Z,SIMULATED,15.0,185.1
IR-12424,SUPERFAST,NDLS,PRYJ,KNP-PRYJ-SEC-B,765.0,636.8,732.7,,,95.9,72.07478202328326,LIGHT RAIN,28.8,1.5,4.0,HIGH,5.0,NONE,2024-01-13T10:00:00Z,SIMULATED,15.0,193.4
IR-12424,SUPERFAST,NDLS,PRYJ,KNP-PRYJ-SEC-B,765.0,624.2,717.1,,,92.9,73.53006365533275,LIGHT RAIN,32.0,1.5,4.0,HIGH,5.0,NONE,2024-02-14T10:00:00Z,SIMULATED,15.0,190.1
IR-12424,SUPERFAST,NDLS,PRYJ,KNP-PRYJ-SEC-B,765.0,645.8,743.6,,,97.8,71.07921216293062,CLEAR,20.8,0.0,9.0,HIGH,5.0,NONE,2024-03-15T10:00:00Z,SIMULATED,15.0,195.5
IR-12424,SUPERFAST,NDLS,PRYJ,KNP-PRYJ-SEC-B,765.0,622.3,714.8,,,92.5,73.76449530104802,CLEAR,23.2,0.0,9.0,HIGH,5.0,NONE,2024-04-16T10:00:00Z,SIMULATED,15.0,189.7
IR-12424,SUPERFAST,NDLS,PRYJ,KNP-PRYJ-SEC-B,765.0,611.3,701.1,,,89.8,75.0846168581553,CLEAR,25.6,0.0,9.0,HIGH,5.0,NONE,2024-05-17T10:00:00Z,SIMULATED,15.0,186.8
IR-12424,SUPERFAST,NDLS,PRYJ,KNP-PRYJ-SEC-B,765.0,665.6,767.7,,,102.1,68.96212728041642,CLEAR,28.8,0.0,9.0,HIGH,5.0,NONE,2024-06-18T10:00:00Z,SIMULATED,15.0,200.2
IR-12424,SUPERFAST,NDLS,PRYJ,KNP-PRYJ-SEC-B,765.0,595.2,681.0,,,85.8,77.11869937515918,CLEAR,32.0,0.0,9.0,HIGH,5.0,NONE,2024-07-19T10:00:00Z,SIMULATED,15.0,182.5
IR-12424,SUPERFAST,NDLS,PRYJ,KNP-PRYJ-SEC-B,765.0,659.2,759.9,,,100.7,69.62615540400219,CLEAR,20.8,0.0,9.0,HIGH,5.0,NONE,2024-08-20T10:00:00Z,SIMULATED,15.0,198.6
IR-12424,SUPERFAST,NDLS,PRYJ,KNP-PRYJ-SEC-B,765.0,623.9,716.8,,,92.9,73.56605331621691,CLEAR,23.2,0.0,9.0,HIGH,5.0,NONE,2024-09-21T10:00:00Z,SIMULATED,15.0,190.1
IR-12424,SUPERFAST,NDLS,PRYJ,KNP-PRYJ-SEC-B,765.0,611.3,701.1,,,89.8,75.08858604377494,CLEAR,25.6,0.0,9.0,HIGH,5.0,NONE,2024-10-22T10:00:00Z,SIMULATED,15.0,186.8
IR-12424,SUPERFAST,NDLS,PRYJ,KNP-PRYJ-SEC-B,765.0,630.0,724.3,,,94.3,72.86076347179068,CLEAR,28.8,0.0,9.0,HIGH,5.0,NONE,2024-11-23T10:00:00Z,SIMULATED,15.0,191.7
IR-12424,SUPERFAST,NDLS,PRYJ,KNP-PRYJ-SEC-B,765.0,604.3,692.4,,,88.1,75.95830995753929,CLEAR,32.0,0.0,9.0,HIGH,5.0,NONE,2024-12-24T10:00:00Z,SIMULATED,15.0,184.9
IR-12424,SUPERFAST,NDLS,PRYJ,KNP-PRYJ-SEC-B,765.0,635.9,731.5,,,95.6,72.18233779379203,FOGGY,20.8,0.0,1.5,HIGH,5.0,NONE,2024-01-25T10:00:00Z,SIMULATED,15.0,193.1
IR-12424,SUPERFAST,NDLS,PRYJ,KNP-PRYJ-SEC-B,765.0,614.7,705.3,,,90.6,74.67659188400062,LIGHT RAIN,23.2,1.5,4.0,HIGH,5.0,NONE,2024-02-26T10:00:00Z,SIMULATED,15.0,187.7
IR-12424,SUPERFAST,NDLS,PRYJ,KNP-PRYJ-SEC-B,765.0,628.0,721.8,,,93.8,73.08881770421124,LIGHT RAIN,25.6,1.5,4.0,HIGH,5.0,NONE,2024-03-27T10:00:00Z,SIMULATED,15.0,191.1
IR-12424,SUPERFAST,NDLS,PRYJ,KNP-PRYJ-SEC-B,765.0,657.3,757.6,,,100.3,69.83235100559867,LIGHT RAIN,28.8,1.5,4.0,HIGH,5.0,NONE,2024-04-28T10:00:00Z,SIMULATED,15.0,198.2
IR-12424,SUPERFAST,NDLS,PRYJ,KNP-PRYJ-SEC-B,765.0,610.2,699.8,,,89.6,75.22357652474794,LIGHT RAIN,32.0,1.5,4.0,HIGH,5.0,NONE,2024-05-01T10:00:00Z,SIMULATED,15.0,186.6
IR-12424,SUPERFAST,NDLS,PRYJ,KNP-PRYJ-SEC-B,765.0,632.1,726.9,,,94.8,72.61290540244372,CLEAR,20.8,0.0,9.0,HIGH,5.0,NONE,2024-06-02T10:00:00Z,SIMULATED,15.0,192.2
IR-12424,SUPERFAST,NDLS,PRYJ,KNP-PRYJ-SEC-B,765.0,608.9,698.1,,,89.2,75.37570376930141,CLEAR,23.2,0.0,9.0,HIGH,5.0,NONE,2024-07-03T10:00:00Z,SIMULATED,15.0,186.1
IR-12424,SUPERFAST,NDLS,PRYJ,KNP-PRYJ-SEC-B,765.0,625.1,718.2,,,93.1,73.4289832002684,CLEAR,25.6,0.0,9.0,HIGH,5.0,NONE,2024-08-04T10:00:00Z,SIMULATED,15.0,190.4
IR-12424,SUPERFAST,NDLS,PRYJ,KNP-PRYJ-SEC-B,765.0,622.8,715.4,,,92.6,73.69688957860346,CLEAR,28.8,0.0,9.0,HIGH,5.0,NONE,2024-09-05T10:00:00Z,SIMULATED,15.0,189.8
IR-12424,SUPERFAST,NDLS,PRYJ,KNP-PRYJ-SEC-B,765.0,642.7,739.9,,,97.2,71.4219438337053,CLEAR,32.0,0.0,9.0,HIGH,5.0,NONE,2024-10-06T10:00:00Z,SIMULATED,15.0,194.8
IR-12424,SUPERFAST,NDLS,PRYJ,KNP-PRYJ-SEC-B,765.0,628.3,722.2,,,93.9,73.04951010542192,CLEAR,20.8,0.0,9.0,HIGH,5.0,NONE,2024-11-07T10:00:00Z,SIMULATED,15.0,191.2
IR-12424,SUPERFAST,NDLS,PRYJ,KNP-PRYJ-SEC-B,765.0,606.3,694.9,,,88.6,75.69913250102232,CLEAR,23.2,0.0,9.0,HIGH,5.0,NONE,2024-12-08T10:00:00Z,SIMULATED,15.0,185.5
IR-12424,SUPERFAST,NDLS,PRYJ,KNP-PRYJ-SEC-B,765.0,600.1,687.1,,,87.0,76.48547802881251,CLEAR,25.6,0.0,9.0,HIGH,5.0,NONE,2024-01-09T10:00:00Z,SIMULATED,15.0,183.8
IR-12424,SUPERFAST,NDLS,PRYJ,KNP-PRYJ-SEC-B,765.0,631.2,725.8,,,94.6,72.72266830016508,CLEAR,28.8,0.0,9.0,HIGH,5.0,NONE,2024-02-10T10:00:00Z,SIMULATED,15.0,192.0
IR-12424,SUPERFAST,NDLS,PRYJ,KNP-PRYJ-SEC-B,765.0,597.9,684.4,,,86.5,76.76791849022948,CLEAR,32.0,0.0,9.0,HIGH,5.0,NONE,2024-03-11T10:00:00Z,SIMULATED,15.0,183.2
IR-12424,SUPERFAST,NDLS,PRYJ,KNP-PRYJ-SEC-B,765.0,651.2,750.2,,,99.0,70.48593362394382,FOGGY,20.8,0.0,1.5,HIGH,5.0,NONE,2024-04-12T10:00:00Z,SIMULATED,15.0,196.8
IR-12424,SUPERFAST,NDLS,PRYJ,KNP-PRYJ-SEC-B,765.0,606.6,695.3,,,88.7,75.6630474314045,LIGHT RAIN,23.2,1.5,4.0,HIGH,5.0,NONE,2024-05-13T10:00:00Z,SIMULATED,15.0,185.6
IR-12424,SUPERFAST,NDLS,PRYJ,KNP-PRYJ-SEC-B,765.0,626.5,720.0,,,93.5,73.26324187103852,LIGHT RAIN,25.6,1.5,4.0,HIGH,5.0,NONE,2024-06-14T10:00:00Z,SIMULATED,15.0,190.8
IR-12424,SUPERFAST,NDLS,PRYJ,KNP-PRYJ-SEC-B,765.0,639.0,735.3,,,96.3,71.82969716824374,LIGHT RAIN,28.8,1.5,4.0,HIGH,5.0,NONE,2024-07-15T10:00:00Z,SIMULATED,15.0,193.8
IR-12424,SUPERFAST,NDLS,PRYJ,KNP-PRYJ-SEC-B,765.0,629.7,723.9,,,94.2,72.89469668032834,LIGHT RAIN,32.0,1.5,4.0,HIGH,5.0,NONE,2024-08-16T10:00:00Z,SIMULATED,15.0,191.5
IR-12424,SUPERFAST,NDLS,PRYJ,KNP-PRYJ-SEC-B,810.0,737.1,845.2,,,108.1,65.92997666999372,FOGGY,20.8,0.0,1.5,HIGH,5.0,NONE,2024-09-17T10:00:00Z,SIMULATED,15.0,211.8
IR-12424,SUPERFAST,NDLS,PRYJ,KNP-PRYJ-SEC-B,810.0,706.1,808.4,,,102.3,68.8290547245833,LIGHT RAIN,23.2,1.5,4.0,HIGH,5.0,NONE,2024-10-18T10:00:00Z,SIMULATED,15.0,205.4
IR-12424,SUPERFAST,NDLS,PRYJ,KNP-PRYJ-SEC-B,810.0,695.3,795.5,,,100.2,69.89362276896509,LIGHT RAIN,25.6,1.5,4.0,HIGH,5.0,NONE,2024-11-19T10:00:00Z,SIMULATED,15.0,203.1
IR-12424,SUPERFAST,NDLS,PRYJ,KNP-PRYJ-SEC-B,810.0,710.9,814.2,,,103.3,68.3646592843301,LIGHT RAIN,28.8,1.5,4.0,HIGH,5.0,NONE,2024-12-20T10:00:00Z,SIMULATED,15.0,206.5
IR-12424,SUPERFAST,NDLS,PRYJ,KNP-PRYJ-SEC-B,810.0,716.5,820.8,,,104.3,67.83038256548994,LIGHT RAIN,32.0,1.5,4.0,HIGH,5.0,NONE,2024-01-21T10:00:00Z,SIMULATED,15.0,207.6
IR-12424,SUPERFAST,NDLS,PRYJ,KNP-PRYJ-SEC-B,810.0,711.4,814.8,,,103.4,68.32033566567922,CLEAR,20.8,0.0,9.0,HIGH,5.0,NONE,2024-02-22T10:00:00Z,SIMULATED,15.0,206.6
IR-12424,SUPERFAST,NDLS,PRYJ,KNP-PRYJ-SEC-B,810.0,682.7,780.3,,,97.6,71.18379827683276,CLEAR,23.2,0.0,9.0,HIGH,5.0,NONE,2024-03-23T10:00:00Z,SIMULATED,15.0,200.2
IR-12424,SUPERFAST,NDLS,PRYJ,KNP-PRYJ-SEC-B,810.0,680.3,777.4,,,97.1,71.43521207244481,CLEAR,25.6,0.0,9.0,HIGH,5.0,NONE,2024-04-24T10:00:00Z,SIMULATED,15.0,199.7
IR-12424,SUPERFAST,NDLS,PRYJ,KNP-PRYJ-SEC-B,810.0,716.9,821.3,,,104.4,67.78924265929331,CLEAR,28.8,0.0,9.0,HIGH,5.0,NONE,2024-05-25T10:00:00Z,SIMULATED,15.0,207.7
IR-12424,SUPERFAST,NDLS,PRYJ,KNP-PRYJ-SEC-B,810.0,685.7,783.9,,,98.2,70.87647110190963,CLEAR,32.0,0.0,9.0,HIGH,5.0,NONE,2024-06-26T10:00:00Z,SIMULATED,15.0,200.9
IR-12424,SUPERFAST,NDLS,PRYJ,KNP-PRYJ-SEC-B,810.0,738.6,847.0,,,108.4,65.80391293219498,CLEAR,20.8,0.0,9.0,HIGH,5.0,NONE,2024-07-27T10:00:00Z,SIMULATED,15.0,212.1
IR-12424,SUPERFAST,NDLS,PRYJ,KNP-PRYJ-SEC-B,810.0,687.8,786.5,,,98.7,70.65541935544232,CLEAR,23.2,0.0,9.0,HIGH,5.0,NONE,2024-08-28T10:00:00Z,SIMULATED,15.0,201.4
IR-12424,SUPERFAST,NDLS,PRYJ,KNP-PRYJ-SEC-B,810.0,678.8,775.6,,,96.8,71.59658426833971,CLEAR,25.6,0.0,9.0,HIGH,5.0,NONE,2024-09-01T10:00:00Z,SIMULATED,15.0,199.4
IR-12424,SUPERFAST,NDLS,PRYJ,KNP-PRYJ-SEC-B,810.0,708.4,811.2,,,102.8,68.60454810824959,CLEAR,28.8,0.0,9.0,HIGH,5.0,NONE,2024-10-02T10:00:00Z,SIMULATED,15.0,205.9
IR-12424,SUPERFAST,NDLS,PRYJ,KNP-PRYJ-SEC-B,810.0,685.7,784.0,,,98.3,70.87266297294448,CLEAR,32.0,0.0,9.0,HIGH,5.0,NONE,2024-11-03T10:00:00Z,SIMULATED,15.0,201.0
IR-12424,SUPERFAST,NDLS,PRYJ,KNP-PRYJ-SEC-B,810.0,730.1,837.0,,,106.9,66.56271377032445,FOGGY,20.8,0.0,1.5,HIGH,5.0,NONE,2024-12-04T10:00:00Z,SIMULATED,15.0,210.4
IR-12424,SUPERFAST,NDLS,PRYJ,KNP-PRYJ-SEC-B,810.0,701.5,802.9,,,101.4,69.27860428814745,LIGHT RAIN,23.2,1.5,4.0,HIGH,5.0,NONE,2024-01-05T10:00:00Z,SIMULATED,15.0,204.4
IR-12424,SUPERFAST,NDLS,PRYJ,KNP-PRYJ-SEC-B,810.0,695.5,795.7,,,100.2,69.87525537299003,LIGHT RAIN,25.6,1.5,4.0,HIGH,5.0,NONE,2024-02-06T10:00:00Z,SIMULATED,15.0,203.1
IR-12424,SUPERFAST,NDLS,PRYJ,KNP-PRYJ-SEC-B,810.0,724.3,830.1,,,105.8,67.10365151812377,LIGHT RAIN,28.8,1.5,4.0,HIGH,5.0,NONE,2024-03-07T10:00:00Z,SIMULATED,15.0,209.2
IR-12424,SUPERFAST,NDLS,PRYJ,KNP-PRYJ-SEC-B,810.0,728.9,835.5,,,106.6,66.67736829747017,LIGHT RAIN,32.0,1.5,4.0,HIGH,5.0,NONE,2024-04-08T10:00:00Z,SIMULATED,15.0,210.1
IR-12424,SUPERFAST,NDLS,PRYJ,KNP-PRYJ-SEC-B,810.0,695.1,795.3,,,100.2,69.91383026251492,CLEAR,20.8,0.0,9.0,HIGH,5.0,NONE,2024-05-09T10:00:00Z,SIMULATED,15.0,203.1
IR-12424,SUPERFAST,NDLS,PRYJ,KNP-PRYJ-SEC-B,810.0,687.1,785.6,,,98.5,70.73124609341994,CLEAR,23.2,0.0,9.0,HIGH,5.0,NONE,2024-06-10T10:00:00Z,SIMULATED,15.0,201.2
IR-12424,SUPERFAST,NDLS,PRYJ,KNP-PRYJ-SEC-B,810.0,690.1,789.2,,,99.1,70.42824800739032,CLEAR,25.6,0.0,9.0,HIGH,5.0,NONE,2024-07-11T10:00:00Z,SIMULATED,15.0,201.9
IR-12424,SUPERFAST,NDLS,PRYJ,KNP-PRYJ-SEC-B,810.0,715.0,819.1,,,104.1,67.97414672793423,CLEAR,28.8,0.0,9.0,HIGH,5.0,NONE,2024-08-12T10:00:00Z,SIMULATED,15.0,207.3
IR-12424,SUPERFAST,NDLS,PRYJ,KNP-PRYJ-SEC-B,810.0,701.4,802.8,,,101.4,69.28850662952613,CLEAR,32.0,0.0,9.0,HIGH,5.0,NONE,2024-09-13T10:00:00Z,SIMULATED,15.0,204.4
IR-12424,SUPERFAST,NDLS,PRYJ,KNP-PRYJ-SEC-B,810.0,694.9,795.0,,,100.1,69.9356532821251,CLEAR,20.8,0.0,9.0,HIGH,5.0,NONE,2024-10-14T10:00:00Z,SIMULATED,15.0,203.0
IR-12424,SUPERFAST,NDLS,PRYJ,KNP-PRYJ-SEC-B,810.0,685.6,783.8,,,98.2,70.88428480414062,CLEAR,23.2,0.0,9.0,HIGH,5.0,NONE,2024-11-15T10:00:00Z,SIMULATED,15.0,200.9
IR-12424,SUPERFAST,NDLS,PRYJ,KNP-PRYJ-SEC-B,810.0,680.7,777.9,,,97.2,71.40014030569759,CLEAR,25.6,0.0,9.0,HIGH,5.0,NONE,2024-12-16T10:00:00Z,SIMULATED,15.0,199.8
IR-12424,SUPERFAST,NDLS,PRYJ,KNP-PRYJ-SEC-B,810.0,697.2,797.8,,,100.6,69.70267714027969,CLEAR,28.8,0.0,9.0,HIGH,5.0,NONE,2024-01-17T10:00:00Z,SIMULATED,15.0,203.5
IR-12424,SUPERFAST,NDLS,PRYJ,KNP-PRYJ-SEC-B,810.0,662.6,755.9,,,93.3,73.35095332464631,CLEAR,32.0,0.0,9.0,HIGH,5.0,NONE,2024-02-18T10:00:00Z,SIMULATED,15.0,195.6
IR-12424,SUPERFAST,NDLS,PRYJ,KNP-PRYJ-SEC-B,810.0,730.0,836.9,,,106.9,66.5733179777408,FOGGY,20.8,0.0,1.5,HIGH,5.0,NONE,2024-03-19T10:00:00Z,SIMULATED,15.0,210.4
IR-12424,SUPERFAST,NDLS,PRYJ,KNP-PRYJ-SEC-B,810.0,697.8,798.5,,,100.7,69.64896378611164,LIGHT RAIN,23.2,1.5,4.0,HIGH,5.0,NONE,2024-04-20T10:00:00Z,SIMULATED,15.0,203.6
IR-12424,SUPERFAST,NDLS,PRYJ,KNP-PRYJ-SEC-B,810.0,704.3,806.3,,,102.0,69.00471538071224,LIGHT RAIN,25.6,1.5,4.0,HIGH,5.0,NONE,2024-05-21T10:00:00Z,SIMULATED,15.0,205.0
IR-12424,SUPERFAST,NDLS,PRYJ,KNP-PRYJ-SEC-B,810.0,741.3,850.2,,,108.9,65.55810067251528,LIGHT RAIN,28.8,1.5,4.0,HIGH,5.0,NONE,2024-06-22T10:00:00Z,SIMULATED,15.0,212.6
IR-12424,SUPERFAST,NDLS,PRYJ,KNP-PRYJ-SEC-B,810.0,687.8,786.5,,,98.7,70.66413728957471,LIGHT RAIN,32.0,1.5,4.0,HIGH,5.0,NONE,2024-07-23T10:00:00Z,SIMULATED,15.0,201.4
IR-12424,SUPERFAST,NDLS,PRYJ,KNP-PRYJ-SEC-B,855.0,713.1,809.2,,,96.1,71.94189766533054,FOGGY,20.8,0.0,1.5,HIGH,5.0,NONE,2024-08-24T10:00:00Z,SIMULATED,15.0,203.6
IR-12424,SUPERFAST,NDLS,PRYJ,KNP-PRYJ-SEC-B,855.0,663.8,749.2,,,85.4,77.28291650317016,LIGHT RAIN,23.2,1.5,4.0,HIGH,5.0,NONE,2024-09-25T10:00:00Z,SIMULATED,15.0,192.0
IR-12424,SUPERFAST,NDLS,PRYJ,KNP-PRYJ-SEC-B,855.0,667.1,753.3,,,86.2,76.90413382754704,LIGHT RAIN,25.6,1.5,4.0,HIGH,5.0,NONE,2024-10-26T10:00:00Z,SIMULATED,15.0,192.9
IR-12424,SUPERFAST,NDLS,PRYJ,KNP-PRYJ-SEC-B,855.0,690.7,782.2,,,91.5,74.26973965388159,LIGHT RAIN,28.8,1.5,4.0,HIGH,5.0,NONE,2024-11-27T10:00:00Z,SIMULATED,15.0,198.6
IR-12424,SUPERFAST,NDLS,PRYJ,KNP-PRYJ-SEC-B,855.0,680.8,770.1,,,89.3,75.35722665024747,LIGHT RAIN,32.0,1.5,4.0,HIGH,5.0,NONE,2024-12-28T10:00:00Z,SIMULATED,15.0,196.2
IR-12424,SUPERFAST,NDLS,PRYJ,KNP-PRYJ-SEC-B,855.0,678.2,766.9,,,88.7,75.64118170320556,CLEAR,20.8,0.0,9.0,HIGH,5.0,NONE,2024-01-01T10:00:00Z,SIMULATED,15.0,195.6
IR-12424,SUPERFAST,NDLS,PRYJ,KNP-PRYJ-SEC-B,855.0,671.0,758.1,,,87.1,76.45689047896201,CLEAR,23.2,0.0,9.0,HIGH,5.0,NONE,2024-02-02T10:00:00Z,SIMULATED,15.0,193.9
IR-12424,SUPERFAST,NDLS,PRYJ,KNP-PRYJ-SEC-B,855.0,665.7,751.6,,,85.9,77.06016204088326,CLEAR,25.6,0.0,9.0,HIGH,5.0,NONE,2024-03-03T10:00:00Z,SIMULATED,15.0,192.6
IR-12424,SUPERFAST,NDLS,PRYJ,KNP-PRYJ-SEC-B,855.0,683.1,772.9,,,89.8,75.0997396923884,CLEAR,28.8,0.0,9.0,HIGH,5.0,NONE,2024-04-04T10:00:00Z,SIMULATED,15.0,196.8
IR-12424,SUPERFAST,NDLS,PRYJ,KNP-PRYJ-SEC-B,855.0,658.7,742.9,,,84.2,77.88487914869573,CLEAR,32.0,0.0,9.0,HIGH,5.0,NONE,2024-05-05T10:00:00Z,SIMULATED,15.0,190.8
IR-12424,SUPERFAST,NDLS,PRYJ,KNP-PRYJ-SEC-B,855.0,695.4,787.9,,,92.5,73.76867206318794,CLEAR,20.8,0.0,9.0,HIGH,5.0,NONE,2024-06-06T10:00:00Z,SIMULATED,15.0,199.7
IR-12424,SUPERFAST,NDLS,PRYJ,KNP-PRYJ-SEC-B,855.0,662.9,748.1,,,85.2,77.38527132715818,CLEAR,23.2,0.0,9.0,HIGH,5.0,NONE,2024-07-07T10:00:00Z,SIMULATED,15.0,191.8
IR-12424,SUPERFAST,NDLS,PRYJ,KNP-PRYJ-SEC-B,855.0,665.9,751.8,,,85.9,77.04277640536392,CLEAR,25.6,0.0,9.0,HIGH,5.0,NONE,2024-08-08T10:00:00Z,SIMULATED,15.0,192.6
IR-12424,SUPERFAST,NDLS,PRYJ,KNP-PRYJ-SEC-B,855.0,713.9,810.2,,,96.3,71.86330723643584,CLEAR,28.8,0.0,9.0,HIGH,5.0,NONE,2024-09-09T10:00:00Z,SIMULATED,15.0,203.8
IR-12424,SUPERFAST,NDLS,PRYJ,KNP-PRYJ-SEC-B,855.0,676.5,764.8,,,88.3,75.83118061799011,CLEAR,32.0,0.0,9.0,HIGH,5.0,NONE,2024-10-10T10:00:00Z,SIMULATED,15.0,195.2
IR-12424,SUPERFAST,NDLS,PRYJ,KNP-PRYJ-SEC-B,855.0,691.9,783.6,,,91.7,74.13944548079172,FOGGY,20.8,0.0,1.5,HIGH,5.0,NONE,2024-11-11T10:00:00Z,SIMULATED,15.0,198.8
IR-12424,SUPERFAST,NDLS,PRYJ,KNP-PRYJ-SEC-B,855.0,673.0,760.5,,,87.5,76.22589880801189,LIGHT RAIN,23.2,1.5,4.0,HIGH,5.0,NONE,2024-12-12T10:00:00Z,SIMULATED,15.0,194.3
IR-12424,SUPERFAST,NDLS,PRYJ,KNP-PRYJ-SEC-B,855.0,669.3,756.0,,,86.7,76.6481050298166,LIGHT RAIN,25.6,1.5,4.0,HIGH,5.0,NONE,2024-01-13T10:00:00Z,SIMULATED,15.0,193.4
IR-12424,SUPERFAST,NDLS,PRYJ,KNP-PRYJ-SEC-B,855.0,715.4,812.0,,,96.6,71.70711916451373,LIGHT RAIN,28.8,1.5,4.0,HIGH,5.0,NONE,2024-02-14T10:00:00Z,SIMULATED,15.0,204.2
IR-12424,SUPERFAST,NDLS,PRYJ,KNP-PRYJ-SEC-B,855.0,676.0,764.2,,,88.2,75.88303490661747,LIGHT RAIN,32.0,1.5,4.0,HIGH,5.0,NONE,2024-03-15T10:00:00Z,SIMULATED,15.0,195.1
IR-12424,SUPERFAST,NDLS,PRYJ,KNP-PRYJ-SEC-B,855.0,701.9,795.7,,,93.8,73.08431870046654,CLEAR,20.8,0.0,9.0,HIGH,5.0,NONE,2024-04-16T10:00:00Z,SIMULATED,15.0,201.1
IR-12424,SUPERFAST,NDLS,PRYJ,KNP-PRYJ-SEC-B,855.0,665.1,750.8,,,85.7,77.12926394100094,CLEAR,23.2,0.0,9.0,HIGH,5.0,NONE,2024-05-17T10:00:00Z,SIMULATED,15.0,192.4
IR-12424,SUPERFAST,NDLS,PRYJ,KNP-PRYJ-SEC-B,855.0,654.5,737.7,,,83.2,78.38049276564112,CLEAR,25.6,0.0,9.0,HIGH,5.0,NONE,2024-06-18T10:00:00Z,SIMULATED,15.0,189.7
IR-12424,SUPERFAST,NDLS,PRYJ,KNP-PRYJ-SEC-B,855.0,696.6,789.3,,,92.7,73.64398393249581,CLEAR,28.8,0.0,9.0,HIGH,5.0,NONE,2024-07-19T10:00:00Z,SIMULATED,15.0,199.9
IR-12424,SUPERFAST,NDLS,PRYJ,KNP-PRYJ-SEC-B,855.0,675.0,763.0,,,88.0,76.00407252128184,CLEAR,32.0,0.0,9.0,HIGH,5.0,NONE,2024-08-20T10:00:00Z,SIMULATED,15.0,194.8
IR-12424,SUPERFAST,NDLS,PRYJ,KNP-PRYJ-SEC-B,855.0,680.5,769.7,,,89.2,75.39108495657094,CLEAR,20.8,0.0,9.0,HIGH,5.0,NONE,2024-09-21T10:00:00Z,SIMULATED,15.0,196.1
IR-12424,SUPERFAST,NDLS,PRYJ,KNP-PRYJ-SEC-B,855.0,669.9,756.8,,,86.9,76.57470117749273,CLEAR,23.2,0.0,9.0,HIGH,5.0,NONE,2024-10-22T10:00:00Z,SIMULATED,15.0,193.7
IR-12424,SUPERFAST,NDLS,PRYJ,KNP-PRYJ-SEC-B,855.0,663.6,749.0,,,85.4,77.30913407852897,CLEAR,25.6,0.0,9.0,HIGH,5.0,NONE,2024-11-23T10:00:00Z,SIMULATED,15.0,192.0
IR-12424,SUPERFAST,NDLS,PRYJ,KNP-PRYJ-SEC-B,855.0,673.9,761.7,,,87.8,76.12342858641496,CLEAR,28.8,0.0,9.0,HIGH,5.0,NONE,2024-12-24T10:00:00Z,SIMULATED,15.0,194.6
IR-12424,SUPERFAST,NDLS,PRYJ,KNP-PRYJ-SEC-B,855.0,660.4,745.0,,,84.6,77.67546394165919,CLEAR,32.0,0.0,9.0,HIGH,5.0,NONE,2024-01-25T10:00:00Z,SIMULATED,15.0,191.2
IR-12424,SUPERFAST,NDLS,PRYJ,KNP-PRYJ-SEC-B,855.0,721.6,819.4,,,97.8,71.09585992621213,FOGGY,20.8,0.0,1.5,HIGH,5.0,NONE,2024-02-26T10:00:00Z,SIMULATED,15.0,205.5
IR-12424,SUPERFAST,NDLS,PRYJ,KNP-PRYJ-SEC-B,855.0,688.7,779.7,,,91.0,74.48502610643972,LIGHT RAIN,23.2,1.5,4.0,HIGH,5.0,NONE,2024-03-27T10:00:00Z,SIMULATED,15.0,198.1
IR-12424,SUPERFAST,NDLS,PRYJ,KNP-PRYJ-SEC-B,855.0,654.9,738.2,,,83.3,78.32746489314437,LIGHT RAIN,25.6,1.5,4.0,HIGH,5.0,NONE,2024-04-28T10:00:00Z,SIMULATED,15.0,189.8
IR-12424,SUPERFAST,NDLS,PRYJ,KNP-PRYJ-SEC-B,855.0,686.1,776.6,,,90.5,74.76739528601513,LIGHT RAIN,28.8,1.5,4.0,HIGH,5.0,NONE,2024-05-01T10:00:00Z,SIMULATED,15.0,197.5
IR-12424,SUPERFAST,NDLS,PRYJ,KNP-PRYJ-SEC-B,855.0,663.9,749.4,,,85.5,77.26693061408375,LIGHT RAIN,32.0,1.5,4.0,HIGH,5.0,NONE,2024-06-02T10:00:00Z,SIMULATED,15.0,192.1
IR-12424,SUPERFAST,NDLS,PRYJ,KNP-PRYJ-SEC-B,900.0,786.1,888.7,,,102.6,68.69284567229789,FOGGY,20.8,0.0,1.5,HIGH,5.0,NONE,2024-07-03T10:00:00Z,SIMULATED,15.0,215.7
IR-12424,SUPERFAST,NDLS,PRYJ,KNP-PRYJ-SEC-B,900.0,751.6,847.9,,,96.3,71.84712085092934,LIGHT RAIN,23.2,1.5,4.0,HIGH,5.0,NONE,2024-08-04T10:00:00Z,SIMULATED,15.0,208.8
IR-12424,SUPERFAST,NDLS,PRYJ,KNP-PRYJ-SEC-B,900.0,744.7,839.7,,,95.0,72.50940214576136,LIGHT RAIN,25.6,1.5,4.0,HIGH,5.0,NONE,2024-09-05T10:00:00Z,SIMULATED,15.0,207.4
IR-12424,SUPERFAST,NDLS,PRYJ,KNP-PRYJ-SEC-B,900.0,769.7,869.4,,,99.7,70.15817533789074,LIGHT RAIN,28.8,1.5,4.0,HIGH,5.0,NONE,2024-10-06T10:00:00Z,SIMULATED,15.0,212.5
IR-12424,SUPERFAST,NDLS,PRYJ,KNP-PRYJ-SEC-B,900.0,756.0,853.1,,,97.1,71.43044652841203,LIGHT RAIN,32.0,1.5,4.0,HIGH,5.0,NONE,2024-11-07T10:00:00Z,SIMULATED,15.0,209.7
IR-12424,SUPERFAST,NDLS,PRYJ,KNP-PRYJ-SEC-B,900.0,766.0,865.0,,,99.0,70.49866456284056,CLEAR,20.8,0.0,9.0,HIGH,5.0,NONE,2024-12-08T10:00:00Z,SIMULATED,15.0,211.8
IR-12424,SUPERFAST,NDLS,PRYJ,KNP-PRYJ-SEC-B,900.0,752.1,848.5,,,96.4,71.7999290602699,CLEAR,23.2,0.0,9.0,HIGH,5.0,NONE,2024-01-09T10:00:00Z,SIMULATED,15.0,208.9
IR-12424,SUPERFAST,NDLS,PRYJ,KNP-PRYJ-SEC-B,900.0,739.4,833.3,,,93.9,73.03509389163803,CLEAR,25.6,0.0,9.0,HIGH,5.0,NONE,2024-02-10T10:00:00Z,SIMULATED,15.0,206.2
IR-12424,SUPERFAST,NDLS,PRYJ,KNP-PRYJ-SEC-B,900.0,772.0,872.1,,,100.1,69.94616674135327,CLEAR,28.8,0.0,9.0,HIGH,5.0,NONE,2024-03-11T10:00:00Z,SIMULATED,15.0,213.0
IR-12424,SUPERFAST,NDLS,PRYJ,KNP-PRYJ-SEC-B,900.0,737.4,830.9,,,93.5,73.2304252679019,CLEAR,32.0,0.0,9.0,HIGH,5.0,NONE,2024-04-12T10:00:00Z,SIMULATED,15.0,205.8
IR-12424,SUPERFAST,NDLS,PRYJ,KNP-PRYJ-SEC-B,900.0,750.9,847.1,,,96.2,71.91006822527653,CLEAR,20.8,0.0,9.0,HIGH,5.0,NONE,2024-05-13T10:00:00Z,SIMULATED,15.0,208.7
IR-12424,SUPERFAST,NDLS,PRYJ,KNP-PRYJ-SEC-B,900.0,746.4,841.7,,,95.3,72.35070387113845,CLEAR,23.2,0.0,9.0,HIGH,5.0,NONE,2024-06-14T10:00:00Z,SIMULATED,15.0,207.7
IR-12424,SUPERFAST,NDLS,PRYJ,KNP-PRYJ-SEC-B,900.0,754.6,851.5,,,96.9,71.56143356052043,CLEAR,25.6,0.0,9.0,HIGH,5.0,NONE,2024-07-15T10:00:00Z,SIMULATED,15.0,209.5
IR-12424,SUPERFAST,NDLS,PRYJ,KNP-PRYJ-SEC-B,900.0,772.9,873.2,,,100.3,69.87024482817796,CLEAR,28.8,0.0,9.0,HIGH,5.0,NONE,2024-08-16T10:00:00Z,SIMULATED,15.0,213.2
IR-12424,SUPERFAST,NDLS,PRYJ,KNP-PRYJ-SEC-B,900.0,753.3,849.9,,,96.6,71.6884823276504,CLEAR,32.0,0.0,9.0,HIGH,5.0,NONE,2024-09-17T10:00:00Z,SIMULATED,15.0,209.2
IR-12424,SUPERFAST,NDLS,PRYJ,KNP-PRYJ-SEC-B,900.0,779.3,880.7,,,101.4,69.29240078048537,FOGGY,20.8,0.0,1.5,HIGH,5.0,NONE,2024-10-18T10:00:00Z,SIMULATED,15.0,214.4
IR-12424,SUPERFAST,NDLS,PRYJ,KNP-PRYJ-SEC-B,900.0,761.3,859.4,,,98.1,70.927642509865,LIGHT RAIN,23.2,1.5,4.0,HIGH,5.0,NONE,2024-11-19T10:00:00Z,SIMULATED,15.0,210.8
IR-12424,SUPERFAST,NDLS,PRYJ,KNP-PRYJ-SEC-B,900.0,728.2,819.9,,,91.7,74.1514294339143,LIGHT RAIN,25.6,1.5,4.0,HIGH,5.0,NONE,2024-12-20T10:00:00Z,SIMULATED,15.0,203.8
IR-12424,SUPERFAST,NDLS,PRYJ,KNP-PRYJ-SEC-B,900.0,769.1,868.7,,,99.6,70.21337965432429,LIGHT RAIN,28.8,1.5,4.0,HIGH,5.0,NONE,2024-01-21T10:00:00Z,SIMULATED,15.0,212.4
IR-12424,SUPERFAST,NDLS,PRYJ,KNP-PRYJ-SEC-B,900.0,744.8,839.8,,,95.0,72.50403673905112,LIGHT RAIN,32.0,1.5,4.0,HIGH,5.0,NONE,2024-02-22T10:00:00Z,SIMULATED,15.0,207.4
IR-12424,SUPERFAST,NDLS,PRYJ,KNP-PRYJ-SEC-B,900.0,775.2,875.9,,,100.7,69.66233877769028,CLEAR,20.8,0.0,9.0,HIGH,5.0,NONE,2024-03-23T10:00:00Z,SIMULATED,15.0,213.6
IR-12424,SUPERFAST,NDLS,PRYJ,KNP-PRYJ-SEC-B,900.0,738.4,832.1,,,93.7,73.13174394244015,CLEAR,23.2,0.0,9.0,HIGH,5.0,NONE,2024-04-24T10:00:00Z,SIMULATED,15.0,206.0
IR-12424,SUPERFAST,NDLS,PRYJ,KNP-PRYJ-SEC-B,900.0,765.6,864.5,,,98.9,70.53154130534593,CLEAR,25.6,0.0,9.0,HIGH,5.0,NONE,2024-05-25T10:00:00Z,SIMULATED,15.0,211.7
IR-12424,SUPERFAST,NDLS,PRYJ,KNP-PRYJ-SEC-B,900.0,787.1,889.9,,,102.8,68.60533187970184,CLEAR,28.8,0.0,9.0,HIGH,5.0,NONE,2024-06-26T10:00:00Z,SIMULATED,15.0,215.9
IR-12424,SUPERFAST,NDLS,PRYJ,KNP-PRYJ-SEC-B,900.0,730.5,822.7,,,92.2,73.91870268094965,CLEAR,32.0,0.0,9.0,HIGH,5.0,NONE,2024-07-27T10:00:00Z,SIMULATED,15.0,204.4
IR-12424,SUPERFAST,NDLS,PRYJ,KNP-PRYJ-SEC-B,900.0,763.0,861.5,,,98.5,70.77444921350141,CLEAR,20.8,0.0,9.0,HIGH,5.0,NONE,2024-08-28T10:00:00Z,SIMULATED,15.0,211.2
IR-12424,SUPERFAST,NDLS,PRYJ,KNP-PRYJ-SEC-B,900.0,746.7,842.1,,,95.4,72.31857477236719,CLEAR,23.2,0.0,9.0,HIGH,5.0,NONE,2024-09-01T10:00:00Z,SIMULATED,15.0,207.8
IR-12424,SUPERFAST,NDLS,PRYJ,KNP-PRYJ-SEC-B,900.0,747.0,842.4,,,95.4,72.28806695640046,CLEAR,25.6,0.0,9.0,HIGH,5.0,NONE,2024-10-02T10:00:00Z,SIMULATED,15.0,207.9
IR-12424,SUPERFAST,NDLS,PRYJ,KNP-PRYJ-SEC-B,900.0,775.7,876.5,,,100.8,69.61439360182135,CLEAR,28.8,0.0,9.0,HIGH,5.0,NONE,2024-11-03T10:00:00Z,SIMULATED,15.0,213.7
IR-12424,SUPERFAST,NDLS,PRYJ,KNP-PRYJ-SEC-B,900.0,745.9,841.1,,,95.2,72.39760625387247,CLEAR,32.0,0.0,9.0,HIGH,5.0,NONE,2024-12-04T10:00:00Z,SIMULATED,15.0,207.6
IR-12424,SUPERFAST,NDLS,PRYJ,KNP-PRYJ-SEC-B,900.0,784.5,886.8,,,102.3,68.83525906954544,FOGGY,20.8,0.0,1.5,HIGH,5.0,NONE,2024-01-05T10:00:00Z,SIMULATED,15.0,215.4
IR-12424,SUPERFAST,NDLS,PRYJ,KNP-PRYJ-SEC-B,900.0,750.9,847.1,,,96.2,71.90933240264343,LIGHT RAIN,23.2,1.5,4.0,HIGH,5.0,NONE,2024-02-06T10:00:00Z,SIMULATED,15.0,208.7
IR-12424,SUPERFAST,NDLS,PRYJ,KNP-PRYJ-SEC-B,900.0,727.5,819.1,,,91.6,74.22216173278004,LIGHT RAIN,25.6,1.5,4.0,HIGH,5.0,NONE,2024-03-07T10:00:00Z,SIMULATED,15.0,203.7
IR-12424,SUPERFAST,NDLS,PRYJ,KNP-PRYJ-SEC-B,900.0,795.4,899.6,,,104.2,67.89168694561181,LIGHT RAIN,28.8,1.5,4.0,HIGH,5.0,NONE,2024-04-08T10:00:00Z,SIMULATED,15.0,217.5
IR-12424,SUPERFAST,NDLS,PRYJ,KNP-PRYJ-SEC-B,900.0,745.9,841.1,,,95.2,72.39098922269955,LIGHT RAIN,32.0,1.5,4.0,HIGH,5.0,NONE,2024-05-09T10:00:00Z,SIMULATED,15.0,207.6
IR-12424,SUPERFAST,NDLS,PRYJ,KNP-PRYJ-SEC-B,945.0,802.8,901.5,,,98.7,70.63106596604858,FOGGY,20.8,0.0,1.5,HIGH,5.0,NONE,2024-06-10T10:00:00Z,SIMULATED,15.0,216.4
IR-12424,SUPERFAST,NDLS,PRYJ,KNP-PRYJ-SEC-B,945.0,751.8,841.0,,,89.2,75.41983573948504,LIGHT RAIN,23.2,1.5,4.0,HIGH,5.0,NONE,2024-07-11T10:00:00Z,SIMULATED,15.0,206.1
IR-12424,SUPERFAST,NDLS,PRYJ,KNP-PRYJ-SEC-B,945.0,791.5,888.2,,,96.7,71.63971436815007,LIGHT RAIN,25.6,1.5,4.0,HIGH,5.0,NONE,2024-08-12T10:00:00Z,SIMULATED,15.0,214.3
IR-12424,SUPERFAST,NDLS,PRYJ,KNP-PRYJ-SEC-B,945.0,816.3,917.4,,,101.1,69.46094756337482,LIGHT RAIN,28.8,1.5,4.0,HIGH,5.0,NONE,2024-09-13T10:00:00Z,SIMULATED,15.0,219.1
IR-12424,SUPERFAST,NDLS,PRYJ,KNP-PRYJ-SEC-B,945.0,768.9,861.4,,,92.5,73.74107676774275,LIGHT RAIN,32.0,1.5,4.0,HIGH,5.0,NONE,2024-10-14T10:00:00Z,SIMULATED,15.0,209.7
IR-12424,SUPERFAST,NDLS,PRYJ,KNP-PRYJ-SEC-B,945.0,776.0,869.9,,,93.9,73.06994769946951,CLEAR,20.8,0.0,9.0,HIGH,5.0,NONE,2024-11-15T10:00:00Z,SIMULATED,15.0,211.2
IR-12424,SUPERFAST,NDLS,PRYJ,KNP-PRYJ-SEC-B,945.0,754.5,844.2,,,89.7,75.15273973740963,CLEAR,23.2,0.0,9.0,HIGH,5.0,NONE,2024-12-16T10:00:00Z,SIMULATED,15.0,206.7
IR-12424,SUPERFAST,NDLS,PRYJ,KNP-PRYJ-SEC-B,945.0,742.4,829.7,,,87.3,76.37157487011254,CLEAR,25.6,0.0,9.0,HIGH,5.0,NONE,2024-01-17T10:00:00Z,SIMULATED,15.0,204.1
IR-12424,SUPERFAST,NDLS,PRYJ,KNP-PRYJ-SEC-B,945.0,778.4,872.7,,,94.3,72.84489391884382,CLEAR,28.8,0.0,9.0,HIGH,5.0,NONE,2024-02-18T10:00:00Z,SIMULATED,15.0,211.7
IR-12424,SUPERFAST,NDLS,PRYJ,KNP-PRYJ-SEC-B,945.0,735.7,821.6,,,85.9,77.06655278909926,CLEAR,32.0,0.0,9.0,HIGH,5.0,NONE,2024-03-19T10:00:00Z,SIMULATED,15.0,202.6
IR-12424,SUPERFAST,NDLS,PRYJ,KNP-PRYJ-SEC-B,945.0,782.3,877.3,,,95.0,72.4784438748026,CLEAR,20.8,0.0,9.0,HIGH,5.0,NONE,2024-04-20T10:00:00Z,SIMULATED,15.0,212.4
IR-12424,SUPERFAST,NDLS,PRYJ,KNP-PRYJ-SEC-B,945.0,757.1,847.3,,,90.2,74.88809819908931,CLEAR,23.2,0.0,9.0,HIGH,5.0,NONE,2024-05-21T10:00:00Z,SIMULATED,15.0,207.2
IR-12424,SUPERFAST,NDLS,PRYJ,KNP-PRYJ-SEC-B,945.0,756.5,846.6,,,90.1,74.95496126910356,CLEAR,25.6,0.0,9.0,HIGH,5.0,NONE,2024-06-22T10:00:00Z,SIMULATED,15.0,207.1
IR-12424,SUPERFAST,NDLS,PRYJ,KNP-PRYJ-SEC-B,945.0,805.6,904.8,,,99.2,70.37811803128682,CLEAR,28.8,0.0,9.0,HIGH,5.0,NONE,2024-07-23T10:00:00Z,SIMULATED,15.0,217.0
IR-12424,SUPERFAST,NDLS,PRYJ,KNP-PRYJ-SEC-B,945.0,774.0,867.5,,,93.5,73.25611413901032,CLEAR,32.0,0.0,9.0,HIGH,5.0,NONE,2024-08-24T10:00:00Z,SIMULATED,15.0,210.8
IR-12424,SUPERFAST,NDLS,PRYJ,KNP-PRYJ-SEC-B,945.0,814.2,914.9,,,100.7,69.63925378323485,FOGGY,20.8,0.0,1.5,HIGH,5.0,NONE,2024-09-25T10:00:00Z,SIMULATED,15.0,218.6
IR-12424,SUPERFAST,NDLS,PRYJ,KNP-PRYJ-SEC-B,945.0,774.8,868.4,,,93.6,73.18278061838353,LIGHT RAIN,23.2,1.5,4.0,HIGH,5.0,NONE,2024-10-26T10:00:00Z,SIMULATED,15.0,210.9
IR-12424,SUPERFAST,NDLS,PRYJ,KNP-PRYJ-SEC-B,945.0,785.5,881.1,,,95.6,72.18246525749282,LIGHT RAIN,25.6,1.5,4.0,HIGH,5.0,NONE,2024-11-27T10:00:00Z,SIMULATED,15.0,213.1
IR-12424,SUPERFAST,NDLS,PRYJ,KNP-PRYJ-SEC-B,945.0,795.2,892.6,,,97.4,71.29836525774616,LIGHT RAIN,28.8,1.5,4.0,HIGH,5.0,NONE,2024-12-28T10:00:00Z,SIMULATED,15.0,215.0
IR-12424,SUPERFAST,NDLS,PRYJ,KNP-PRYJ-SEC-B,945.0,754.5,844.2,,,89.7,75.14442804448272,LIGHT RAIN,32.0,1.5,4.0,HIGH,5.0,NONE,2024-01-01T10:00:00Z,SIMULATED,15.0,206.7
IR-12424,SUPERFAST,NDLS,PRYJ,KNP-PRYJ-SEC-B,945.0,813.8,914.5,,,100.7,69.6698657678497,CLEAR,20.8,0.0,9.0,HIGH,5.0,NONE,2024-02-02T10:00:00Z,SIMULATED,15.0,218.6
IR-12424,SUPERFAST,NDLS,PRYJ,KNP-PRYJ-SEC-B,945.0,761.6,852.7,,,91.1,74.44697561093278,CLEAR,23.2,0.0,9.0,HIGH,5.0,NONE,2024-03-03T10:00:00Z,SIMULATED,15.0,208.2
IR-12424,SUPERFAST,NDLS,PRYJ,KNP-PRYJ-SEC-B,945.0,754.4,844.1,,,89.7,75.15415933406942,CLEAR,25.6,0.0,9.0,HIGH,5.0,NONE,2024-04-04T10:00:00Z,SIMULATED,15.0,206.7
IR-12424,SUPERFAST,NDLS,PRYJ,KNP-PRYJ-SEC-B,945.0,787.7,883.7,,,96.0,71.98106864659366,CLEAR,28.8,0.0,9.0,HIGH,5.0,NONE,2024-05-05T10:00:00Z,SIMULATED,15.0,213.5
IR-12424,SUPERFAST,NDLS,PRYJ,KNP-PRYJ-SEC-B,945.0,764.3,855.9,,,91.6,74.18721867533549,CLEAR,32.0,0.0,9.0,HIGH,5.0,NONE,2024-06-06T10:00:00Z,SIMULATED,15.0,208.7
IR-12424,SUPERFAST,NDLS,PRYJ,KNP-PRYJ-SEC-B,945.0,800.0,898.2,,,98.2,70.87606342720932,CLEAR,20.8,0.0,9.0,HIGH,5.0,NONE,2024-07-07T10:00:00Z,SIMULATED,15.0,215.9
IR-12424,SUPERFAST,NDLS,PRYJ,KNP-PRYJ-SEC-B,945.0,773.2,866.5,,,93.3,73.33479847939549,CLEAR,23.2,0.0,9.0,HIGH,5.0,NONE,2024-08-08T10:00:00Z,SIMULATED,15.0,210.6
IR-12424,SUPERFAST,NDLS,PRYJ,KNP-PRYJ-SEC-B,945.0,782.6,877.7,,,95.1,72.4551758067573,CLEAR,25.6,0.0,9.0,HIGH,5.0,NONE,2024-09-09T10:00:00Z,SIMULATED,15.0,212.5
IR-12424,SUPERFAST,NDLS,PRYJ,KNP-PRYJ-SEC-B,945.0,815.5,916.4,,,100.9,69.52843783323185,CLEAR,28.8,0.0,9.0,HIGH,5.0,NONE,2024-10-10T10:00:00Z,SIMULATED,15.0,218.8
IR-12424,SUPERFAST,NDLS,PRYJ,KNP-PRYJ-SEC-B,945.0,769.2,861.8,,,92.6,73.7100429057901,CLEAR,32.0,0.0,9.0,HIGH,5.0,NONE,2024-11-11T10:00:00Z,SIMULATED,15.0,209.8
IR-12424,SUPERFAST,NDLS,PRYJ,KNP-PRYJ-SEC-B,945.0,796.5,894.1,,,97.6,71.190228858814,FOGGY,20.8,0.0,1.5,HIGH,5.0,NONE,2024-12-12T10:00:00Z,SIMULATED,15.0,215.2
IR-12424,SUPERFAST,NDLS,PRYJ,KNP-PRYJ-SEC-B,945.0,796.0,893.5,,,97.5,71.23261157397226,LIGHT RAIN,23.2,1.5,4.0,HIGH,5.0,NONE,2024-01-13T10:00:00Z,SIMULATED,15.0,215.1
IR-12424,SUPERFAST,NDLS,PRYJ,KNP-PRYJ-SEC-B,945.0,780.5,875.2,,,94.7,72.64880690018882,LIGHT RAIN,25.6,1.5,4.0,HIGH,5.0,NONE,2024-02-14T10:00:00Z,SIMULATED,15.0,212.1
IR-12424,SUPERFAST,NDLS,PRYJ,KNP-PRYJ-SEC-B,945.0,804.5,903.5,,,99.0,70.47932994525468,LIGHT RAIN,28.8,1.5,4.0,HIGH,5.0,NONE,2024-03-15T10:00:00Z,SIMULATED,15.0,216.8
IR-12424,SUPERFAST,NDLS,PRYJ,KNP-PRYJ-SEC-B,945.0,787.5,883.5,,,96.0,71.99873612624168,LIGHT RAIN,32.0,1.5,4.0,HIGH,5.0,NONE,2024-04-16T10:00:00Z,SIMULATED,15.0,213.5
IR-12424,SUPERFAST,NDLS,PRYJ,KNP-PRYJ-SEC-B,990.0,558.3,585.5,,,27.2,106.38840570032956,FOGGY,20.8,0.0,1.5,HIGH,5.0,NONE,2024-05-17T10:00:00Z,SIMULATED,15.0,145.7
IR-12424,SUPERFAST,NDLS,PRYJ,KNP-PRYJ-SEC-B,990.0,536.7,555.3,,,18.6,110.6779664921038,LIGHT RAIN,23.2,1.5,4.0,MEDIUM,5.0,NONE,2024-06-18T10:00:00Z,SIMULATED,15.0,136.7
IR-12424,SUPERFAST,NDLS,PRYJ,KNP-PRYJ-SEC-B,990.0,535.1,553.1,,,18.0,111.00243190956986,LIGHT RAIN,25.6,1.5,4.0,MEDIUM,5.0,NONE,2024-07-19T10:00:00Z,SIMULATED,15.0,136.1
IR-12424,SUPERFAST,NDLS,PRYJ,KNP-PRYJ-SEC-B,990.0,552.0,576.8,,,24.8,107.60776269782916,LIGHT RAIN,28.8,1.5,4.0,HIGH,5.0,NONE,2024-08-20T10:00:00Z,SIMULATED,15.0,143.2
IR-12424,SUPERFAST,NDLS,PRYJ,KNP-PRYJ-SEC-B,990.0,540.3,560.4,,,20.1,109.93352387957869,LIGHT RAIN,32.0,1.5,4.0,MEDIUM,5.0,NONE,2024-09-21T10:00:00Z,SIMULATED,15.0,138.3
IR-12424,SUPERFAST,NDLS,PRYJ,KNP-PRYJ-SEC-B,990.0,548.4,571.8,,,23.4,108.32321642696554,CLEAR,20.8,0.0,9.0,HIGH,5.0,NONE,2024-10-22T10:00:00Z,SIMULATED,15.0,141.7
IR-12424,SUPERFAST,NDLS,PRYJ,KNP-PRYJ-SEC-B,990.0,519.7,531.1,,,11.4,114.29009802537016,CLEAR,23.2,0.0,9.0,MEDIUM,5.0,NONE,2024-11-23T10:00:00Z,SIMULATED,15.0,129.3
IR-12424,SUPERFAST,NDLS,PRYJ,KNP-PRYJ-SEC-B,990.0,540.5,560.7,,,20.2,109.88942571387516,CLEAR,25.6,0.0,9.0,MEDIUM,5.0,NONE,2024-12-24T10:00:00Z,SIMULATED,15.0,138.4
IR-12424,SUPERFAST,NDLS,PRYJ,KNP-PRYJ-SEC-B,990.0,552.3,577.2,,,24.9,107.55299505797616,CLEAR,28.8,0.0,9.0,HIGH,5.0,NONE,2024-01-25T10:00:00Z,SIMULATED,15.0,143.3
IR-12424,SUPERFAST,NDLS,PRYJ,KNP-PRYJ-SEC-B,990.0,531.9,548.5,,,16.6,111.6838420368766,CLEAR,32.0,0.0,9.0,MEDIUM,5.0,NONE,2024-02-26T10:00:00Z,SIMULATED,15.0,134.7
IR-12424,SUPERFAST,NDLS,PRYJ,KNP-PRYJ-SEC-B,990.0,547.9,571.1,,,23.2,108.40994773298836,CLEAR,20.8,0.0,9.0,HIGH,5.0,NONE,2024-03-27T10:00:00Z,SIMULATED,15.0,141.5
IR-12424,SUPERFAST,NDLS,PRYJ,KNP-PRYJ-SEC-B,990.0,522.3,534.9,,,12.6,113.72473224682878,CLEAR,23.2,0.0,9.0,MEDIUM,5.0,NONE,2024-04-28T10:00:00Z,SIMULATED,15.0,130.5
IR-12424,SUPERFAST,NDLS,PRYJ,KNP-PRYJ-SEC-B,990.0,529.1,544.6,,,15.5,112.26737732396094,CLEAR,25.6,0.0,9.0,MEDIUM,5.0,NONE,2024-05-01T10:00:00Z,SIMULATED,15.0,133.5
IR-12424,SUPERFAST,NDLS,PRYJ,KNP-PRYJ-SEC-B,990.0,548.3,571.6,,,23.3,108.33856261881742,CLEAR,28.8,0.0,9.0,HIGH,5.0,NONE,2024-06-02T10:00:00Z,SIMULATED,15.0,141.6
IR-12424,SUPERFAST,NDLS,PRYJ,KNP-PRYJ-SEC-B,990.0,532.0,548.7,,,16.7,111.65970822960053,CLEAR,32.0,0.0,9.0,MEDIUM,5.0,NONE,2024-07-03T10:00:00Z,SIMULATED,15.0,134.8
IR-12424,SUPERFAST,NDLS,PRYJ,KNP-PRYJ-SEC-B,990.0,546.9,569.7,,,22.8,108.605612228281,FOGGY,20.8,0.0,1.5,HIGH,5.0,NONE,2024-08-04T10:00:00Z,SIMULATED,15.0,141.1
IR-12424,SUPERFAST,NDLS,PRYJ,KNP-PRYJ-SEC-B,990.0,545.5,567.7,,,22.2,108.8990471144846,LIGHT RAIN,23.2,1.5,4.0,MEDIUM,5.0,NONE,2024-09-05T10:00:00Z,SIMULATED,15.0,140.5
IR-12424,SUPERFAST,NDLS,PRYJ,KNP-PRYJ-SEC-B,990.0,541.4,562.0,,,20.6,109.72097951135018,LIGHT RAIN,25.6,1.5,4.0,MEDIUM,5.0,NONE,2024-10-06T10:00:00Z,SIMULATED,15.0,138.8
IR-12424,SUPERFAST,NDLS,PRYJ,KNP-PRYJ-SEC-B,990.0,560.6,588.7,,,28.1,105.96605049610194,LIGHT RAIN,28.8,1.5,4.0,HIGH,5.0,NONE,2024-11-07T10:00:00Z,SIMULATED,15.0,146.6
IR-12424,SUPERFAST,NDLS,PRYJ,KNP-PRYJ-SEC-B,990.0,535.4,553.5,,,18.1,110.9439867048509,LIGHT RAIN,32.0,1.5,4.0,MEDIUM,5.0,NONE,2024-12-08T10:00:00Z,SIMULATED,15.0,136.2
IR-12424,SUPERFAST,NDLS,PRYJ,KNP-PRYJ-SEC-B,990.0,545.0,567.0,,,22.0,108.9885256554349,CLEAR,20.8,0.0,9.0,HIGH,5.0,NONE,2024-01-09T10:00:00Z,SIMULATED,15.0,140.3
IR-12424,SUPERFAST,NDLS,PRYJ,KNP-PRYJ-SEC-B,990.0,531.5,548.0,,,16.5,111.7692993873114,CLEAR,23.2,0.0,9.0,MEDIUM,5.0,NONE,2024-02-10T10:00:00Z,SIMULATED,15.0,134.6
IR-12424,SUPERFAST,NDLS,PRYJ,KNP-PRYJ-SEC-B,990.0,528.5,543.7,,,15.2,112.40138152315112,CLEAR,25.6,0.0,9.0,MEDIUM,5.0,NONE,2024-03-11T10:00:00Z,SIMULATED,15.0,133.2
IR-12424,SUPERFAST,NDLS,PRYJ,KNP-PRYJ-SEC-B,990.0,544.1,565.7,,,21.6,109.17591583964372,CLEAR,28.8,0.0,9.0,HIGH,5.0,NONE,2024-04-12T10:00:00Z,SIMULATED,15.0,139.8
IR-12424,SUPERFAST,NDLS,PRYJ,KNP-PRYJ-SEC-B,990.0,537.4,556.3,,,18.9,110.5384811998256,CLEAR,32.0,0.0,9.0,MEDIUM,5.0,NONE,2024-05-13T10:00:00Z,SIMULATED,15.0,137.0
IR-12424,SUPERFAST,NDLS,PRYJ,KNP-PRYJ-SEC-B,990.0,550.3,574.4,,,24.1,107.94209279521884,CLEAR,20.8,0.0,9.0,HIGH,5.0,NONE,2024-06-14T10:00:00Z,SIMULATED,15.0,142.4
IR-12424,SUPERFAST,NDLS,PRYJ,KNP-PRYJ-SEC-B,990.0,539.1,558.7,,,19.6,110.1789337538988,CLEAR,23.2,0.0,9.0,MEDIUM,5.0,NONE,2024-07-15T10:00:00Z,SIMULATED,15.0,137.8
IR-12424,SUPERFAST,NDLS,PRYJ,KNP-PRYJ-SEC-B,990.0,533.4,550.7,,,17.3,111.3520433312806,CLEAR,25.6,0.0,9.0,MEDIUM,5.0,NONE,2024-08-16T10:00:00Z,SIMULATED,15.0,135.4
IR-12424,SUPERFAST,NDLS,PRYJ,KNP-PRYJ-SEC-B,990.0,537.9,557.0,,,19.1,110.4369193818625,CLEAR,28.8,0.0,9.0,HIGH,5.0,NONE,2024-09-17T10:00:00Z,SIMULATED,15.0,137.2
IR-12424,SUPERFAST,NDLS,PRYJ,KNP-PRYJ-SEC-B,990.0,536.1,554.5,,,18.4,110.80918463455292,CLEAR,32.0,0.0,9.0,MEDIUM,5.0,NONE,2024-10-18T10:00:00Z,SIMULATED,15.0,136.5
IR-12424,SUPERFAST,NDLS,PRYJ,KNP-PRYJ-SEC-B,990.0,562.8,591.7,,,28.9,105.55009671409933,FOGGY,20.8,0.0,1.5,HIGH,5.0,NONE,2024-11-19T10:00:00Z,SIMULATED,15.0,147.4
IR-12424,SUPERFAST,NDLS,PRYJ,KNP-PRYJ-SEC-B,990.0,527.4,542.1,,,14.7,112.63566871998935,LIGHT RAIN,23.2,1.5,4.0,MEDIUM,5.0,NONE,2024-12-20T10:00:00Z,SIMULATED,15.0,132.7
IR-12424,SUPERFAST,NDLS,PRYJ,KNP-PRYJ-SEC-B,990.0,535.8,554.1,,,18.3,110.8536664365422,LIGHT RAIN,25.6,1.5,4.0,MEDIUM,5.0,NONE,2024-01-21T10:00:00Z,SIMULATED,15.0,136.4
IR-12424,SUPERFAST,NDLS,PRYJ,KNP-PRYJ-SEC-B,990.0,543.7,565.2,,,21.5,109.25108548573472,LIGHT RAIN,28.8,1.5,4.0,HIGH,5.0,NONE,2024-02-22T10:00:00Z,SIMULATED,15.0,139.7
IR-12424,SUPERFAST,NDLS,PRYJ,KNP-PRYJ-SEC-B,990.0,530.5,546.6,,,16.1,111.96506852595496,LIGHT RAIN,32.0,1.5,4.0,MEDIUM,5.0,NONE,2024-03-23T10:00:00Z,SIMULATED,15.0,134.1
IR-12346,EXPRESS,NDLS,PRYJ,KNP-PRYJ-SEC-B,45.0,32.1,53.9,,,21.8,84.09195699484648,FOGGY,20.8,0.0,1.5,HIGH,5.0,NONE,2024-04-24T10:00:00Z,SIMULATED,555.0,422.8
IR-12346,EXPRESS,NDLS,PRYJ,KNP-PRYJ-SEC-B,45.0,31.0,46.8,,,15.8,87.11903795038738,LIGHT RAIN,23.2,1.5,4.0,MEDIUM,5.0,NONE,2024-05-25T10:00:00Z,SIMULATED,555.0,403.0
IR-12346,EXPRESS,NDLS,PRYJ,KNP-PRYJ-SEC-B,45.0,31.4,49.5,,,18.1,85.94441117787629,LIGHT RAIN,25.6,1.5,4.0,MEDIUM,5.0,NONE,2024-06-26T10:00:00Z,SIMULATED,555.0,410.6
IR-12346,EXPRESS,NDLS,PRYJ,KNP-PRYJ-SEC-B,45.0,33.2,60.5,,,27.3,81.36766572516419,LIGHT RAIN,28.8,1.5,4.0,HIGH,5.0,NONE,2024-07-27T10:00:00Z,SIMULATED,555.0,441.6
IR-12346,EXPRESS,NDLS,PRYJ,KNP-PRYJ-SEC-B,45.0,31.2,47.8,,,16.6,86.67558384168743,LIGHT RAIN,32.0,1.5,4.0,MEDIUM,5.0,NONE,2024-08-28T10:00:00Z,SIMULATED,555.0,405.8
IR-12346,EXPRESS,NDLS,PRYJ,KNP-PRYJ-SEC-B,45.0,32.5,56.6,,,24.1,82.97048090090672,CLEAR,20.8,0.0,9.0,HIGH,5.0,NONE,2024-09-01T10:00:00Z,SIMULATED,555.0,430.4
IR-12346,EXPRESS,NDLS,PRYJ,KNP-PRYJ-SEC-B,45.0,31.6,50.7,,,19.1,85.42556746397861,CLEAR,23.2,0.0,9.0,MEDIUM,5.0,NONE,2024-10-02T10:00:00Z,SIMULATED,555.0,413.9
IR-12346,EXPRESS,NDLS,PRYJ,KNP-PRYJ-SEC-B,45.0,31.4,49.2,,,17.8,86.07900958741502,CLEAR,25.6,0.0,9.0,MEDIUM,5.0,NONE,2024-11-03T10:00:00Z,SIMULATED,555.0,409.7
IR-12346,EXPRESS,NDLS,PRYJ,KNP-PRYJ-SEC-B,45.0,32.5,56.3,,,23.8,83.09202542045074,CLEAR,28.8,0.0,9.0,HIGH,5.0,NONE,2024-12-04T10:00:00Z,SIMULATED,555.0,429.6
IR-12346,EXPRESS,NDLS,PRYJ,KNP-PRYJ-SEC-B,45.0,31.2,47.9,,,16.7,86.65168777672612,CLEAR,32.0,0.0,9.0,MEDIUM,5.0,NONE,2024-01-05T10:00:00Z,SIMULATED,555.0,406.0
IR-12346,EXPRESS,NDLS,PRYJ,KNP-PRYJ-SEC-B,45.0,32.0,53.1,,,21.1,84.44089642103764,CLEAR,20.8,0.0,9.0,HIGH,5.0,NONE,2024-02-06T10:00:00Z,SIMULATED,555.0,420.5
IR-12346,EXPRESS,NDLS,PRYJ,KNP-PRYJ-SEC-B,45.0,30.7,45.1,,,14.4,87.82332460531107,CLEAR,23.2,0.0,9.0,MEDIUM,5.0,NONE,2024-03-07T10:00:00Z,SIMULATED,555.0,398.6
IR-12346,EXPRESS,NDLS,PRYJ,KNP-PRYJ-SEC-B,45.0,30.2,41.2,,,11.0,89.49211269683816,CLEAR,25.6,0.0,9.0,MEDIUM,5.0,NONE,2024-04-08T10:00:00Z,SIMULATED,555.0,388.1
IR-12346,EXPRESS,NDLS,PRYJ,KNP-PRYJ-SEC-B,45.0,32.7,57.6,,,24.9,82.55736159483325,CLEAR,28.8,0.0,9.0,HIGH,5.0,NONE,2024-05-09T10:00:00Z,SIMULATED,555.0,433.3
IR-12346,EXPRESS,NDLS,PRYJ,KNP-PRYJ-SEC-B,45.0,31.4,49.4,,,18.0,86.01419386837651,CLEAR,32.0,0.0,9.0,MEDIUM,5.0,NONE,2024-06-10T10:00:00Z,SIMULATED,555.0,410.1
IR-12346,EXPRESS,NDLS,PRYJ,KNP-PRYJ-SEC-B,45.0,32.5,56.6,,,24.1,82.96722045033967,FOGGY,20.8,0.0,1.5,HIGH,5.0,NONE,2024-07-11T10:00:00Z,SIMULATED,555.0,430.5
IR-12346,EXPRESS,NDLS,PRYJ,KNP-PRYJ-SEC-B,45.0,29.6,37.3,,,7.7,91.13143556900278,LIGHT RAIN,23.2,1.5,4.0,LOW,5.0,NONE,2024-08-12T10:00:00Z,SIMULATED,555.0,378.1
IR-12346,EXPRESS,NDLS,PRYJ,KNP-PRYJ-SEC-B,45.0,30.6,44.3,,,13.7,88.164780846269,LIGHT RAIN,25.6,1.5,4.0,MEDIUM,5.0,NONE,2024-09-13T10:00:00Z,SIMULATED,555.0,396.4
IR-12346,EXPRESS,NDLS,PRYJ,KNP-PRYJ-SEC-B,45.0,32.6,57.0,,,24.4,82.8196221120995,LIGHT RAIN,28.8,1.5,4.0,HIGH,5.0,NONE,2024-10-14T10:00:00Z,SIMULATED,555.0,431.5
IR-12346,EXPRESS,NDLS,PRYJ,KNP-PRYJ-SEC-B,45.0,31.2,48.0,,,16.8,86.6067954629481,LIGHT RAIN,32.0,1.5,4.0,MEDIUM,5.0,NONE,2024-11-15T10:00:00Z,SIMULATED,555.0,406.3
IR-12346,EXPRESS,NDLS,PRYJ,KNP-PRYJ-SEC-B,45.0,31.6,50.5,,,18.9,85.54839627368523,CLEAR,20.8,0.0,9.0,HIGH,5.0,NONE,2024-12-16T10:00:00Z,SIMULATED,555.0,413.2
IR-12346,EXPRESS,NDLS,PRYJ,KNP-PRYJ-SEC-B,45.0,30.9,46.0,,,15.1,87.43337880551388,CLEAR,23.2,0.0,9.0,MEDIUM,5.0,NONE,2024-01-17T10:00:00Z,SIMULATED,555.0,401.0
IR-12346,EXPRESS,NDLS,PRYJ,KNP-PRYJ-SEC-B,45.0,31.1,47.3,,,16.2,86.90157327110362,CLEAR,25.6,0.0,9.0,MEDIUM,5.0,NONE,2024-02-18T10:00:00Z,SIMULATED,555.0,404.4
IR-12346,EXPRESS,NDLS,PRYJ,KNP-PRYJ-SEC-B,45.0,32.3,55.2,,,22.9,83.56650570819045,CLEAR,28.8,0.0,9.0,HIGH,5.0,NONE,2024-03-19T10:00:00Z,SIMULATED,555.0,426.4
IR-12346,EXPRESS,NDLS,PRYJ,KNP-PRYJ-SEC-B,45.0,30.9,46.0,,,15.1,87.432509942212,CLEAR,32.0,0.0,9.0,MEDIUM,5.0,NONE,2024-04-20T10:00:00Z,SIMULATED,555.0,401.0
IR-12346,EXPRESS,NDLS,PRYJ,KNP-PRYJ-SEC-B,45.0,32.4,55.7,,,23.3,83.37067744313634,CLEAR,20.8,0.0,9.0,HIGH,5.0,NONE,2024-05-21T10:00:00Z,SIMULATED,555.0,427.7
IR-12346,EXPRESS,NDLS,PRYJ,KNP-PRYJ-SEC-B,45.0,30.2,41.4,,,11.2,89.39659612292931,CLEAR,23.2,0.0,9.0,MEDIUM,5.0,NONE,2024-06-22T10:00:00Z,SIMULATED,555.0,388.7
IR-12346,EXPRESS,NDLS,PRYJ,KNP-PRYJ-SEC-B,45.0,31.3,48.7,,,17.4,86.30081388115114,CLEAR,25.6,0.0,9.0,MEDIUM,5.0,NONE,2024-07-23T10:00:00Z,SIMULATED,555.0,408.3
IR-12346,EXPRESS,NDLS,PRYJ,KNP-PRYJ-SEC-B,45.0,32.7,57.6,,,24.9,82.52874765071724,CLEAR,28.8,0.0,9.0,HIGH,5.0,NONE,2024-08-24T10:00:00Z,SIMULATED,555.0,433.4
IR-12346,EXPRESS,NDLS,PRYJ,KNP-PRYJ-SEC-B,45.0,30.6,44.2,,,13.6,88.19562270794724,CLEAR,32.0,0.0,9.0,MEDIUM,5.0,NONE,2024-09-25T10:00:00Z,SIMULATED,555.0,396.2
IR-12346,EXPRESS,NDLS,PRYJ,KNP-PRYJ-SEC-B,45.0,32.9,58.6,,,25.7,82.14109703823839,FOGGY,20.8,0.0,1.5,HIGH,5.0,NONE,2024-10-26T10:00:00Z,SIMULATED,555.0,436.1
IR-12346,EXPRESS,NDLS,PRYJ,KNP-PRYJ-SEC-B,45.0,31.2,48.1,,,16.9,86.54387007086724,LIGHT RAIN,23.2,1.5,4.0,MEDIUM,5.0,NONE,2024-11-27T10:00:00Z,SIMULATED,555.0,406.7
IR-12346,EXPRESS,NDLS,PRYJ,KNP-PRYJ-SEC-B,45.0,31.6,50.9,,,19.3,85.34231277663902,LIGHT RAIN,25.6,1.5,4.0,MEDIUM,5.0,NONE,2024-12-28T10:00:00Z,SIMULATED,555.0,414.5
IR-12346,EXPRESS,NDLS,PRYJ,KNP-PRYJ-SEC-B,45.0,32.3,54.9,,,22.6,83.67891908958697,LIGHT RAIN,28.8,1.5,4.0,HIGH,5.0,NONE,2024-01-01T10:00:00Z,SIMULATED,555.0,425.5
IR-12346,EXPRESS,NDLS,PRYJ,KNP-PRYJ-SEC-B,45.0,31.2,48.3,,,17.1,86.43487888314097,LIGHT RAIN,32.0,1.5,4.0,MEDIUM,5.0,NONE,2024-02-02T10:00:00Z,SIMULATED,555.0,407.4
IR-12346,EXPRESS,NDLS,PRYJ,KNP-PRYJ-SEC-B,90.0,65.4,90.3,,,24.9,82.57149309076206,FOGGY,20.8,0.0,1.5,HIGH,5.0,NONE,2024-03-03T10:00:00Z,SIMULATED,510.0,405.5
IR-12346,EXPRESS,NDLS,PRYJ,KNP-PRYJ-SEC-B,90.0,62.9,81.1,,,18.2,85.91309235957245,LIGHT RAIN,23.2,1.5,4.0,MEDIUM,5.0,NONE,2024-04-04T10:00:00Z,SIMULATED,510.0,384.4
IR-12346,EXPRESS,NDLS,PRYJ,KNP-PRYJ-SEC-B,90.0,63.8,84.6,,,20.8,84.59949541150422,LIGHT RAIN,25.6,1.5,4.0,MEDIUM,5.0,NONE,2024-05-05T10:00:00Z,SIMULATED,510.0,392.5
IR-12346,EXPRESS,NDLS,PRYJ,KNP-PRYJ-SEC-B,90.0,63.9,85.0,,,21.1,84.46121279974322,LIGHT RAIN,28.8,1.5,4.0,HIGH,5.0,NONE,2024-06-06T10:00:00Z,SIMULATED,510.0,393.4
IR-12346,EXPRESS,NDLS,PRYJ,KNP-PRYJ-SEC-B,90.0,62.1,78.1,,,16.0,86.98985975713755,LIGHT RAIN,32.0,1.5,4.0,MEDIUM,5.0,NONE,2024-07-07T10:00:00Z,SIMULATED,510.0,377.8
IR-12346,EXPRESS,NDLS,PRYJ,KNP-PRYJ-SEC-B,90.0,64.0,85.2,,,21.2,84.38095931826088,CLEAR,20.8,0.0,9.0,HIGH,5.0,NONE,2024-08-08T10:00:00Z,SIMULATED,510.0,393.8
IR-12346,EXPRESS,NDLS,PRYJ,KNP-PRYJ-SEC-B,90.0,62.0,77.8,,,15.8,87.0773914666197,CLEAR,23.2,0.0,9.0,MEDIUM,5.0,NONE,2024-09-09T10:00:00Z,SIMULATED,510.0,377.2
IR-12346,EXPRESS,NDLS,PRYJ,KNP-PRYJ-SEC-B,90.0,63.1,81.9,,,18.8,85.61695011425515,CLEAR,25.6,0.0,9.0,MEDIUM,5.0,NONE,2024-10-10T10:00:00Z,SIMULATED,510.0,386.2
IR-12346,EXPRESS,NDLS,PRYJ,KNP-PRYJ-SEC-B,90.0,65.0,88.9,,,23.9,83.061711143445,CLEAR,28.8,0.0,9.0,HIGH,5.0,NONE,2024-11-11T10:00:00Z,SIMULATED,510.0,402.3
IR-12346,EXPRESS,NDLS,PRYJ,KNP-PRYJ-SEC-B,90.0,61.6,76.2,,,14.6,87.69886494787475,CLEAR,32.0,0.0,9.0,MEDIUM,5.0,NONE,2024-12-12T10:00:00Z,SIMULATED,510.0,373.5
IR-12346,EXPRESS,NDLS,PRYJ,KNP-PRYJ-SEC-B,90.0,63.2,82.3,,,19.1,85.46737975813775,CLEAR,20.8,0.0,9.0,HIGH,5.0,NONE,2024-01-13T10:00:00Z,SIMULATED,510.0,387.1
IR-12346,EXPRESS,NDLS,PRYJ,KNP-PRYJ-SEC-B,90.0,62.0,77.8,,,15.8,87.1091683829587,CLEAR,23.2,0.0,9.0,MEDIUM,5.0,NONE,2024-02-14T10:00:00Z,SIMULATED,510.0,377.1
IR-12346,EXPRESS,NDLS,PRYJ,KNP-PRYJ-SEC-B,90.0,61.8,76.9,,,15.1,87.42752314206312,CLEAR,25.6,0.0,9.0,MEDIUM,5.0,NONE,2024-03-15T10:00:00Z,SIMULATED,510.0,375.1
IR-12346,EXPRESS,NDLS,PRYJ,KNP-PRYJ-SEC-B,90.0,63.1,82.0,,,18.9,85.54161513534403,CLEAR,28.8,0.0,9.0,HIGH,5.0,NONE,2024-04-16T10:00:00Z,SIMULATED,510.0,386.6
IR-12346,EXPRESS,NDLS,PRYJ,KNP-PRYJ-SEC-B,90.0,63.1,82.0,,,18.9,85.53761802384588,CLEAR,32.0,0.0,9.0,MEDIUM,5.0,NONE,2024-05-17T10:00:00Z,SIMULATED,510.0,386.6
IR-12346,EXPRESS,NDLS,PRYJ,KNP-PRYJ-SEC-B,90.0,65.2,89.6,,,24.4,82.78094554020768,FOGGY,20.8,0.0,1.5,HIGH,5.0,NONE,2024-06-18T10:00:00Z,SIMULATED,510.0,404.1
IR-12346,EXPRESS,NDLS,PRYJ,KNP-PRYJ-SEC-B,90.0,63.4,83.0,,,19.6,85.1945490469365,LIGHT RAIN,23.2,1.5,4.0,MEDIUM,5.0,NONE,2024-07-19T10:00:00Z,SIMULATED,510.0,388.8
IR-12346,EXPRESS,NDLS,PRYJ,KNP-PRYJ-SEC-B,90.0,64.5,87.0,,,22.5,83.7570094466677,LIGHT RAIN,25.6,1.5,4.0,MEDIUM,5.0,NONE,2024-08-20T10:00:00Z,SIMULATED,510.0,397.8
IR-12346,EXPRESS,NDLS,PRYJ,KNP-PRYJ-SEC-B,90.0,62.8,80.7,,,17.9,86.03896144637245,LIGHT RAIN,28.8,1.5,4.0,HIGH,5.0,NONE,2024-09-21T10:00:00Z,SIMULATED,510.0,383.6
IR-12346,EXPRESS,NDLS,PRYJ,KNP-PRYJ-SEC-B,90.0,61.9,77.4,,,15.5,87.26119766444128,LIGHT RAIN,32.0,1.5,4.0,MEDIUM,5.0,NONE,2024-10-22T10:00:00Z,SIMULATED,510.0,376.2
IR-12346,EXPRESS,NDLS,PRYJ,KNP-PRYJ-SEC-B,90.0,63.1,82.0,,,18.9,85.54829526624198,CLEAR,20.8,0.0,9.0,HIGH,5.0,NONE,2024-11-23T10:00:00Z,SIMULATED,510.0,386.6
IR-12346,EXPRESS,NDLS,PRYJ,KNP-PRYJ-SEC-B,90.0,61.1,74.2,,,13.1,88.4350946104107,CLEAR,23.2,0.0,9.0,MEDIUM,5.0,NONE,2024-12-24T10:00:00Z,SIMULATED,510.0,369.1
IR-12346,EXPRESS,NDLS,PRYJ,KNP-PRYJ-SEC-B,90.0,64.5,87.1,,,22.6,83.68444924825593,CLEAR,25.6,0.0,9.0,MEDIUM,5.0,NONE,2024-01-25T10:00:00Z,SIMULATED,510.0,398.3
IR-12346,EXPRESS,NDLS,PRYJ,KNP-PRYJ-SEC-B,90.0,63.1,81.9,,,18.8,85.58493827829557,CLEAR,28.8,0.0,9.0,HIGH,5.0,NONE,2024-02-26T10:00:00Z,SIMULATED,510.0,386.3
IR-12346,EXPRESS,NDLS,PRYJ,KNP-PRYJ-SEC-B,90.0,62.9,81.3,,,18.4,85.78261061257741,CLEAR,32.0,0.0,9.0,MEDIUM,5.0,NONE,2024-03-27T10:00:00Z,SIMULATED,510.0,385.1
IR-12346,EXPRESS,NDLS,PRYJ,KNP-PRYJ-SEC-B,90.0,66.1,92.6,,,26.5,81.74686439001805,CLEAR,20.8,0.0,9.0,HIGH,5.0,NONE,2024-04-28T10:00:00Z,SIMULATED,510.0,410.8
IR-12346,EXPRESS,NDLS,PRYJ,KNP-PRYJ-SEC-B,90.0,60.8,73.1,,,12.3,88.85706597066792,CLEAR,23.2,0.0,9.0,MEDIUM,5.0,NONE,2024-05-01T10:00:00Z,SIMULATED,510.0,366.7
IR-12346,EXPRESS,NDLS,PRYJ,KNP-PRYJ-SEC-B,90.0,63.6,83.8,,,20.2,84.90627103978036,CLEAR,25.6,0.0,9.0,MEDIUM,5.0,NONE,2024-06-02T10:00:00Z,SIMULATED,510.0,390.6
IR-12346,EXPRESS,NDLS,PRYJ,KNP-PRYJ-SEC-B,90.0,65.8,91.6,,,25.8,82.11343982683397,CLEAR,28.8,0.0,9.0,HIGH,5.0,NONE,2024-07-03T10:00:00Z,SIMULATED,510.0,408.5
IR-12346,EXPRESS,NDLS,PRYJ,KNP-PRYJ-SEC-B,90.0,60.8,73.1,,,12.3,88.8499294954968,CLEAR,32.0,0.0,9.0,MEDIUM,5.0,NONE,2024-08-04T10:00:00Z,SIMULATED,510.0,366.7
IR-12346,EXPRESS,NDLS,PRYJ,KNP-PRYJ-SEC-B,90.0,66.2,93.1,,,26.9,81.55846149228978,FOGGY,20.8,0.0,1.5,HIGH,5.0,NONE,2024-09-05T10:00:00Z,SIMULATED,510.0,412.1
IR-12346,EXPRESS,NDLS,PRYJ,KNP-PRYJ-SEC-B,90.0,62.4,79.2,,,16.8,86.60548334196555,LIGHT RAIN,23.2,1.5,4.0,MEDIUM,5.0,NONE,2024-10-06T10:00:00Z,SIMULATED,510.0,380.1
IR-12346,EXPRESS,NDLS,PRYJ,KNP-PRYJ-SEC-B,90.0,62.8,80.9,,,18.1,85.93974967381584,LIGHT RAIN,25.6,1.5,4.0,MEDIUM,5.0,NONE,2024-11-07T10:00:00Z,SIMULATED,510.0,384.2
IR-12346,EXPRESS,NDLS,PRYJ,KNP-PRYJ-SEC-B,90.0,65.5,90.6,,,25.1,82.44713782532145,LIGHT RAIN,28.8,1.5,4.0,HIGH,5.0,NONE,2024-12-08T10:00:00Z,SIMULATED,510.0,406.2
IR-12346,EXPRESS,NDLS,PRYJ,KNP-PRYJ-SEC-B,90.0,62.2,78.7,,,16.5,86.75617375794425,LIGHT RAIN,32.0,1.5,4.0,MEDIUM,5.0,NONE,2024-01-09T10:00:00Z,SIMULATED,510.0,379.2
IR-12346,EXPRESS,NDLS,PRYJ,KNP-PRYJ-SEC-B,135.0,110.0,152.7,,,42.7,73.65596788100362,FOGGY,20.8,0.0,1.5,HIGH,5.0,NONE,2024-02-10T10:00:00Z,SIMULATED,465.0,436.5
IR-12346,EXPRESS,NDLS,PRYJ,KNP-PRYJ-SEC-B,135.0,104.2,138.7,,,34.5,77.74044820692336,LIGHT RAIN,23.2,1.5,4.0,HIGH,5.0,NONE,2024-03-11T10:00:00Z,SIMULATED,465.0,408.4
IR-12346,EXPRESS,NDLS,PRYJ,KNP-PRYJ-SEC-B,135.0,104.5,139.5,,,35.0,77.48202856955824,LIGHT RAIN,25.6,1.5,4.0,HIGH,5.0,NONE,2024-04-12T10:00:00Z,SIMULATED,465.0,410.1
IR-12346,EXPRESS,NDLS,PRYJ,KNP-PRYJ-SEC-B,135.0,110.4,153.7,,,43.3,73.34772470332331,LIGHT RAIN,28.8,1.5,4.0,HIGH,5.0,NONE,2024-05-13T10:00:00Z,SIMULATED,465.0,438.7
IR-12346,EXPRESS,NDLS,PRYJ,KNP-PRYJ-SEC-B,135.0,106.0,143.2,,,37.2,76.3923010271632,LIGHT RAIN,32.0,1.5,4.0,HIGH,5.0,NONE,2024-06-14T10:00:00Z,SIMULATED,465.0,417.4
IR-12346,EXPRESS,NDLS,PRYJ,KNP-PRYJ-SEC-B,135.0,106.0,143.2,,,37.2,76.4228057819181,CLEAR,20.8,0.0,9.0,HIGH,5.0,NONE,2024-07-15T10:00:00Z,SIMULATED,465.0,417.3
IR-12346,EXPRESS,NDLS,PRYJ,KNP-PRYJ-SEC-B,135.0,101.0,130.7,,,29.7,80.16985971607608,CLEAR,23.2,0.0,9.0,HIGH,5.0,NONE,2024-08-16T10:00:00Z,SIMULATED,465.0,392.7
IR-12346,EXPRESS,NDLS,PRYJ,KNP-PRYJ-SEC-B,135.0,101.8,132.7,,,30.9,79.5339056207345,CLEAR,25.6,0.0,9.0,HIGH,5.0,NONE,2024-09-17T10:00:00Z,SIMULATED,465.0,396.7
IR-12346,EXPRESS,NDLS,PRYJ,KNP-PRYJ-SEC-B,135.0,109.8,152.3,,,42.5,73.75942649241725,CLEAR,28.8,0.0,9.0,HIGH,5.0,NONE,2024-10-18T10:00:00Z,SIMULATED,465.0,435.8
IR-12346,EXPRESS,NDLS,PRYJ,KNP-PRYJ-SEC-B,135.0,103.2,136.2,,,33.0,78.49974011685228,CLEAR,32.0,0.0,9.0,HIGH,5.0,NONE,2024-11-19T10:00:00Z,SIMULATED,465.0,403.4
IR-12346,EXPRESS,NDLS,PRYJ,KNP-PRYJ-SEC-B,135.0,105.8,142.7,,,36.9,76.53313003472097,CLEAR,20.8,0.0,9.0,HIGH,5.0,NONE,2024-12-20T10:00:00Z,SIMULATED,465.0,416.4
IR-12346,EXPRESS,NDLS,PRYJ,KNP-PRYJ-SEC-B,135.0,107.4,146.5,,,39.1,75.43164273283969,CLEAR,23.2,0.0,9.0,HIGH,5.0,NONE,2024-01-21T10:00:00Z,SIMULATED,465.0,424.0
IR-12346,EXPRESS,NDLS,PRYJ,KNP-PRYJ-SEC-B,135.0,106.2,143.6,,,37.4,76.28700024939846,CLEAR,25.6,0.0,9.0,HIGH,5.0,NONE,2024-02-22T10:00:00Z,SIMULATED,465.0,418.1
IR-12346,EXPRESS,NDLS,PRYJ,KNP-PRYJ-SEC-B,135.0,103.9,138.0,,,34.1,77.94316038396447,CLEAR,28.8,0.0,9.0,HIGH,5.0,NONE,2024-03-23T10:00:00Z,SIMULATED,465.0,407.1
IR-12346,EXPRESS,NDLS,PRYJ,KNP-PRYJ-SEC-B,135.0,100.7,129.9,,,29.2,80.41684328345286,CLEAR,32.0,0.0,9.0,HIGH,5.0,NONE,2024-04-24T10:00:00Z,SIMULATED,465.0,391.1
IR-12346,EXPRESS,NDLS,PRYJ,KNP-PRYJ-SEC-B,135.0,109.2,150.9,,,41.7,74.14400102689564,FOGGY,20.8,0.0,1.5,HIGH,5.0,NONE,2024-05-25T10:00:00Z,SIMULATED,465.0,433.0
IR-12346,EXPRESS,NDLS,PRYJ,KNP-PRYJ-SEC-B,135.0,105.7,142.5,,,36.8,76.6175194296034,LIGHT RAIN,23.2,1.5,4.0,HIGH,5.0,NONE,2024-06-26T10:00:00Z,SIMULATED,465.0,415.9
IR-12346,EXPRESS,NDLS,PRYJ,KNP-PRYJ-SEC-B,135.0,103.2,136.2,,,33.0,78.48372147112502,LIGHT RAIN,25.6,1.5,4.0,HIGH,5.0,NONE,2024-07-27T10:00:00Z,SIMULATED,465.0,403.5
IR-12346,EXPRESS,NDLS,PRYJ,KNP-PRYJ-SEC-B,135.0,108.4,149.0,,,40.6,74.69625110147726,LIGHT RAIN,28.8,1.5,4.0,HIGH,5.0,NONE,2024-08-28T10:00:00Z,SIMULATED,465.0,429.1
IR-12346,EXPRESS,NDLS,PRYJ,KNP-PRYJ-SEC-B,135.0,100.5,129.3,,,28.8,80.60370972995065,LIGHT RAIN,32.0,1.5,4.0,HIGH,5.0,NONE,2024-09-01T10:00:00Z,SIMULATED,465.0,389.9
IR-12346,EXPRESS,NDLS,PRYJ,KNP-PRYJ-SEC-B,135.0,107.0,145.6,,,38.6,75.68535620054776,CLEAR,20.8,0.0,9.0,HIGH,5.0,NONE,2024-10-02T10:00:00Z,SIMULATED,465.0,422.2
IR-12346,EXPRESS,NDLS,PRYJ,KNP-PRYJ-SEC-B,135.0,102.8,135.3,,,32.5,78.75700869427564,CLEAR,23.2,0.0,9.0,HIGH,5.0,NONE,2024-11-03T10:00:00Z,SIMULATED,465.0,401.8
IR-12346,EXPRESS,NDLS,PRYJ,KNP-PRYJ-SEC-B,135.0,103.0,135.8,,,32.8,78.60368453024338,CLEAR,25.6,0.0,9.0,HIGH,5.0,NONE,2024-12-04T10:00:00Z,SIMULATED,465.0,402.7
IR-12346,EXPRESS,NDLS,PRYJ,KNP-PRYJ-SEC-B,135.0,105.7,142.5,,,36.8,76.6247062120486,CLEAR,28.8,0.0,9.0,HIGH,5.0,NONE,2024-01-05T10:00:00Z,SIMULATED,465.0,415.9
IR-12346,EXPRESS,NDLS,PRYJ,KNP-PRYJ-SEC-B,135.0,105.5,141.9,,,36.4,76.77896825569866,CLEAR,32.0,0.0,9.0,HIGH,5.0,NONE,2024-02-06T10:00:00Z,SIMULATED,465.0,414.8
IR-12346,EXPRESS,NDLS,PRYJ,KNP-PRYJ-SEC-B,135.0,106.3,143.9,,,37.6,76.20878535054791,CLEAR,20.8,0.0,9.0,HIGH,5.0,NONE,2024-03-07T10:00:00Z,SIMULATED,465.0,418.7
IR-12346,EXPRESS,NDLS,PRYJ,KNP-PRYJ-SEC-B,135.0,102.4,134.2,,,31.8,79.10595437795968,CLEAR,23.2,0.0,9.0,HIGH,5.0,NONE,2024-04-08T10:00:00Z,SIMULATED,465.0,399.5
IR-12346,EXPRESS,NDLS,PRYJ,KNP-PRYJ-SEC-B,135.0,101.8,132.6,,,30.8,79.60074203751543,CLEAR,25.6,0.0,9.0,HIGH,5.0,NONE,2024-05-09T10:00:00Z,SIMULATED,465.0,396.3
IR-12346,EXPRESS,NDLS,PRYJ,KNP-PRYJ-SEC-B,135.0,103.4,136.7,,,33.3,78.33804323337951,CLEAR,28.8,0.0,9.0,HIGH,5.0,NONE,2024-06-10T10:00:00Z,SIMULATED,465.0,404.4
IR-12346,EXPRESS,NDLS,PRYJ,KNP-PRYJ-SEC-B,135.0,101.8,132.6,,,30.8,79.57769736619515,CLEAR,32.0,0.0,9.0,HIGH,5.0,NONE,2024-07-11T10:00:00Z,SIMULATED,465.0,396.4
IR-12346,EXPRESS,NDLS,PRYJ,KNP-PRYJ-SEC-B,135.0,110.0,152.7,,,42.7,73.65071148678742,FOGGY,20.8,0.0,1.5,HIGH,5.0,NONE,2024-08-12T10:00:00Z,SIMULATED,465.0,436.5
IR-12346,EXPRESS,NDLS,PRYJ,KNP-PRYJ-SEC-B,135.0,99.8,127.5,,,27.7,81.16034659780175,LIGHT RAIN,23.2,1.5,4.0,HIGH,5.0,NONE,2024-09-13T10:00:00Z,SIMULATED,465.0,386.5
IR-12346,EXPRESS,NDLS,PRYJ,KNP-PRYJ-SEC-B,135.0,106.2,143.7,,,37.5,76.2509175004889,LIGHT RAIN,25.6,1.5,4.0,HIGH,5.0,NONE,2024-10-14T10:00:00Z,SIMULATED,465.0,418.4
IR-12346,EXPRESS,NDLS,PRYJ,KNP-PRYJ-SEC-B,135.0,107.2,146.1,,,38.9,75.52755425575434,LIGHT RAIN,28.8,1.5,4.0,HIGH,5.0,NONE,2024-11-15T10:00:00Z,SIMULATED,465.0,423.3
IR-12346,EXPRESS,NDLS,PRYJ,KNP-PRYJ-SEC-B,135.0,103.6,137.2,,,33.6,78.21331434011115,LIGHT RAIN,32.0,1.5,4.0,HIGH,5.0,NONE,2024-12-16T10:00:00Z,SIMULATED,465.0,405.3
IR-12346,EXPRESS,NDLS,PRYJ,KNP-PRYJ-SEC-B,180.0,148.8,193.6,,,44.8,72.59148846655131,FOGGY,20.8,0.0,1.5,HIGH,5.0,NONE,2024-01-17T10:00:00Z,SIMULATED,420.0,411.9
IR-12346,EXPRESS,NDLS,PRYJ,KNP-PRYJ-SEC-B,180.0,142.2,180.3,,,38.1,75.93281600540705,LIGHT RAIN,23.2,1.5,4.0,HIGH,5.0,NONE,2024-02-18T10:00:00Z,SIMULATED,420.0,390.0
IR-12346,EXPRESS,NDLS,PRYJ,KNP-PRYJ-SEC-B,180.0,145.5,187.0,,,41.5,74.24335217190225,LIGHT RAIN,25.6,1.5,4.0,HIGH,5.0,NONE,2024-03-19T10:00:00Z,SIMULATED,420.0,400.9
IR-12346,EXPRESS,NDLS,PRYJ,KNP-PRYJ-SEC-B,180.0,153.4,202.6,,,49.2,70.39920261157133,LIGHT RAIN,28.8,1.5,4.0,HIGH,5.0,NONE,2024-04-20T10:00:00Z,SIMULATED,420.0,427.2
IR-12346,EXPRESS,NDLS,PRYJ,KNP-PRYJ-SEC-B,180.0,145.5,187.1,,,41.6,74.20977775895747,LIGHT RAIN,32.0,1.5,4.0,HIGH,5.0,NONE,2024-05-21T10:00:00Z,SIMULATED,420.0,401.2
IR-12346,EXPRESS,NDLS,PRYJ,KNP-PRYJ-SEC-B,180.0,148.6,193.2,,,44.6,72.69968034131311,CLEAR,20.8,0.0,9.0,HIGH,5.0,NONE,2024-06-22T10:00:00Z,SIMULATED,420.0,411.2
IR-12346,EXPRESS,NDLS,PRYJ,KNP-PRYJ-SEC-B,180.0,144.4,184.9,,,40.5,74.7668158985065,CLEAR,23.2,0.0,9.0,HIGH,5.0,NONE,2024-07-23T10:00:00Z,SIMULATED,420.0,397.5
IR-12346,EXPRESS,NDLS,PRYJ,KNP-PRYJ-SEC-B,180.0,143.5,182.9,,,39.4,75.27944365555751,CLEAR,25.6,0.0,9.0,HIGH,5.0,NONE,2024-08-24T10:00:00Z,SIMULATED,420.0,394.2
IR-12346,EXPRESS,NDLS,PRYJ,KNP-PRYJ-SEC-B,180.0,152.3,200.4,,,48.1,70.93503592217331,CLEAR,28.8,0.0,9.0,HIGH,5.0,NONE,2024-09-25T10:00:00Z,SIMULATED,420.0,423.4
IR-12346,EXPRESS,NDLS,PRYJ,KNP-PRYJ-SEC-B,180.0,140.0,175.7,,,35.7,77.14171196582485,CLEAR,32.0,0.0,9.0,HIGH,5.0,NONE,2024-10-26T10:00:00Z,SIMULATED,420.0,382.4
IR-12346,EXPRESS,NDLS,PRYJ,KNP-PRYJ-SEC-B,180.0,151.6,199.1,,,47.5,71.24474919501347,CLEAR,20.8,0.0,9.0,HIGH,5.0,NONE,2024-11-27T10:00:00Z,SIMULATED,420.0,421.2
IR-12346,EXPRESS,NDLS,PRYJ,KNP-PRYJ-SEC-B,180.0,141.6,179.0,,,37.4,76.27744903084232,CLEAR,23.2,0.0,9.0,HIGH,5.0,NONE,2024-12-28T10:00:00Z,SIMULATED,420.0,387.8
IR-12346,EXPRESS,NDLS,PRYJ,KNP-PRYJ-SEC-B,180.0,147.7,191.4,,,43.7,73.13713655923259,CLEAR,25.6,0.0,9.0,HIGH,5.0,NONE,2024-01-01T10:00:00Z,SIMULATED,420.0,408.3
IR-12346,EXPRESS,NDLS,PRYJ,KNP-PRYJ-SEC-B,180.0,144.5,185.0,,,40.5,74.76438092054703,CLEAR,28.8,0.0,9.0,HIGH,5.0,NONE,2024-02-02T10:00:00Z,SIMULATED,420.0,397.6
IR-12346,EXPRESS,NDLS,PRYJ,KNP-PRYJ-SEC-B,180.0,139.6,174.8,,,35.2,77.37815873377951,CLEAR,32.0,0.0,9.0,HIGH,5.0,NONE,2024-03-03T10:00:00Z,SIMULATED,420.0,380.9
IR-12346,EXPRESS,NDLS,PRYJ,KNP-PRYJ-SEC-B,180.0,151.6,199.1,,,47.5,71.22623737862925,FOGGY,20.8,0.0,1.5,HIGH,5.0,NONE,2024-04-04T10:00:00Z,SIMULATED,420.0,421.3
IR-12346,EXPRESS,NDLS,PRYJ,KNP-PRYJ-SEC-B,180.0,143.5,183.0,,,39.5,75.27143859453011,LIGHT RAIN,23.2,1.5,4.0,HIGH,5.0,NONE,2024-05-05T10:00:00Z,SIMULATED,420.0,394.3
IR-12346,EXPRESS,NDLS,PRYJ,KNP-PRYJ-SEC-B,180.0,142.9,181.7,,,38.8,75.57702492129906,LIGHT RAIN,25.6,1.5,4.0,HIGH,5.0,NONE,2024-06-06T10:00:00Z,SIMULATED,420.0,392.2
IR-12346,EXPRESS,NDLS,PRYJ,KNP-PRYJ-SEC-B,180.0,150.2,196.4,,,46.2,71.8954131621496,LIGHT RAIN,28.8,1.5,4.0,HIGH,5.0,NONE,2024-07-07T10:00:00Z,SIMULATED,420.0,416.7
IR-12346,EXPRESS,NDLS,PRYJ,KNP-PRYJ-SEC-B,180.0,146.5,189.1,,,42.6,73.70070943700188,LIGHT RAIN,32.0,1.5,4.0,HIGH,5.0,NONE,2024-08-08T10:00:00Z,SIMULATED,420.0,404.5
IR-12346,EXPRESS,NDLS,PRYJ,KNP-PRYJ-SEC-B,180.0,154.1,203.9,,,49.8,70.09398590519976,CLEAR,20.8,0.0,9.0,HIGH,5.0,NONE,2024-09-09T10:00:00Z,SIMULATED,420.0,429.3
IR-12346,EXPRESS,NDLS,PRYJ,KNP-PRYJ-SEC-B,180.0,143.6,183.1,,,39.5,75.23454632064872,CLEAR,23.2,0.0,9.0,HIGH,5.0,NONE,2024-10-10T10:00:00Z,SIMULATED,420.0,394.5
IR-12346,EXPRESS,NDLS,PRYJ,KNP-PRYJ-SEC-B,180.0,145.0,186.0,,,41.0,74.47517676200479,CLEAR,25.6,0.0,9.0,HIGH,5.0,NONE,2024-11-11T10:00:00Z,SIMULATED,420.0,399.4
IR-12346,EXPRESS,NDLS,PRYJ,KNP-PRYJ-SEC-B,180.0,150.0,196.0,,,46.0,72.00982789928833,CLEAR,28.8,0.0,9.0,HIGH,5.0,NONE,2024-12-12T10:00:00Z,SIMULATED,420.0,416.0
IR-12346,EXPRESS,NDLS,PRYJ,KNP-PRYJ-SEC-B,180.0,143.8,183.6,,,39.8,75.09555826369541,CLEAR,32.0,0.0,9.0,HIGH,5.0,NONE,2024-01-13T10:00:00Z,SIMULATED,420.0,395.4
IR-12346,EXPRESS,NDLS,PRYJ,KNP-PRYJ-SEC-B,180.0,147.7,191.4,,,43.7,73.14432680424505,CLEAR,20.8,0.0,9.0,HIGH,5.0,NONE,2024-02-14T10:00:00Z,SIMULATED,420.0,408.2
IR-12346,EXPRESS,NDLS,PRYJ,KNP-PRYJ-SEC-B,180.0,141.4,178.6,,,37.2,76.39830101159875,CLEAR,23.2,0.0,9.0,HIGH,5.0,NONE,2024-03-15T10:00:00Z,SIMULATED,420.0,387.1
IR-12346,EXPRESS,NDLS,PRYJ,KNP-PRYJ-SEC-B,180.0,141.6,179.0,,,37.4,76.27947428985621,CLEAR,25.6,0.0,9.0,HIGH,5.0,NONE,2024-04-16T10:00:00Z,SIMULATED,420.0,387.8
IR-12346,EXPRESS,NDLS,PRYJ,KNP-PRYJ-SEC-B,180.0,146.6,189.3,,,42.7,73.6669369804311,CLEAR,28.8,0.0,9.0,HIGH,5.0,NONE,2024-05-17T10:00:00Z,SIMULATED,420.0,404.8
IR-12346,EXPRESS,NDLS,PRYJ,KNP-PRYJ-SEC-B,180.0,150.3,196.6,,,46.3,71.87070398345719,CLEAR,32.0,0.0,9.0,HIGH,5.0,NONE,2024-06-18T10:00:00Z,SIMULATED,420.0,416.9
IR-12346,EXPRESS,NDLS,PRYJ,KNP-PRYJ-SEC-B,180.0,150.8,197.6,,,46.8,71.60984654536922,FOGGY,20.8,0.0,1.5,HIGH,5.0,NONE,2024-07-19T10:00:00Z,SIMULATED,420.0,418.7
IR-12346,EXPRESS,NDLS,PRYJ,KNP-PRYJ-SEC-B,180.0,141.7,179.3,,,37.6,76.20615875729816,LIGHT RAIN,23.2,1.5,4.0,HIGH,5.0,NONE,2024-08-20T10:00:00Z,SIMULATED,420.0,388.3
IR-12346,EXPRESS,NDLS,PRYJ,KNP-PRYJ-SEC-B,180.0,147.1,190.2,,,43.1,73.43086125731102,LIGHT RAIN,25.6,1.5,4.0,HIGH,5.0,NONE,2024-09-21T10:00:00Z,SIMULATED,420.0,406.3
IR-12346,EXPRESS,NDLS,PRYJ,KNP-PRYJ-SEC-B,180.0,153.1,202.0,,,48.9,70.52688901729312,LIGHT RAIN,28.8,1.5,4.0,HIGH,5.0,NONE,2024-10-22T10:00:00Z,SIMULATED,420.0,426.2
IR-12346,EXPRESS,NDLS,PRYJ,KNP-PRYJ-SEC-B,180.0,142.6,181.1,,,38.5,75.75313837110602,LIGHT RAIN,32.0,1.5,4.0,HIGH,5.0,NONE,2024-11-23T10:00:00Z,SIMULATED,420.0,391.2
IR-12346,EXPRESS,NDLS,PRYJ,KNP-PRYJ-SEC-B,225.0,209.4,270.5,,,61.1,64.47391817586713,FOGGY,20.8,0.0,1.5,HIGH,5.0,NONE,2024-12-24T10:00:00Z,SIMULATED,375.0,435.1
IR-12346,EXPRESS,NDLS,PRYJ,KNP-PRYJ-SEC-B,225.0,207.2,266.9,,,59.7,65.16376114320737,LIGHT RAIN,23.2,1.5,4.0,HIGH,5.0,NONE,2024-01-25T10:00:00Z,SIMULATED,375.0,430.0
IR-12346,EXPRESS,NDLS,PRYJ,KNP-PRYJ-SEC-B,225.0,200.8,256.4,,,55.6,67.22054678177174,LIGHT RAIN,25.6,1.5,4.0,HIGH,5.0,NONE,2024-02-26T10:00:00Z,SIMULATED,375.0,415.3
IR-12346,EXPRESS,NDLS,PRYJ,KNP-PRYJ-SEC-B,225.0,216.5,281.8,,,65.3,62.35995336984993,LIGHT RAIN,28.8,1.5,4.0,HIGH,5.0,NONE,2024-03-27T10:00:00Z,SIMULATED,375.0,451.1
IR-12346,EXPRESS,NDLS,PRYJ,KNP-PRYJ-SEC-B,225.0,206.9,266.4,,,59.5,65.25416592502113,LIGHT RAIN,32.0,1.5,4.0,HIGH,5.0,NONE,2024-04-28T10:00:00Z,SIMULATED,375.0,429.3
IR-12346,EXPRESS,NDLS,PRYJ,KNP-PRYJ-SEC-B,225.0,211.5,273.8,,,62.3,63.83162946775063,CLEAR,20.8,0.0,9.0,HIGH,5.0,NONE,2024-05-01T10:00:00Z,SIMULATED,375.0,439.8
IR-12346,EXPRESS,NDLS,PRYJ,KNP-PRYJ-SEC-B,225.0,201.1,256.8,,,55.7,67.13008651824381,CLEAR,23.2,0.0,9.0,HIGH,5.0,NONE,2024-06-02T10:00:00Z,SIMULATED,375.0,415.9
IR-12346,EXPRESS,NDLS,PRYJ,KNP-PRYJ-SEC-B,225.0,203.0,260.0,,,57.0,66.49426430974256,CLEAR,25.6,0.0,9.0,HIGH,5.0,NONE,2024-07-03T10:00:00Z,SIMULATED,375.0,420.4
IR-12346,EXPRESS,NDLS,PRYJ,KNP-PRYJ-SEC-B,225.0,210.8,272.7,,,61.9,64.03103229959265,CLEAR,28.8,0.0,9.0,HIGH,5.0,NONE,2024-08-04T10:00:00Z,SIMULATED,375.0,438.3
IR-12346,EXPRESS,NDLS,PRYJ,KNP-PRYJ-SEC-B,225.0,198.7,252.8,,,54.1,67.94379753532206,CLEAR,32.0,0.0,9.0,HIGH,5.0,NONE,2024-09-05T10:00:00Z,SIMULATED,375.0,410.3
IR-12346,EXPRESS,NDLS,PRYJ,KNP-PRYJ-SEC-B,225.0,211.1,273.2,,,62.1,63.95386611039842,CLEAR,20.8,0.0,9.0,HIGH,5.0,NONE,2024-10-06T10:00:00Z,SIMULATED,375.0,438.9
IR-12346,EXPRESS,NDLS,PRYJ,KNP-PRYJ-SEC-B,225.0,201.8,258.0,,,56.2,66.89828175377866,CLEAR,23.2,0.0,9.0,HIGH,5.0,NONE,2024-11-07T10:00:00Z,SIMULATED,375.0,417.5
IR-12346,EXPRESS,NDLS,PRYJ,KNP-PRYJ-SEC-B,225.0,195.2,246.9,,,51.7,69.14730425433719,CLEAR,25.6,0.0,9.0,HIGH,5.0,NONE,2024-12-08T10:00:00Z,SIMULATED,375.0,402.1
IR-12346,EXPRESS,NDLS,PRYJ,KNP-PRYJ-SEC-B,225.0,206.6,265.9,,,59.3,65.34459874485991,CLEAR,28.8,0.0,9.0,HIGH,5.0,NONE,2024-01-09T10:00:00Z,SIMULATED,375.0,428.6
IR-12346,EXPRESS,NDLS,PRYJ,KNP-PRYJ-SEC-B,225.0,196.5,249.1,,,52.6,68.71596222988516,CLEAR,32.0,0.0,9.0,HIGH,5.0,NONE,2024-02-10T10:00:00Z,SIMULATED,375.0,405.0
IR-12346,EXPRESS,NDLS,PRYJ,KNP-PRYJ-SEC-B,225.0,213.5,277.0,,,63.5,63.23694385219601,FOGGY,20.8,0.0,1.5,HIGH,5.0,NONE,2024-03-11T10:00:00Z,SIMULATED,375.0,444.3
IR-12346,EXPRESS,NDLS,PRYJ,KNP-PRYJ-SEC-B,225.0,201.7,257.8,,,56.1,66.94147959714307,LIGHT RAIN,23.2,1.5,4.0,HIGH,5.0,NONE,2024-04-12T10:00:00Z,SIMULATED,375.0,417.2
IR-12346,EXPRESS,NDLS,PRYJ,KNP-PRYJ-SEC-B,225.0,202.5,259.1,,,56.6,66.67817438069567,LIGHT RAIN,25.6,1.5,4.0,HIGH,5.0,NONE,2024-05-13T10:00:00Z,SIMULATED,375.0,419.0
IR-12346,EXPRESS,NDLS,PRYJ,KNP-PRYJ-SEC-B,225.0,214.2,278.2,,,64.0,63.02230443595348,LIGHT RAIN,28.8,1.5,4.0,HIGH,5.0,NONE,2024-06-14T10:00:00Z,SIMULATED,375.0,446.0
IR-12346,EXPRESS,NDLS,PRYJ,KNP-PRYJ-SEC-B,225.0,205.6,264.3,,,58.7,65.64934308664415,LIGHT RAIN,32.0,1.5,4.0,HIGH,5.0,NONE,2024-07-15T10:00:00Z,SIMULATED,375.0,426.4
IR-12346,EXPRESS,NDLS,PRYJ,KNP-PRYJ-SEC-B,225.0,214.8,279.1,,,64.3,62.84577936544833,CLEAR,20.8,0.0,9.0,HIGH,5.0,NONE,2024-08-16T10:00:00Z,SIMULATED,375.0,447.3
IR-12346,EXPRESS,NDLS,PRYJ,KNP-PRYJ-SEC-B,225.0,192.9,243.0,,,50.1,69.97471857324754,CLEAR,23.2,0.0,9.0,HIGH,5.0,NONE,2024-09-17T10:00:00Z,SIMULATED,375.0,396.6
IR-12346,EXPRESS,NDLS,PRYJ,KNP-PRYJ-SEC-B,225.0,204.8,263.0,,,58.2,65.91122955495472,CLEAR,25.6,0.0,9.0,HIGH,5.0,NONE,2024-10-18T10:00:00Z,SIMULATED,375.0,424.6
IR-12346,EXPRESS,NDLS,PRYJ,KNP-PRYJ-SEC-B,225.0,210.2,271.7,,,61.5,64.22901680338649,CLEAR,28.8,0.0,9.0,HIGH,5.0,NONE,2024-11-19T10:00:00Z,SIMULATED,375.0,436.8
IR-12346,EXPRESS,NDLS,PRYJ,KNP-PRYJ-SEC-B,225.0,198.8,253.0,,,54.2,67.89901904423786,CLEAR,32.0,0.0,9.0,HIGH,5.0,NONE,2024-12-20T10:00:00Z,SIMULATED,375.0,410.6
IR-12346,EXPRESS,NDLS,PRYJ,KNP-PRYJ-SEC-B,225.0,209.8,271.1,,,61.3,64.34920757704218,CLEAR,20.8,0.0,9.0,HIGH,5.0,NONE,2024-01-21T10:00:00Z,SIMULATED,375.0,436.0
IR-12346,EXPRESS,NDLS,PRYJ,KNP-PRYJ-SEC-B,225.0,201.5,257.5,,,56.0,67.00393651374144,CLEAR,23.2,0.0,9.0,HIGH,5.0,NONE,2024-02-22T10:00:00Z,SIMULATED,375.0,416.8
IR-12346,EXPRESS,NDLS,PRYJ,KNP-PRYJ-SEC-B,225.0,203.8,261.3,,,57.5,66.25116492814864,CLEAR,25.6,0.0,9.0,HIGH,5.0,NONE,2024-03-23T10:00:00Z,SIMULATED,375.0,422.1
IR-12346,EXPRESS,NDLS,PRYJ,KNP-PRYJ-SEC-B,225.0,209.6,270.8,,,61.2,64.39887243709344,CLEAR,28.8,0.0,9.0,HIGH,5.0,NONE,2024-04-24T10:00:00Z,SIMULATED,375.0,435.6
IR-12346,EXPRESS,NDLS,PRYJ,KNP-PRYJ-SEC-B,225.0,204.4,262.3,,,57.9,66.06094390575205,CLEAR,32.0,0.0,9.0,HIGH,5.0,NONE,2024-05-25T10:00:00Z,SIMULATED,375.0,423.5
IR-12346,EXPRESS,NDLS,PRYJ,KNP-PRYJ-SEC-B,225.0,211.9,274.5,,,62.6,63.69433592880386,FOGGY,20.8,0.0,1.5,HIGH,5.0,NONE,2024-06-26T10:00:00Z,SIMULATED,375.0,440.8
IR-12346,EXPRESS,NDLS,PRYJ,KNP-PRYJ-SEC-B,225.0,205.7,264.4,,,58.7,65.63423286121073,LIGHT RAIN,23.2,1.5,4.0,HIGH,5.0,NONE,2024-07-27T10:00:00Z,SIMULATED,375.0,426.5
IR-12346,EXPRESS,NDLS,PRYJ,KNP-PRYJ-SEC-B,225.0,198.7,252.8,,,54.1,67.94825196190233,LIGHT RAIN,25.6,1.5,4.0,HIGH,5.0,NONE,2024-08-28T10:00:00Z,SIMULATED,375.0,410.2
IR-12346,EXPRESS,NDLS,PRYJ,KNP-PRYJ-SEC-B,225.0,219.5,286.5,,,67.0,61.50751133807294,LIGHT RAIN,28.8,1.5,4.0,HIGH,5.0,NONE,2024-09-01T10:00:00Z,SIMULATED,375.0,457.8
IR-12346,EXPRESS,NDLS,PRYJ,KNP-PRYJ-SEC-B,225.0,206.2,265.3,,,59.1,65.47214289432314,LIGHT RAIN,32.0,1.5,4.0,HIGH,5.0,NONE,2024-10-02T10:00:00Z,SIMULATED,375.0,427.8
IR-12346,EXPRESS,NDLS,PRYJ,KNP-PRYJ-SEC-B,270.0,256.2,319.7,,,63.5,63.23414482706538,FOGGY,20.8,0.0,1.5,HIGH,5.0,NONE,2024-11-03T10:00:00Z,SIMULATED,330.0,406.6
IR-12346,EXPRESS,NDLS,PRYJ,KNP-PRYJ-SEC-B,270.0,244.2,301.5,,,57.3,66.34518436389999,LIGHT RAIN,23.2,1.5,4.0,HIGH,5.0,NONE,2024-12-04T10:00:00Z,SIMULATED,330.0,385.7
IR-12346,EXPRESS,NDLS,PRYJ,KNP-PRYJ-SEC-B,270.0,244.2,301.5,,,57.3,66.35053684561834,LIGHT RAIN,25.6,1.5,4.0,HIGH,5.0,NONE,2024-01-05T10:00:00Z,SIMULATED,330.0,385.7
IR-12346,EXPRESS,NDLS,PRYJ,KNP-PRYJ-SEC-B,270.0,261.0,326.9,,,65.9,62.061669630466085,LIGHT RAIN,28.8,1.5,4.0,HIGH,5.0,NONE,2024-02-06T10:00:00Z,SIMULATED,330.0,414.9
IR-12346,EXPRESS,NDLS,PRYJ,KNP-PRYJ-SEC-B,270.0,247.6,306.7,,,59.1,65.43445769127857,LIGHT RAIN,32.0,1.5,4.0,HIGH,5.0,NONE,2024-03-07T10:00:00Z,SIMULATED,330.0,391.7
IR-12346,EXPRESS,NDLS,PRYJ,KNP-PRYJ-SEC-B,270.0,252.5,314.2,,,61.7,64.15345054147045,CLEAR,20.8,0.0,9.0,HIGH,5.0,NONE,2024-04-08T10:00:00Z,SIMULATED,330.0,400.3
IR-12346,EXPRESS,NDLS,PRYJ,KNP-PRYJ-SEC-B,270.0,232.3,282.8,,,50.5,69.73871213498178,CLEAR,23.2,0.0,9.0,HIGH,5.0,NONE,2024-05-09T10:00:00Z,SIMULATED,330.0,364.4
IR-12346,EXPRESS,NDLS,PRYJ,KNP-PRYJ-SEC-B,270.0,242.1,298.3,,,56.2,66.92042575750125,CLEAR,25.6,0.0,9.0,HIGH,5.0,NONE,2024-06-10T10:00:00Z,SIMULATED,330.0,382.1
IR-12346,EXPRESS,NDLS,PRYJ,KNP-PRYJ-SEC-B,270.0,248.0,307.3,,,59.3,65.33117173016116,CLEAR,28.8,0.0,9.0,HIGH,5.0,NONE,2024-07-11T10:00:00Z,SIMULATED,330.0,392.4
IR-12346,EXPRESS,NDLS,PRYJ,KNP-PRYJ-SEC-B,270.0,242.3,298.6,,,56.3,66.86560588330397,CLEAR,32.0,0.0,9.0,HIGH,5.0,NONE,2024-08-12T10:00:00Z,SIMULATED,330.0,382.4
IR-12346,EXPRESS,NDLS,PRYJ,KNP-PRYJ-SEC-B,270.0,250.5,311.2,,,60.7,64.65815372592819,CLEAR,20.8,0.0,9.0,HIGH,5.0,NONE,2024-09-13T10:00:00Z,SIMULATED,330.0,396.9
IR-12346,EXPRESS,NDLS,PRYJ,KNP-PRYJ-SEC-B,270.0,249.3,309.3,,,60.0,64.988392092043,CLEAR,23.2,0.0,9.0,HIGH,5.0,NONE,2024-10-14T10:00:00Z,SIMULATED,330.0,394.7
IR-12346,EXPRESS,NDLS,PRYJ,KNP-PRYJ-SEC-B,270.0,237.5,291.1,,,53.6,68.21295490366995,CLEAR,25.6,0.0,9.0,HIGH,5.0,NONE,2024-11-15T10:00:00Z,SIMULATED,330.0,373.9
IR-12346,EXPRESS,NDLS,PRYJ,KNP-PRYJ-SEC-B,270.0,252.2,313.7,,,61.5,64.24725159386972,CLEAR,28.8,0.0,9.0,HIGH,5.0,NONE,2024-12-16T10:00:00Z,SIMULATED,330.0,399.7
IR-12346,EXPRESS,NDLS,PRYJ,KNP-PRYJ-SEC-B,270.0,243.1,299.8,,,56.7,66.63119717565483,CLEAR,32.0,0.0,9.0,HIGH,5.0,NONE,2024-01-17T10:00:00Z,SIMULATED,330.0,383.9
IR-12346,EXPRESS,NDLS,PRYJ,KNP-PRYJ-SEC-B,270.0,252.4,314.1,,,61.7,64.17442376669143,FOGGY,20.8,0.0,1.5,HIGH,5.0,NONE,2024-02-18T10:00:00Z,SIMULATED,330.0,400.2
IR-12346,EXPRESS,NDLS,PRYJ,KNP-PRYJ-SEC-B,270.0,247.0,305.8,,,58.8,65.5996981389233,LIGHT RAIN,23.2,1.5,4.0,HIGH,5.0,NONE,2024-03-19T10:00:00Z,SIMULATED,330.0,390.6
IR-12346,EXPRESS,NDLS,PRYJ,KNP-PRYJ-SEC-B,270.0,237.6,291.2,,,53.6,68.18845805899238,LIGHT RAIN,25.6,1.5,4.0,HIGH,5.0,NONE,2024-04-20T10:00:00Z,SIMULATED,330.0,374.0
IR-12346,EXPRESS,NDLS,PRYJ,KNP-PRYJ-SEC-B,270.0,255.6,318.9,,,63.3,63.372985040868414,LIGHT RAIN,28.8,1.5,4.0,HIGH,5.0,NONE,2024-05-21T10:00:00Z,SIMULATED,330.0,405.7
IR-12346,EXPRESS,NDLS,PRYJ,KNP-PRYJ-SEC-B,270.0,243.7,300.8,,,57.1,66.47369332763262,LIGHT RAIN,32.0,1.5,4.0,HIGH,5.0,NONE,2024-06-22T10:00:00Z,SIMULATED,330.0,385.0
IR-12346,EXPRESS,NDLS,PRYJ,KNP-PRYJ-SEC-B,270.0,253.0,314.9,,,61.9,64.03845219140632,CLEAR,20.8,0.0,9.0,HIGH,5.0,NONE,2024-07-23T10:00:00Z,SIMULATED,330.0,401.1
IR-12346,EXPRESS,NDLS,PRYJ,KNP-PRYJ-SEC-B,270.0,245.6,303.7,,,58.1,65.96680452688138,CLEAR,23.2,0.0,9.0,HIGH,5.0,NONE,2024-08-24T10:00:00Z,SIMULATED,330.0,388.3
IR-12346,EXPRESS,NDLS,PRYJ,KNP-PRYJ-SEC-B,270.0,237.9,291.7,,,53.8,68.0869380094622,CLEAR,25.6,0.0,9.0,HIGH,5.0,NONE,2024-09-25T10:00:00Z,SIMULATED,330.0,374.6
IR-12346,EXPRESS,NDLS,PRYJ,KNP-PRYJ-SEC-B,270.0,250.4,311.0,,,60.6,64.69590111653763,CLEAR,28.8,0.0,9.0,HIGH,5.0,NONE,2024-10-26T10:00:00Z,SIMULATED,330.0,396.6
IR-12346,EXPRESS,NDLS,PRYJ,KNP-PRYJ-SEC-B,270.0,248.6,308.3,,,59.7,65.1691969086721,CLEAR,32.0,0.0,9.0,HIGH,5.0,NONE,2024-11-27T10:00:00Z,SIMULATED,330.0,393.5
IR-12346,EXPRESS,NDLS,PRYJ,KNP-PRYJ-SEC-B,270.0,257.6,321.8,,,64.2,62.89506607845513,CLEAR,20.8,0.0,9.0,HIGH,5.0,NONE,2024-12-28T10:00:00Z,SIMULATED,330.0,409.0
IR-12346,EXPRESS,NDLS,PRYJ,KNP-PRYJ-SEC-B,270.0,243.9,301.1,,,57.2,66.40854670741726,CLEAR,23.2,0.0,9.0,HIGH,5.0,NONE,2024-01-01T10:00:00Z,SIMULATED,330.0,385.4
IR-12346,EXPRESS,NDLS,PRYJ,KNP-PRYJ-SEC-B,270.0,234.8,286.8,,,52.0,68.98716229570815,CLEAR,25.6,0.0,9.0,HIGH,5.0,NONE,2024-02-02T10:00:00Z,SIMULATED,330.0,369.0
IR-12346,EXPRESS,NDLS,PRYJ,KNP-PRYJ-SEC-B,270.0,258.1,322.6,,,64.5,62.75638673413453,CLEAR,28.8,0.0,9.0,HIGH,5.0,NONE,2024-03-03T10:00:00Z,SIMULATED,330.0,410.0
IR-12346,EXPRESS,NDLS,PRYJ,KNP-PRYJ-SEC-B,270.0,241.3,297.0,,,55.7,67.12676205588886,CLEAR,32.0,0.0,9.0,HIGH,5.0,NONE,2024-04-04T10:00:00Z,SIMULATED,330.0,380.7
IR-12346,EXPRESS,NDLS,PRYJ,KNP-PRYJ-SEC-B,270.0,246.1,304.5,,,58.4,65.81641758198523,FOGGY,20.8,0.0,1.5,HIGH,5.0,NONE,2024-05-05T10:00:00Z,SIMULATED,330.0,389.2
IR-12346,EXPRESS,NDLS,PRYJ,KNP-PRYJ-SEC-B,270.0,242.8,299.4,,,56.6,66.70806696897719,LIGHT RAIN,23.2,1.5,4.0,HIGH,5.0,NONE,2024-06-06T10:00:00Z,SIMULATED,330.0,383.4
IR-12346,EXPRESS,NDLS,PRYJ,KNP-PRYJ-SEC-B,270.0,247.1,306.0,,,58.9,65.57236842774373,LIGHT RAIN,25.6,1.5,4.0,HIGH,5.0,NONE,2024-07-07T10:00:00Z,SIMULATED,330.0,390.9
IR-12346,EXPRESS,NDLS,PRYJ,KNP-PRYJ-SEC-B,270.0,253.7,316.0,,,62.3,63.862666958875465,LIGHT RAIN,28.8,1.5,4.0,HIGH,5.0,NONE,2024-08-08T10:00:00Z,SIMULATED,330.0,402.3
IR-12346,EXPRESS,NDLS,PRYJ,KNP-PRYJ-SEC-B,270.0,237.0,290.3,,,53.3,68.34774644621604,LIGHT RAIN,32.0,1.5,4.0,HIGH,5.0,NONE,2024-09-09T10:00:00Z,SIMULATED,330.0,373.0
IR-12346,EXPRESS,NDLS,PRYJ,KNP-PRYJ-SEC-B,315.0,297.1,359.9,,,62.8,63.61752022170226,FOGGY,20.8,0.0,1.5,HIGH,5.0,NONE,2024-10-10T10:00:00Z,SIMULATED,285.0,366.6
IR-12346,EXPRESS,NDLS,PRYJ,KNP-PRYJ-SEC-B,315.0,282.5,338.7,,,56.2,66.91430555184903,LIGHT RAIN,23.2,1.5,4.0,HIGH,5.0,NONE,2024-11-11T10:00:00Z,SIMULATED,285.0,346.8
IR-12346,EXPRESS,NDLS,PRYJ,KNP-PRYJ-SEC-B,315.0,281.4,337.1,,,55.7,67.15853420212912,LIGHT RAIN,25.6,1.5,4.0,HIGH,5.0,NONE,2024-12-12T10:00:00Z,SIMULATED,285.0,345.3
IR-12346,EXPRESS,NDLS,PRYJ,KNP-PRYJ-SEC-B,315.0,294.9,356.7,,,61.8,64.09239584491866,LIGHT RAIN,28.8,1.5,4.0,HIGH,5.0,NONE,2024-01-13T10:00:00Z,SIMULATED,285.0,363.6
IR-12346,EXPRESS,NDLS,PRYJ,KNP-PRYJ-SEC-B,315.0,287.2,345.6,,,58.4,65.79827092996771,LIGHT RAIN,32.0,1.5,4.0,HIGH,5.0,NONE,2024-02-14T10:00:00Z,SIMULATED,285.0,353.3
IR-12346,EXPRESS,NDLS,PRYJ,KNP-PRYJ-SEC-B,315.0,286.9,345.2,,,58.3,65.86676017485132,CLEAR,20.8,0.0,9.0,HIGH,5.0,NONE,2024-03-15T10:00:00Z,SIMULATED,285.0,352.9
IR-12346,EXPRESS,NDLS,PRYJ,KNP-PRYJ-SEC-B,315.0,274.2,326.3,,,52.1,68.93670772839621,CLEAR,23.2,0.0,9.0,HIGH,5.0,NONE,2024-04-16T10:00:00Z,SIMULATED,285.0,335.2
IR-12346,EXPRESS,NDLS,PRYJ,KNP-PRYJ-SEC-B,315.0,276.0,329.0,,,53.0,68.48680411966058,CLEAR,25.6,0.0,9.0,HIGH,5.0,NONE,2024-05-17T10:00:00Z,SIMULATED,285.0,337.7
IR-12346,EXPRESS,NDLS,PRYJ,KNP-PRYJ-SEC-B,315.0,290.7,350.7,,,60.0,65.02002702118685,CLEAR,28.8,0.0,9.0,HIGH,5.0,NONE,2024-06-18T10:00:00Z,SIMULATED,285.0,358.0
IR-12346,EXPRESS,NDLS,PRYJ,KNP-PRYJ-SEC-B,315.0,291.3,351.5,,,60.2,64.8786949185072,CLEAR,32.0,0.0,9.0,HIGH,5.0,NONE,2024-07-19T10:00:00Z,SIMULATED,285.0,358.8
IR-12346,EXPRESS,NDLS,PRYJ,KNP-PRYJ-SEC-B,315.0,291.3,351.6,,,60.3,64.87357380913011,CLEAR,20.8,0.0,9.0,HIGH,5.0,NONE,2024-08-20T10:00:00Z,SIMULATED,285.0,358.9
IR-12346,EXPRESS,NDLS,PRYJ,KNP-PRYJ-SEC-B,315.0,280.9,336.3,,,55.4,67.29477458499633,CLEAR,23.2,0.0,9.0,HIGH,5.0,NONE,2024-09-21T10:00:00Z,SIMULATED,285.0,344.5
IR-12346,EXPRESS,NDLS,PRYJ,KNP-PRYJ-SEC-B,315.0,274.7,327.1,,,52.4,68.79507701131081,CLEAR,25.6,0.0,9.0,HIGH,5.0,NONE,2024-10-22T10:00:00Z,SIMULATED,285.0,336.0
IR-12346,EXPRESS,NDLS,PRYJ,KNP-PRYJ-SEC-B,315.0,301.6,366.3,,,64.7,62.66616264572332,CLEAR,28.8,0.0,9.0,HIGH,5.0,NONE,2024-11-23T10:00:00Z,SIMULATED,285.0,372.6
IR-12346,EXPRESS,NDLS,PRYJ,KNP-PRYJ-SEC-B,315.0,282.3,338.4,,,56.1,66.9402629089581,CLEAR,32.0,0.0,9.0,HIGH,5.0,NONE,2024-12-24T10:00:00Z,SIMULATED,285.0,346.6
IR-12346,EXPRESS,NDLS,PRYJ,KNP-PRYJ-SEC-B,315.0,296.5,359.0,,,62.5,63.749575866157656,FOGGY,20.8,0.0,1.5,HIGH,5.0,NONE,2024-01-25T10:00:00Z,SIMULATED,285.0,365.7
IR-12346,EXPRESS,NDLS,PRYJ,KNP-PRYJ-SEC-B,315.0,275.3,328.0,,,52.7,68.66055673423995,LIGHT RAIN,23.2,1.5,4.0,HIGH,5.0,NONE,2024-02-26T10:00:00Z,SIMULATED,285.0,336.8
IR-12346,EXPRESS,NDLS,PRYJ,KNP-PRYJ-SEC-B,315.0,286.8,345.0,,,58.2,65.89843565170824,LIGHT RAIN,25.6,1.5,4.0,HIGH,5.0,NONE,2024-03-27T10:00:00Z,SIMULATED,285.0,352.7
IR-12346,EXPRESS,NDLS,PRYJ,KNP-PRYJ-SEC-B,315.0,298.2,361.4,,,63.2,63.37821358748269,LIGHT RAIN,28.8,1.5,4.0,HIGH,5.0,NONE,2024-04-28T10:00:00Z,SIMULATED,285.0,368.0
IR-12346,EXPRESS,NDLS,PRYJ,KNP-PRYJ-SEC-B,315.0,289.8,349.4,,,59.6,65.22017729967567,LIGHT RAIN,32.0,1.5,4.0,HIGH,5.0,NONE,2024-05-01T10:00:00Z,SIMULATED,285.0,356.8
IR-12346,EXPRESS,NDLS,PRYJ,KNP-PRYJ-SEC-B,315.0,293.2,354.3,,,61.1,64.45618687990073,CLEAR,20.8,0.0,9.0,HIGH,5.0,NONE,2024-06-02T10:00:00Z,SIMULATED,285.0,361.4
IR-12346,EXPRESS,NDLS,PRYJ,KNP-PRYJ-SEC-B,315.0,279.8,334.7,,,54.9,67.54506628342669,CLEAR,23.2,0.0,9.0,HIGH,5.0,NONE,2024-07-03T10:00:00Z,SIMULATED,285.0,343.1
IR-12346,EXPRESS,NDLS,PRYJ,KNP-PRYJ-SEC-B,315.0,281.3,336.9,,,55.6,67.18069341666786,CLEAR,25.6,0.0,9.0,HIGH,5.0,NONE,2024-08-04T10:00:00Z,SIMULATED,285.0,345.1
IR-12346,EXPRESS,NDLS,PRYJ,KNP-PRYJ-SEC-B,315.0,288.5,347.5,,,59.0,65.50143386555297,CLEAR,28.8,0.0,9.0,HIGH,5.0,NONE,2024-09-05T10:00:00Z,SIMULATED,285.0,355.1
IR-12346,EXPRESS,NDLS,PRYJ,KNP-PRYJ-SEC-B,315.0,272.9,324.4,,,51.5,69.24826855501443,CLEAR,32.0,0.0,9.0,HIGH,5.0,NONE,2024-10-06T10:00:00Z,SIMULATED,285.0,333.4
IR-12346,EXPRESS,NDLS,PRYJ,KNP-PRYJ-SEC-B,315.0,289.6,349.1,,,59.5,65.2660309312132,CLEAR,20.8,0.0,9.0,HIGH,5.0,NONE,2024-11-07T10:00:00Z,SIMULATED,285.0,356.5
IR-12346,EXPRESS,NDLS,PRYJ,KNP-PRYJ-SEC-B,315.0,285.8,343.5,,,57.7,66.14077112366738,CLEAR,23.2,0.0,9.0,HIGH,5.0,NONE,2024-12-08T10:00:00Z,SIMULATED,285.0,351.2
IR-12346,EXPRESS,NDLS,PRYJ,KNP-PRYJ-SEC-B,315.0,274.2,326.3,,,52.1,68.92762225960065,CLEAR,25.6,0.0,9.0,HIGH,5.0,NONE,2024-01-09T10:00:00Z,SIMULATED,285.0,335.2
IR-12346,EXPRESS,NDLS,PRYJ,KNP-PRYJ-SEC-B,315.0,298.1,361.3,,,63.2,63.39690278793925,CLEAR,28.8,0.0,9.0,HIGH,5.0,NONE,2024-02-10T10:00:00Z,SIMULATED,285.0,367.9
IR-12346,EXPRESS,NDLS,PRYJ,KNP-PRYJ-SEC-B,315.0,277.8,331.7,,,53.9,68.02604891022656,CLEAR,32.0,0.0,9.0,HIGH,5.0,NONE,2024-03-11T10:00:00Z,SIMULATED,285.0,340.3
IR-12346,EXPRESS,NDLS,PRYJ,KNP-PRYJ-SEC-B,315.0,296.6,359.1,,,62.5,63.72538187773609,FOGGY,20.8,0.0,1.5,HIGH,5.0,NONE,2024-04-12T10:00:00Z,SIMULATED,285.0,365.8
IR-12346,EXPRESS,NDLS,PRYJ,KNP-PRYJ-SEC-B,315.0,285.6,343.3,,,57.7,66.17169814796011,LIGHT RAIN,23.2,1.5,4.0,HIGH,5.0,NONE,2024-05-13T10:00:00Z,SIMULATED,285.0,351.1
IR-12346,EXPRESS,NDLS,PRYJ,KNP-PRYJ-SEC-B,315.0,278.4,332.6,,,54.2,67.87896250484035,LIGHT RAIN,25.6,1.5,4.0,HIGH,5.0,NONE,2024-06-14T10:00:00Z,SIMULATED,285.0,341.1
IR-12346,EXPRESS,NDLS,PRYJ,KNP-PRYJ-SEC-B,315.0,292.6,353.4,,,60.8,64.58945617294813,LIGHT RAIN,28.8,1.5,4.0,HIGH,5.0,NONE,2024-07-15T10:00:00Z,SIMULATED,285.0,360.5
IR-12346,EXPRESS,NDLS,PRYJ,KNP-PRYJ-SEC-B,315.0,281.4,337.1,,,55.7,67.15322648910728,LIGHT RAIN,32.0,1.5,4.0,HIGH,5.0,NONE,2024-08-16T10:00:00Z,SIMULATED,285.0,345.3
IR-12346,EXPRESS,NDLS,PRYJ,KNP-PRYJ-SEC-B,360.0,310.4,361.2,,,50.8,69.5976717117904,FOGGY,20.8,0.0,1.5,HIGH,5.0,NONE,2024-09-17T10:00:00Z,SIMULATED,240.0,297.7
IR-12346,EXPRESS,NDLS,PRYJ,KNP-PRYJ-SEC-B,360.0,303.1,350.6,,,47.5,71.27007935025813,LIGHT RAIN,23.2,1.5,4.0,HIGH,5.0,NONE,2024-10-18T10:00:00Z,SIMULATED,240.0,289.5
IR-12346,EXPRESS,NDLS,PRYJ,KNP-PRYJ-SEC-B,360.0,286.9,326.3,,,39.4,75.27945214623846,LIGHT RAIN,25.6,1.5,4.0,HIGH,5.0,NONE,2024-11-19T10:00:00Z,SIMULATED,240.0,270.7
IR-12346,EXPRESS,NDLS,PRYJ,KNP-PRYJ-SEC-B,360.0,307.9,357.6,,,49.7,70.14619280511187,LIGHT RAIN,28.8,1.5,4.0,HIGH,5.0,NONE,2024-12-20T10:00:00Z,SIMULATED,240.0,295.0
IR-12346,EXPRESS,NDLS,PRYJ,KNP-PRYJ-SEC-B,360.0,293.4,336.1,,,42.7,73.628803446885,LIGHT RAIN,32.0,1.5,4.0,HIGH,5.0,NONE,2024-01-21T10:00:00Z,SIMULATED,240.0,278.3
IR-12346,EXPRESS,NDLS,PRYJ,KNP-PRYJ-SEC-B,360.0,299.8,345.7,,,45.9,72.03958835229872,CLEAR,20.8,0.0,9.0,HIGH,5.0,NONE,2024-02-22T10:00:00Z,SIMULATED,240.0,285.8
IR-12346,EXPRESS,NDLS,PRYJ,KNP-PRYJ-SEC-B,360.0,288.4,328.6,,,40.2,74.906929601998,CLEAR,23.2,0.0,9.0,HIGH,5.0,NONE,2024-03-23T10:00:00Z,SIMULATED,240.0,272.4
IR-12346,EXPRESS,NDLS,PRYJ,KNP-PRYJ-SEC-B,360.0,285.8,324.6,,,38.8,75.58528239857026,CLEAR,25.6,0.0,9.0,HIGH,5.0,NONE,2024-04-24T10:00:00Z,SIMULATED,240.0,269.3
IR-12346,EXPRESS,NDLS,PRYJ,KNP-PRYJ-SEC-B,360.0,298.8,344.2,,,45.4,72.29934747220796,CLEAR,28.8,0.0,9.0,HIGH,5.0,NONE,2024-05-25T10:00:00Z,SIMULATED,240.0,284.6
IR-12346,EXPRESS,NDLS,PRYJ,KNP-PRYJ-SEC-B,360.0,290.4,331.6,,,41.2,74.3881263454191,CLEAR,32.0,0.0,9.0,HIGH,5.0,NONE,2024-06-26T10:00:00Z,SIMULATED,240.0,274.8
IR-12346,EXPRESS,NDLS,PRYJ,KNP-PRYJ-SEC-B,360.0,304.8,353.1,,,48.3,70.86070448059067,CLEAR,20.8,0.0,9.0,HIGH,5.0,NONE,2024-07-27T10:00:00Z,SIMULATED,240.0,291.5
IR-12346,EXPRESS,NDLS,PRYJ,KNP-PRYJ-SEC-B,360.0,284.0,321.9,,,37.9,76.05373762340679,CLEAR,23.2,0.0,9.0,HIGH,5.0,NONE,2024-08-28T10:00:00Z,SIMULATED,240.0,267.2
IR-12346,EXPRESS,NDLS,PRYJ,KNP-PRYJ-SEC-B,360.0,292.1,334.2,,,42.1,73.95558170403555,CLEAR,25.6,0.0,9.0,HIGH,5.0,NONE,2024-09-01T10:00:00Z,SIMULATED,240.0,276.8
IR-12346,EXPRESS,NDLS,PRYJ,KNP-PRYJ-SEC-B,360.0,298.1,343.2,,,45.1,72.464877049759,CLEAR,28.8,0.0,9.0,HIGH,5.0,NONE,2024-10-02T10:00:00Z,SIMULATED,240.0,283.8
IR-12346,EXPRESS,NDLS,PRYJ,KNP-PRYJ-SEC-B,360.0,285.4,324.0,,,38.6,75.68794583825333,CLEAR,32.0,0.0,9.0,HIGH,5.0,NONE,2024-11-03T10:00:00Z,SIMULATED,240.0,268.9
IR-12346,EXPRESS,NDLS,PRYJ,KNP-PRYJ-SEC-B,360.0,308.7,358.7,,,50.0,69.97797373092234,FOGGY,20.8,0.0,1.5,HIGH,5.0,NONE,2024-12-04T10:00:00Z,SIMULATED,240.0,295.8
IR-12346,EXPRESS,NDLS,PRYJ,KNP-PRYJ-SEC-B,360.0,289.7,330.6,,,40.9,74.55197004894515,LIGHT RAIN,23.2,1.5,4.0,HIGH,5.0,NONE,2024-01-05T10:00:00Z,SIMULATED,240.0,274.1
IR-12346,EXPRESS,NDLS,PRYJ,KNP-PRYJ-SEC-B,360.0,294.9,338.4,,,43.5,73.23715833876675,LIGHT RAIN,25.6,1.5,4.0,HIGH,5.0,NONE,2024-02-06T10:00:00Z,SIMULATED,240.0,280.1
IR-12346,EXPRESS,NDLS,PRYJ,KNP-PRYJ-SEC-B,360.0,303.0,350.4,,,47.4,71.28957683741824,LIGHT RAIN,28.8,1.5,4.0,HIGH,5.0,NONE,2024-03-07T10:00:00Z,SIMULATED,240.0,289.4
IR-12346,EXPRESS,NDLS,PRYJ,KNP-PRYJ-SEC-B,360.0,284.1,322.1,,,38.0,76.02332341262945,LIGHT RAIN,32.0,1.5,4.0,HIGH,5.0,NONE,2024-04-08T10:00:00Z,SIMULATED,240.0,267.4
IR-12346,EXPRESS,NDLS,PRYJ,KNP-PRYJ-SEC-B,360.0,311.3,362.5,,,51.2,69.37576660240856,CLEAR,20.8,0.0,9.0,HIGH,5.0,NONE,2024-05-09T10:00:00Z,SIMULATED,240.0,298.8
IR-12346,EXPRESS,NDLS,PRYJ,KNP-PRYJ-SEC-B,360.0,296.0,340.1,,,44.1,72.9629550698017,CLEAR,23.2,0.0,9.0,HIGH,5.0,NONE,2024-06-10T10:00:00Z,SIMULATED,240.0,281.5
IR-12346,EXPRESS,NDLS,PRYJ,KNP-PRYJ-SEC-B,360.0,290.6,331.9,,,41.3,74.33775248522298,CLEAR,25.6,0.0,9.0,HIGH,5.0,NONE,2024-07-11T10:00:00Z,SIMULATED,240.0,275.0
IR-12346,EXPRESS,NDLS,PRYJ,KNP-PRYJ-SEC-B,360.0,301.9,348.8,,,46.9,71.54144406351472,CLEAR,28.8,0.0,9.0,HIGH,5.0,NONE,2024-08-12T10:00:00Z,SIMULATED,240.0,288.2
IR-12346,EXPRESS,NDLS,PRYJ,KNP-PRYJ-SEC-B,360.0,290.6,331.9,,,41.3,74.32913313460519,CLEAR,32.0,0.0,9.0,HIGH,5.0,NONE,2024-09-13T10:00:00Z,SIMULATED,240.0,275.0
IR-12346,EXPRESS,NDLS,PRYJ,KNP-PRYJ-SEC-B,360.0,297.9,342.9,,,45.0,72.51425433412984,CLEAR,20.8,0.0,9.0,HIGH,5.0,NONE,2024-10-14T10:00:00Z,SIMULATED,240.0,283.6
IR-12346,EXPRESS,NDLS,PRYJ,KNP-PRYJ-SEC-B,360.0,288.7,329.1,,,40.4,74.8245642854106,CLEAR,23.2,0.0,9.0,HIGH,5.0,NONE,2024-11-15T10:00:00Z,SIMULATED,240.0,272.9
IR-12346,EXPRESS,NDLS,PRYJ,KNP-PRYJ-SEC-B,360.0,287.9,327.9,,,40.0,75.0169353930153,CLEAR,25.6,0.0,9.0,HIGH,5.0,NONE,2024-12-16T10:00:00Z,SIMULATED,240.0,272.0
IR-12346,EXPRESS,NDLS,PRYJ,KNP-PRYJ-SEC-B,360.0,298.7,344.1,,,45.4,72.31234661037955,CLEAR,28.8,0.0,9.0,HIGH,5.0,NONE,2024-01-17T10:00:00Z,SIMULATED,240.0,284.5
IR-12346,EXPRESS,NDLS,PRYJ,KNP-PRYJ-SEC-B,360.0,297.4,342.2,,,44.8,72.62136464372088,CLEAR,32.0,0.0,9.0,HIGH,5.0,NONE,2024-02-18T10:00:00Z,SIMULATED,240.0,283.1
IR-12346,EXPRESS,NDLS,PRYJ,KNP-PRYJ-SEC-B,360.0,310.8,361.8,,,51.0,69.48983825730484,FOGGY,20.8,0.0,1.5,HIGH,5.0,NONE,2024-03-19T10:00:00Z,SIMULATED,240.0,298.2
IR-12346,EXPRESS,NDLS,PRYJ,KNP-PRYJ-SEC-B,360.0,289.3,330.0,,,40.7,74.6568719018642,LIGHT RAIN,23.2,1.5,4.0,HIGH,5.0,NONE,2024-04-20T10:00:00Z,SIMULATED,240.0,273.6
IR-12346,EXPRESS,NDLS,PRYJ,KNP-PRYJ-SEC-B,360.0,296.8,341.3,,,44.5,72.76599452138137,LIGHT RAIN,25.6,1.5,4.0,HIGH,5.0,NONE,2024-05-21T10:00:00Z,SIMULATED,240.0,282.4
IR-12346,EXPRESS,NDLS,PRYJ,KNP-PRYJ-SEC-B,360.0,312.5,364.2,,,51.7,69.13091846409642,LIGHT RAIN,28.8,1.5,4.0,HIGH,5.0,NONE,2024-06-22T10:00:00Z,SIMULATED,240.0,300.0
IR-12346,EXPRESS,NDLS,PRYJ,KNP-PRYJ-SEC-B,360.0,293.5,336.3,,,42.8,73.60101441266298,LIGHT RAIN,32.0,1.5,4.0,HIGH,5.0,NONE,2024-07-23T10:00:00Z,SIMULATED,240.0,278.4
IR-12346,EXPRESS,NDLS,PRYJ,KNP-PRYJ-SEC-B,405.0,379.3,441.2,,,61.9,64.06607109999621,FOGGY,20.8,0.0,1.5,HIGH,5.0,NONE,2024-08-24T10:00:00Z,SIMULATED,195.0,289.5
IR-12346,EXPRESS,NDLS,PRYJ,KNP-PRYJ-SEC-B,405.0,355.3,408.5,,,53.2,68.39227025921623,LIGHT RAIN,23.2,1.5,4.0,HIGH,5.0,NONE,2024-09-25T10:00:00Z,SIMULATED,195.0,269.3
IR-12346,EXPRESS,NDLS,PRYJ,KNP-PRYJ-SEC-B,405.0,353.6,406.1,,,52.5,68.72619374401039,LIGHT RAIN,25.6,1.5,4.0,HIGH,5.0,NONE,2024-10-26T10:00:00Z,SIMULATED,195.0,267.7
IR-12346,EXPRESS,NDLS,PRYJ,KNP-PRYJ-SEC-B,405.0,384.1,447.6,,,63.5,63.26462906068322,LIGHT RAIN,28.8,1.5,4.0,HIGH,5.0,NONE,2024-11-27T10:00:00Z,SIMULATED,195.0,293.4
IR-12346,EXPRESS,NDLS,PRYJ,KNP-PRYJ-SEC-B,405.0,370.2,428.9,,,58.7,65.64614580834126,LIGHT RAIN,32.0,1.5,4.0,HIGH,5.0,NONE,2024-12-28T10:00:00Z,SIMULATED,195.0,281.9
IR-12346,EXPRESS,NDLS,PRYJ,KNP-PRYJ-SEC-B,405.0,370.7,429.6,,,58.9,65.54531902126001,CLEAR,20.8,0.0,9.0,HIGH,5.0,NONE,2024-01-01T10:00:00Z,SIMULATED,195.0,282.4
IR-12346,EXPRESS,NDLS,PRYJ,KNP-PRYJ-SEC-B,405.0,351.0,402.5,,,51.5,69.22504565959039,CLEAR,23.2,0.0,9.0,HIGH,5.0,NONE,2024-02-02T10:00:00Z,SIMULATED,195.0,265.5
IR-12346,EXPRESS,NDLS,PRYJ,KNP-PRYJ-SEC-B,405.0,347.2,397.2,,,50.0,69.98567882975563,CLEAR,25.6,0.0,9.0,HIGH,5.0,NONE,2024-03-03T10:00:00Z,SIMULATED,195.0,262.2
IR-12346,EXPRESS,NDLS,PRYJ,KNP-PRYJ-SEC-B,405.0,375.1,435.5,,,60.4,64.78025647948533,CLEAR,28.8,0.0,9.0,HIGH,5.0,NONE,2024-04-04T10:00:00Z,SIMULATED,195.0,286.0
IR-12346,EXPRESS,NDLS,PRYJ,KNP-PRYJ-SEC-B,405.0,349.8,400.9,,,51.1,69.47124973297653,CLEAR,32.0,0.0,9.0,HIGH,5.0,NONE,2024-05-05T10:00:00Z,SIMULATED,195.0,264.5
IR-12346,EXPRESS,NDLS,PRYJ,KNP-PRYJ-SEC-B,405.0,361.1,416.5,,,55.4,67.30339144951049,CLEAR,20.8,0.0,9.0,HIGH,5.0,NONE,2024-06-06T10:00:00Z,SIMULATED,195.0,274.2
IR-12346,EXPRESS,NDLS,PRYJ,KNP-PRYJ-SEC-B,405.0,358.2,412.5,,,54.3,67.8412364316795,CLEAR,23.2,0.0,9.0,HIGH,5.0,NONE,2024-07-07T10:00:00Z,SIMULATED,195.0,271.8
IR-12346,EXPRESS,NDLS,PRYJ,KNP-PRYJ-SEC-B,405.0,348.4,398.9,,,50.5,69.74468092373878,CLEAR,25.6,0.0,9.0,HIGH,5.0,NONE,2024-08-08T10:00:00Z,SIMULATED,195.0,263.3
IR-12346,EXPRESS,NDLS,PRYJ,KNP-PRYJ-SEC-B,405.0,368.1,426.1,,,58.0,66.0192865161762,CLEAR,28.8,0.0,9.0,HIGH,5.0,NONE,2024-09-09T10:00:00Z,SIMULATED,195.0,280.2
IR-12346,EXPRESS,NDLS,PRYJ,KNP-PRYJ-SEC-B,405.0,370.4,429.2,,,58.8,65.61105354633474,CLEAR,32.0,0.0,9.0,HIGH,5.0,NONE,2024-10-10T10:00:00Z,SIMULATED,195.0,282.1
IR-12346,EXPRESS,NDLS,PRYJ,KNP-PRYJ-SEC-B,405.0,375.2,435.7,,,60.5,64.76067092469434,FOGGY,20.8,0.0,1.5,HIGH,5.0,NONE,2024-11-11T10:00:00Z,SIMULATED,195.0,286.2
IR-12346,EXPRESS,NDLS,PRYJ,KNP-PRYJ-SEC-B,405.0,366.0,423.2,,,57.2,66.39807305390774,LIGHT RAIN,23.2,1.5,4.0,HIGH,5.0,NONE,2024-12-12T10:00:00Z,SIMULATED,195.0,278.4
IR-12346,EXPRESS,NDLS,PRYJ,KNP-PRYJ-SEC-B,405.0,361.7,417.3,,,55.6,67.1848788096531,LIGHT RAIN,25.6,1.5,4.0,HIGH,5.0,NONE,2024-01-13T10:00:00Z,SIMULATED,195.0,274.7
IR-12346,EXPRESS,NDLS,PRYJ,KNP-PRYJ-SEC-B,405.0,387.1,451.5,,,64.4,62.77809141566479,LIGHT RAIN,28.8,1.5,4.0,HIGH,5.0,NONE,2024-02-14T10:00:00Z,SIMULATED,195.0,295.8
IR-12346,EXPRESS,NDLS,PRYJ,KNP-PRYJ-SEC-B,405.0,359.7,414.6,,,54.9,67.5604341658536,LIGHT RAIN,32.0,1.5,4.0,HIGH,5.0,NONE,2024-03-15T10:00:00Z,SIMULATED,195.0,273.1
IR-12346,EXPRESS,NDLS,PRYJ,KNP-PRYJ-SEC-B,405.0,365.2,422.1,,,56.9,66.53202883496118,CLEAR,20.8,0.0,9.0,HIGH,5.0,NONE,2024-04-16T10:00:00Z,SIMULATED,195.0,277.8
IR-12346,EXPRESS,NDLS,PRYJ,KNP-PRYJ-SEC-B,405.0,347.0,397.0,,,50.0,70.02392833627871,CLEAR,23.2,0.0,9.0,HIGH,5.0,NONE,2024-05-17T10:00:00Z,SIMULATED,195.0,262.1
IR-12346,EXPRESS,NDLS,PRYJ,KNP-PRYJ-SEC-B,405.0,354.6,407.6,,,53.0,68.52148998974698,CLEAR,25.6,0.0,9.0,HIGH,5.0,NONE,2024-06-18T10:00:00Z,SIMULATED,195.0,268.7
IR-12346,EXPRESS,NDLS,PRYJ,KNP-PRYJ-SEC-B,405.0,391.9,457.9,,,66.0,62.00493085668172,CLEAR,28.8,0.0,9.0,HIGH,5.0,NONE,2024-07-19T10:00:00Z,SIMULATED,195.0,299.7
IR-12346,EXPRESS,NDLS,PRYJ,KNP-PRYJ-SEC-B,405.0,367.0,424.6,,,57.6,66.21859548776462,CLEAR,32.0,0.0,9.0,HIGH,5.0,NONE,2024-08-20T10:00:00Z,SIMULATED,195.0,279.3
IR-12346,EXPRESS,NDLS,PRYJ,KNP-PRYJ-SEC-B,405.0,364.9,421.7,,,56.8,66.60182901091305,CLEAR,20.8,0.0,9.0,HIGH,5.0,NONE,2024-09-21T10:00:00Z,SIMULATED,195.0,277.5
IR-12346,EXPRESS,NDLS,PRYJ,KNP-PRYJ-SEC-B,405.0,365.6,422.7,,,57.1,66.4714234591792,CLEAR,23.2,0.0,9.0,HIGH,5.0,NONE,2024-10-22T10:00:00Z,SIMULATED,195.0,278.1
IR-12346,EXPRESS,NDLS,PRYJ,KNP-PRYJ-SEC-B,405.0,356.0,409.5,,,53.5,68.25621967681255,CLEAR,25.6,0.0,9.0,HIGH,5.0,NONE,2024-11-23T10:00:00Z,SIMULATED,195.0,269.9
IR-12346,EXPRESS,NDLS,PRYJ,KNP-PRYJ-SEC-B,405.0,369.8,428.4,,,58.6,65.717948186779,CLEAR,28.8,0.0,9.0,HIGH,5.0,NONE,2024-12-24T10:00:00Z,SIMULATED,195.0,281.6
IR-12346,EXPRESS,NDLS,PRYJ,KNP-PRYJ-SEC-B,405.0,363.9,420.4,,,56.5,66.77226323427412,CLEAR,32.0,0.0,9.0,HIGH,5.0,NONE,2024-01-25T10:00:00Z,SIMULATED,195.0,276.7
IR-12346,EXPRESS,NDLS,PRYJ,KNP-PRYJ-SEC-B,405.0,383.1,446.2,,,63.1,63.4346857618577,FOGGY,20.8,0.0,1.5,HIGH,5.0,NONE,2024-02-26T10:00:00Z,SIMULATED,195.0,292.5
IR-12346,EXPRESS,NDLS,PRYJ,KNP-PRYJ-SEC-B,405.0,345.0,394.1,,,49.1,70.4362505713898,LIGHT RAIN,23.2,1.5,4.0,HIGH,5.0,NONE,2024-03-27T10:00:00Z,SIMULATED,195.0,260.2
IR-12346,EXPRESS,NDLS,PRYJ,KNP-PRYJ-SEC-B,405.0,360.0,415.0,,,55.0,67.50529638482561,LIGHT RAIN,25.6,1.5,4.0,HIGH,5.0,NONE,2024-04-28T10:00:00Z,SIMULATED,195.0,273.3
IR-12346,EXPRESS,NDLS,PRYJ,KNP-PRYJ-SEC-B,405.0,395.9,463.1,,,67.2,61.38043600521574,LIGHT RAIN,28.8,1.5,4.0,HIGH,5.0,NONE,2024-05-01T10:00:00Z,SIMULATED,195.0,302.8
IR-12346,EXPRESS,NDLS,PRYJ,KNP-PRYJ-SEC-B,405.0,355.7,409.1,,,53.4,68.3151224142734,LIGHT RAIN,32.0,1.5,4.0,HIGH,5.0,NONE,2024-06-02T10:00:00Z,SIMULATED,195.0,269.7
IR-12346,EXPRESS,NDLS,PRYJ,KNP-PRYJ-SEC-B,450.0,405.3,462.1,,,56.8,66.6155692870351,FOGGY,20.8,0.0,1.5,HIGH,5.0,NONE,2024-07-03T10:00:00Z,SIMULATED,150.0,241.9
IR-12346,EXPRESS,NDLS,PRYJ,KNP-PRYJ-SEC-B,450.0,382.7,431.6,,,48.9,70.55047925553805,LIGHT RAIN,23.2,1.5,4.0,HIGH,5.0,NONE,2024-08-04T10:00:00Z,SIMULATED,150.0,226.5
IR-12346,EXPRESS,NDLS,PRYJ,KNP-PRYJ-SEC-B,450.0,383.1,432.1,,,49.0,70.47717209620679,LIGHT RAIN,25.6,1.5,4.0,HIGH,5.0,NONE,2024-09-05T10:00:00Z,SIMULATED,150.0,226.7
IR-12346,EXPRESS,NDLS,PRYJ,KNP-PRYJ-SEC-B,450.0,399.0,453.6,,,54.6,67.67544477661386,LIGHT RAIN,28.8,1.5,4.0,HIGH,5.0,NONE,2024-10-06T10:00:00Z,SIMULATED,150.0,237.6
IR-12346,EXPRESS,NDLS,PRYJ,KNP-PRYJ-SEC-B,450.0,386.6,436.9,,,50.3,69.83682243950402,LIGHT RAIN,32.0,1.5,4.0,HIGH,5.0,NONE,2024-11-07T10:00:00Z,SIMULATED,150.0,229.2
IR-12346,EXPRESS,NDLS,PRYJ,KNP-PRYJ-SEC-B,450.0,392.2,444.5,,,52.3,68.84975169723455,CLEAR,20.8,0.0,9.0,HIGH,5.0,NONE,2024-12-08T10:00:00Z,SIMULATED,150.0,233.0
IR-12346,EXPRESS,NDLS,PRYJ,KNP-PRYJ-SEC-B,450.0,365.2,407.3,,,42.1,73.92841141789181,CLEAR,23.2,0.0,9.0,HIGH,5.0,NONE,2024-01-09T10:00:00Z,SIMULATED,150.0,213.8
IR-12346,EXPRESS,NDLS,PRYJ,KNP-PRYJ-SEC-B,450.0,384.6,434.2,,,49.6,70.19961184590878,CLEAR,25.6,0.0,9.0,HIGH,5.0,NONE,2024-02-10T10:00:00Z,SIMULATED,150.0,227.8
IR-12346,EXPRESS,NDLS,PRYJ,KNP-PRYJ-SEC-B,450.0,385.7,435.7,,,50.0,69.99540029214393,CLEAR,28.8,0.0,9.0,HIGH,5.0,NONE,2024-03-11T10:00:00Z,SIMULATED,150.0,228.6
IR-12346,EXPRESS,NDLS,PRYJ,KNP-PRYJ-SEC-B,450.0,370.4,414.6,,,44.2,72.8942162965736,CLEAR,32.0,0.0,9.0,HIGH,5.0,NONE,2024-04-12T10:00:00Z,SIMULATED,150.0,217.7
IR-12346,EXPRESS,NDLS,PRYJ,KNP-PRYJ-SEC-B,450.0,388.4,439.4,,,51.0,69.51025008954944,CLEAR,20.8,0.0,9.0,HIGH,5.0,NONE,2024-05-13T10:00:00Z,SIMULATED,150.0,230.5
IR-12346,EXPRESS,NDLS,PRYJ,KNP-PRYJ-SEC-B,450.0,382.5,431.3,,,48.8,70.59160594061234,CLEAR,23.2,0.0,9.0,HIGH,5.0,NONE,2024-06-14T10:00:00Z,SIMULATED,150.0,226.3
IR-12346,EXPRESS,NDLS,PRYJ,KNP-PRYJ-SEC-B,450.0,376.9,423.6,,,46.7,71.64395676622905,CLEAR,25.6,0.0,9.0,HIGH,5.0,NONE,2024-07-15T10:00:00Z,SIMULATED,150.0,222.3
IR-12346,EXPRESS,NDLS,PRYJ,KNP-PRYJ-SEC-B,450.0,400.3,455.4,,,55.1,67.44589710964424,CLEAR,28.8,0.0,9.0,HIGH,5.0,NONE,2024-08-16T10:00:00Z,SIMULATED,150.0,238.5
IR-12346,EXPRESS,NDLS,PRYJ,KNP-PRYJ-SEC-B,450.0,385.2,435.0,,,49.8,70.0957148503732,CLEAR,32.0,0.0,9.0,HIGH,5.0,NONE,2024-09-17T10:00:00Z,SIMULATED,150.0,228.2
IR-12346,EXPRESS,NDLS,PRYJ,KNP-PRYJ-SEC-B,450.0,410.4,468.8,,,58.4,65.7880751251783,FOGGY,20.8,0.0,1.5,HIGH,5.0,NONE,2024-10-18T10:00:00Z,SIMULATED,150.0,245.2
IR-12346,EXPRESS,NDLS,PRYJ,KNP-PRYJ-SEC-B,450.0,391.6,443.7,,,52.1,68.95031061935602,LIGHT RAIN,23.2,1.5,4.0,HIGH,5.0,NONE,2024-11-19T10:00:00Z,SIMULATED,150.0,232.6
IR-12346,EXPRESS,NDLS,PRYJ,KNP-PRYJ-SEC-B,450.0,374.5,420.3,,,45.8,72.10481765588827,LIGHT RAIN,25.6,1.5,4.0,HIGH,5.0,NONE,2024-12-20T10:00:00Z,SIMULATED,150.0,220.6
IR-12346,EXPRESS,NDLS,PRYJ,KNP-PRYJ-SEC-B,450.0,409.3,467.4,,,58.1,65.97280159276417,LIGHT RAIN,28.8,1.5,4.0,HIGH,5.0,NONE,2024-01-21T10:00:00Z,SIMULATED,150.0,244.5
IR-12346,EXPRESS,NDLS,PRYJ,KNP-PRYJ-SEC-B,450.0,377.6,424.6,,,47.0,71.50304622362187,LIGHT RAIN,32.0,1.5,4.0,HIGH,5.0,NONE,2024-02-22T10:00:00Z,SIMULATED,150.0,222.9
IR-12346,EXPRESS,NDLS,PRYJ,KNP-PRYJ-SEC-B,450.0,392.2,444.5,,,52.3,68.84934825781527,CLEAR,20.8,0.0,9.0,HIGH,5.0,NONE,2024-03-23T10:00:00Z,SIMULATED,150.0,233.0
IR-12346,EXPRESS,NDLS,PRYJ,KNP-PRYJ-SEC-B,450.0,390.2,441.8,,,51.6,69.19732684185124,CLEAR,23.2,0.0,9.0,HIGH,5.0,NONE,2024-04-24T10:00:00Z,SIMULATED,150.0,231.7
IR-12346,EXPRESS,NDLS,PRYJ,KNP-PRYJ-SEC-B,450.0,393.1,445.7,,,52.6,68.6876556912689,CLEAR,25.6,0.0,9.0,HIGH,5.0,NONE,2024-05-25T10:00:00Z,SIMULATED,150.0,233.6
IR-12346,EXPRESS,NDLS,PRYJ,KNP-PRYJ-SEC-B,450.0,385.2,435.0,,,49.8,70.09320044065123,CLEAR,28.8,0.0,9.0,HIGH,5.0,NONE,2024-06-26T10:00:00Z,SIMULATED,150.0,228.2
IR-12346,EXPRESS,NDLS,PRYJ,KNP-PRYJ-SEC-B,450.0,383.7,433.0,,,49.3,70.36371870874851,CLEAR,32.0,0.0,9.0,HIGH,5.0,NONE,2024-07-27T10:00:00Z,SIMULATED,150.0,227.2
IR-12346,EXPRESS,NDLS,PRYJ,KNP-PRYJ-SEC-B,450.0,399.8,454.7,,,54.9,67.53520509024942,CLEAR,20.8,0.0,9.0,HIGH,5.0,NONE,2024-08-28T10:00:00Z,SIMULATED,150.0,238.2
IR-12346,EXPRESS,NDLS,PRYJ,KNP-PRYJ-SEC-B,450.0,377.4,424.3,,,46.9,71.53939496590398,CLEAR,23.2,0.0,9.0,HIGH,5.0,NONE,2024-09-01T10:00:00Z,SIMULATED,150.0,222.7
IR-12346,EXPRESS,NDLS,PRYJ,KNP-PRYJ-SEC-B,450.0,380.3,428.3,,,48.0,71.00168555818038,CLEAR,25.6,0.0,9.0,HIGH,5.0,NONE,2024-10-02T10:00:00Z,SIMULATED,150.0,224.8
IR-12346,EXPRESS,NDLS,PRYJ,KNP-PRYJ-SEC-B,450.0,395.5,449.0,,,53.5,68.27464454442767,CLEAR,28.8,0.0,9.0,HIGH,5.0,NONE,2024-11-03T10:00:00Z,SIMULATED,150.0,235.3
IR-12346,EXPRESS,NDLS,PRYJ,KNP-PRYJ-SEC-B,450.0,373.4,418.8,,,45.4,72.30671986286882,CLEAR,32.0,0.0,9.0,HIGH,5.0,NONE,2024-12-04T10:00:00Z,SIMULATED,150.0,219.9
IR-12346,EXPRESS,NDLS,PRYJ,KNP-PRYJ-SEC-B,450.0,390.1,441.7,,,51.6,69.21137836750671,FOGGY,20.8,0.0,1.5,HIGH,5.0,NONE,2024-01-05T10:00:00Z,SIMULATED,150.0,231.6
IR-12346,EXPRESS,NDLS,PRYJ,KNP-PRYJ-SEC-B,450.0,385.4,435.3,,,49.9,70.05442815107516,LIGHT RAIN,23.2,1.5,4.0,HIGH,5.0,NONE,2024-02-06T10:00:00Z,SIMULATED,150.0,228.4
IR-12346,EXPRESS,NDLS,PRYJ,KNP-PRYJ-SEC-B,450.0,374.3,420.0,,,45.7,72.13643686590189,LIGHT RAIN,25.6,1.5,4.0,HIGH,5.0,NONE,2024-03-07T10:00:00Z,SIMULATED,150.0,220.5
IR-12346,EXPRESS,NDLS,PRYJ,KNP-PRYJ-SEC-B,450.0,395.3,448.7,,,53.4,68.30695306736466,LIGHT RAIN,28.8,1.5,4.0,HIGH,5.0,NONE,2024-04-08T10:00:00Z,SIMULATED,150.0,235.2
IR-12346,EXPRESS,NDLS,PRYJ,KNP-PRYJ-SEC-B,450.0,384.4,433.9,,,49.5,70.24774579803623,LIGHT RAIN,32.0,1.5,4.0,HIGH,5.0,NONE,2024-05-09T10:00:00Z,SIMULATED,150.0,227.6
IR-12346,EXPRESS,NDLS,PRYJ,KNP-PRYJ-SEC-B,495.0,436.9,490.9,,,54.0,67.98640184408562,FOGGY,20.8,0.0,1.5,HIGH,5.0,NONE,2024-06-10T10:00:00Z,SIMULATED,105.0,201.7
IR-12346,EXPRESS,NDLS,PRYJ,KNP-PRYJ-SEC-B,495.0,411.8,457.5,,,45.7,72.12565391436034,LIGHT RAIN,23.2,1.5,4.0,HIGH,5.0,NONE,2024-07-11T10:00:00Z,SIMULATED,105.0,188.0
IR-12346,EXPRESS,NDLS,PRYJ,KNP-PRYJ-SEC-B,495.0,419.0,467.3,,,48.3,70.87460400023693,LIGHT RAIN,25.6,1.5,4.0,HIGH,5.0,NONE,2024-08-12T10:00:00Z,SIMULATED,105.0,192.2
IR-12346,EXPRESS,NDLS,PRYJ,KNP-PRYJ-SEC-B,495.0,429.7,481.5,,,51.8,69.11622561489081,LIGHT RAIN,28.8,1.5,4.0,HIGH,5.0,NONE,2024-09-13T10:00:00Z,SIMULATED,105.0,198.0
IR-12346,EXPRESS,NDLS,PRYJ,KNP-PRYJ-SEC-B,495.0,408.0,452.4,,,44.4,72.78973756068811,LIGHT RAIN,32.0,1.5,4.0,HIGH,5.0,NONE,2024-10-14T10:00:00Z,SIMULATED,105.0,186.0
IR-12346,EXPRESS,NDLS,PRYJ,KNP-PRYJ-SEC-B,495.0,416.6,464.0,,,47.4,71.29926339255067,CLEAR,20.8,0.0,9.0,HIGH,5.0,NONE,2024-11-15T10:00:00Z,SIMULATED,105.0,190.8
IR-12346,EXPRESS,NDLS,PRYJ,KNP-PRYJ-SEC-B,495.0,405.2,448.6,,,43.4,73.28935860663512,CLEAR,23.2,0.0,9.0,HIGH,5.0,NONE,2024-12-16T10:00:00Z,SIMULATED,105.0,184.4
IR-12346,EXPRESS,NDLS,PRYJ,KNP-PRYJ-SEC-B,495.0,395.3,435.0,,,39.7,75.12666838035193,CLEAR,25.6,0.0,9.0,HIGH,5.0,NONE,2024-01-17T10:00:00Z,SIMULATED,105.0,178.6
IR-12346,EXPRESS,NDLS,PRYJ,KNP-PRYJ-SEC-B,495.0,424.2,474.2,,,50.0,70.00629316118408,CLEAR,28.8,0.0,9.0,HIGH,5.0,NONE,2024-02-18T10:00:00Z,SIMULATED,105.0,195.0
IR-12346,EXPRESS,NDLS,PRYJ,KNP-PRYJ-SEC-B,495.0,404.9,448.2,,,43.3,73.34803699925733,CLEAR,32.0,0.0,9.0,HIGH,5.0,NONE,2024-03-19T10:00:00Z,SIMULATED,105.0,184.2
IR-12346,EXPRESS,NDLS,PRYJ,KNP-PRYJ-SEC-B,495.0,420.9,469.8,,,48.9,70.56028690747547,CLEAR,20.8,0.0,9.0,HIGH,5.0,NONE,2024-04-20T10:00:00Z,SIMULATED,105.0,193.2
IR-12346,EXPRESS,NDLS,PRYJ,KNP-PRYJ-SEC-B,495.0,406.3,450.1,,,43.8,73.09803578691074,CLEAR,23.2,0.0,9.0,HIGH,5.0,NONE,2024-05-21T10:00:00Z,SIMULATED,105.0,185.0
IR-12346,EXPRESS,NDLS,PRYJ,KNP-PRYJ-SEC-B,495.0,392.3,430.9,,,38.6,75.71590275903453,CLEAR,25.6,0.0,9.0,HIGH,5.0,NONE,2024-06-22T10:00:00Z,SIMULATED,105.0,176.8
IR-12346,EXPRESS,NDLS,PRYJ,KNP-PRYJ-SEC-B,495.0,430.9,483.0,,,52.1,68.93191499249889,CLEAR,28.8,0.0,9.0,HIGH,5.0,NONE,2024-07-23T10:00:00Z,SIMULATED,105.0,198.5
IR-12346,EXPRESS,NDLS,PRYJ,KNP-PRYJ-SEC-B,495.0,403.0,445.6,,,42.6,73.70415150241551,CLEAR,32.0,0.0,9.0,HIGH,5.0,NONE,2024-08-24T10:00:00Z,SIMULATED,105.0,183.1
IR-12346,EXPRESS,NDLS,PRYJ,KNP-PRYJ-SEC-B,495.0,439.8,494.7,,,54.9,67.53787996095161,FOGGY,20.8,0.0,1.5,HIGH,5.0,NONE,2024-09-25T10:00:00Z,SIMULATED,105.0,203.2
IR-12346,EXPRESS,NDLS,PRYJ,KNP-PRYJ-SEC-B,495.0,402.3,444.6,,,42.3,73.8251518781311,LIGHT RAIN,23.2,1.5,4.0,HIGH,5.0,NONE,2024-10-26T10:00:00Z,SIMULATED,105.0,182.6
IR-12346,EXPRESS,NDLS,PRYJ,KNP-PRYJ-SEC-B,495.0,417.0,464.5,,,47.5,71.2276010844677,LIGHT RAIN,25.6,1.5,4.0,HIGH,5.0,NONE,2024-11-27T10:00:00Z,SIMULATED,105.0,190.9
IR-12346,EXPRESS,NDLS,PRYJ,KNP-PRYJ-SEC-B,495.0,428.4,479.7,,,51.3,69.33442382626464,LIGHT RAIN,28.8,1.5,4.0,HIGH,5.0,NONE,2024-12-28T10:00:00Z,SIMULATED,105.0,197.2
IR-12346,EXPRESS,NDLS,PRYJ,KNP-PRYJ-SEC-B,495.0,425.3,475.6,,,50.3,69.83290341876408,LIGHT RAIN,32.0,1.5,4.0,HIGH,5.0,NONE,2024-01-01T10:00:00Z,SIMULATED,105.0,195.5
IR-12346,EXPRESS,NDLS,PRYJ,KNP-PRYJ-SEC-B,495.0,420.3,469.0,,,48.7,70.65903554548159,CLEAR,20.8,0.0,9.0,HIGH,5.0,NONE,2024-02-02T10:00:00Z,SIMULATED,105.0,192.9
IR-12346,EXPRESS,NDLS,PRYJ,KNP-PRYJ-SEC-B,495.0,418.6,466.7,,,48.1,70.94488953708941,CLEAR,23.2,0.0,9.0,HIGH,5.0,NONE,2024-03-03T10:00:00Z,SIMULATED,105.0,191.9
IR-12346,EXPRESS,NDLS,PRYJ,KNP-PRYJ-SEC-B,495.0,412.3,458.2,,,45.9,72.0395659248674,CLEAR,25.6,0.0,9.0,HIGH,5.0,NONE,2024-04-04T10:00:00Z,SIMULATED,105.0,188.4
IR-12346,EXPRESS,NDLS,PRYJ,KNP-PRYJ-SEC-B,495.0,423.9,473.8,,,49.9,70.06518283515655,CLEAR,28.8,0.0,9.0,HIGH,5.0,NONE,2024-05-05T10:00:00Z,SIMULATED,105.0,194.8
IR-12346,EXPRESS,NDLS,PRYJ,KNP-PRYJ-SEC-B,495.0,419.9,468.4,,,48.5,70.73942618439409,CLEAR,32.0,0.0,9.0,HIGH,5.0,NONE,2024-06-06T10:00:00Z,SIMULATED,105.0,192.6
IR-12346,EXPRESS,NDLS,PRYJ,KNP-PRYJ-SEC-B,495.0,427.3,478.3,,,51.0,69.51372127591249,CLEAR,20.8,0.0,9.0,HIGH,5.0,NONE,2024-07-07T10:00:00Z,SIMULATED,105.0,196.6
IR-12346,EXPRESS,NDLS,PRYJ,KNP-PRYJ-SEC-B,495.0,412.0,457.8,,,45.8,72.08468597720689,CLEAR,23.2,0.0,9.0,HIGH,5.0,NONE,2024-08-08T10:00:00Z,SIMULATED,105.0,188.2
IR-12346,EXPRESS,NDLS,PRYJ,KNP-PRYJ-SEC-B,495.0,399.3,440.6,,,41.3,74.37276463888749,CLEAR,25.6,0.0,9.0,HIGH,5.0,NONE,2024-09-09T10:00:00Z,SIMULATED,105.0,181.0
IR-12346,EXPRESS,NDLS,PRYJ,KNP-PRYJ-SEC-B,495.0,409.2,454.0,,,44.8,72.58393806859048,CLEAR,28.8,0.0,9.0,HIGH,5.0,NONE,2024-10-10T10:00:00Z,SIMULATED,105.0,186.6
IR-12346,EXPRESS,NDLS,PRYJ,KNP-PRYJ-SEC-B,495.0,401.2,443.2,,,42.0,74.02262405662735,CLEAR,32.0,0.0,9.0,HIGH,5.0,NONE,2024-11-11T10:00:00Z,SIMULATED,105.0,182.1
IR-12346,EXPRESS,NDLS,PRYJ,KNP-PRYJ-SEC-B,495.0,426.2,476.8,,,50.6,69.69320517339676,FOGGY,20.8,0.0,1.5,HIGH,5.0,NONE,2024-12-12T10:00:00Z,SIMULATED,105.0,196.0
IR-12346,EXPRESS,NDLS,PRYJ,KNP-PRYJ-SEC-B,495.0,427.4,478.4,,,51.0,69.49431753820208,LIGHT RAIN,23.2,1.5,4.0,HIGH,5.0,NONE,2024-01-13T10:00:00Z,SIMULATED,105.0,196.7
IR-12346,EXPRESS,NDLS,PRYJ,KNP-PRYJ-SEC-B,495.0,403.8,446.7,,,42.9,73.55506656946186,LIGHT RAIN,25.6,1.5,4.0,HIGH,5.0,NONE,2024-02-14T10:00:00Z,SIMULATED,105.0,183.6
IR-12346,EXPRESS,NDLS,PRYJ,KNP-PRYJ-SEC-B,495.0,428.4,479.7,,,51.3,69.32874077953592,LIGHT RAIN,28.8,1.5,4.0,HIGH,5.0,NONE,2024-03-15T10:00:00Z,SIMULATED,105.0,197.2
IR-12346,EXPRESS,NDLS,PRYJ,KNP-PRYJ-SEC-B,495.0,412.6,458.6,,,46.0,71.98500844747008,LIGHT RAIN,32.0,1.5,4.0,HIGH,5.0,NONE,2024-04-16T10:00:00Z,SIMULATED,105.0,188.5
IR-12346,EXPRESS,NDLS,PRYJ,KNP-PRYJ-SEC-B,540.0,525.7,592.4,,,66.7,61.628644726403074,FOGGY,20.8,0.0,1.5,HIGH,5.0,NONE,2024-05-17T10:00:00Z,SIMULATED,60.0,185.1
IR-12346,EXPRESS,NDLS,PRYJ,KNP-PRYJ-SEC-B,540.0,506.1,568.1,,,62.0,64.02348788881812,LIGHT RAIN,23.2,1.5,4.0,HIGH,5.0,NONE,2024-06-18T10:00:00Z,SIMULATED,60.0,178.2
IR-12346,EXPRESS,NDLS,PRYJ,KNP-PRYJ-SEC-B,540.0,508.7,571.3,,,62.6,63.68992536810951,LIGHT RAIN,25.6,1.5,4.0,HIGH,5.0,NONE,2024-07-19T10:00:00Z,SIMULATED,60.0,179.1
IR-12346,EXPRESS,NDLS,PRYJ,KNP-PRYJ-SEC-B,540.0,530.1,597.9,,,67.8,61.117584795964014,LIGHT RAIN,28.8,1.5,4.0,HIGH,5.0,NONE,2024-08-20T10:00:00Z,SIMULATED,60.0,186.7
IR-12346,EXPRESS,NDLS,PRYJ,KNP-PRYJ-SEC-B,540.0,502.6,563.7,,,61.1,64.46301793674209,LIGHT RAIN,32.0,1.5,4.0,HIGH,5.0,NONE,2024-09-21T10:00:00Z,SIMULATED,60.0,176.9
IR-12346,EXPRESS,NDLS,PRYJ,KNP-PRYJ-SEC-B,540.0,509.8,572.7,,,62.9,63.55244093717995,CLEAR,20.8,0.0,9.0,HIGH,5.0,NONE,2024-10-22T10:00:00Z,SIMULATED,60.0,179.5
IR-12346,EXPRESS,NDLS,PRYJ,KNP-PRYJ-SEC-B,540.0,493.6,552.3,,,58.7,65.6467130303161,CLEAR,23.2,0.0,9.0,HIGH,5.0,NONE,2024-11-23T10:00:00Z,SIMULATED,60.0,173.5
IR-12346,EXPRESS,NDLS,PRYJ,KNP-PRYJ-SEC-B,540.0,500.8,561.4,,,60.6,64.70107000332132,CLEAR,25.6,0.0,9.0,HIGH,5.0,NONE,2024-12-24T10:00:00Z,SIMULATED,60.0,176.2
IR-12346,EXPRESS,NDLS,PRYJ,KNP-PRYJ-SEC-B,540.0,516.9,581.5,,,64.6,62.677064517647935,CLEAR,28.8,0.0,9.0,HIGH,5.0,NONE,2024-01-25T10:00:00Z,SIMULATED,60.0,182.0
IR-12346,EXPRESS,NDLS,PRYJ,KNP-PRYJ-SEC-B,540.0,487.2,544.2,,,57.0,66.50665858738354,CLEAR,32.0,0.0,9.0,HIGH,5.0,NONE,2024-02-26T10:00:00Z,SIMULATED,60.0,171.1
IR-12346,EXPRESS,NDLS,PRYJ,KNP-PRYJ-SEC-B,540.0,518.3,583.3,,,65.0,62.516456383080666,CLEAR,20.8,0.0,9.0,HIGH,5.0,NONE,2024-03-27T10:00:00Z,SIMULATED,60.0,182.6
IR-12346,EXPRESS,NDLS,PRYJ,KNP-PRYJ-SEC-B,540.0,493.5,552.2,,,58.7,65.65357995925726,CLEAR,23.2,0.0,9.0,HIGH,5.0,NONE,2024-04-28T10:00:00Z,SIMULATED,60.0,173.5
IR-12346,EXPRESS,NDLS,PRYJ,KNP-PRYJ-SEC-B,540.0,496.7,556.2,,,59.5,65.23373068016184,CLEAR,25.6,0.0,9.0,HIGH,5.0,NONE,2024-05-01T10:00:00Z,SIMULATED,60.0,174.7
IR-12346,EXPRESS,NDLS,PRYJ,KNP-PRYJ-SEC-B,540.0,513.7,577.6,,,63.9,63.07006525402686,CLEAR,28.8,0.0,9.0,HIGH,5.0,NONE,2024-06-02T10:00:00Z,SIMULATED,60.0,181.0
IR-12346,EXPRESS,NDLS,PRYJ,KNP-PRYJ-SEC-B,540.0,510.3,573.3,,,63.0,63.48910842693276,CLEAR,32.0,0.0,9.0,HIGH,5.0,NONE,2024-07-03T10:00:00Z,SIMULATED,60.0,179.7
IR-12346,EXPRESS,NDLS,PRYJ,KNP-PRYJ-SEC-B,540.0,536.8,606.1,,,69.3,60.35523575975287,FOGGY,20.8,0.0,1.5,HIGH,5.0,NONE,2024-08-04T10:00:00Z,SIMULATED,60.0,188.9
IR-12346,EXPRESS,NDLS,PRYJ,KNP-PRYJ-SEC-B,540.0,492.9,551.4,,,58.5,65.72833952515407,LIGHT RAIN,23.2,1.5,4.0,HIGH,5.0,NONE,2024-09-05T10:00:00Z,SIMULATED,60.0,173.3
IR-12346,EXPRESS,NDLS,PRYJ,KNP-PRYJ-SEC-B,540.0,515.6,579.9,,,64.3,62.84439497915956,LIGHT RAIN,25.6,1.5,4.0,HIGH,5.0,NONE,2024-10-06T10:00:00Z,SIMULATED,60.0,181.6
IR-12346,EXPRESS,NDLS,PRYJ,KNP-PRYJ-SEC-B,540.0,538.6,608.3,,,69.7,60.15957176635247,LIGHT RAIN,28.8,1.5,4.0,HIGH,5.0,NONE,2024-11-07T10:00:00Z,SIMULATED,60.0,189.5
IR-12346,EXPRESS,NDLS,PRYJ,KNP-PRYJ-SEC-B,540.0,498.6,558.6,,,60.0,64.97984468552183,LIGHT RAIN,32.0,1.5,4.0,HIGH,5.0,NONE,2024-12-08T10:00:00Z,SIMULATED,60.0,175.4
IR-12346,EXPRESS,NDLS,PRYJ,KNP-PRYJ-SEC-B,540.0,532.8,601.2,,,68.4,60.81307757055159,CLEAR,20.8,0.0,9.0,HIGH,5.0,NONE,2024-01-09T10:00:00Z,SIMULATED,60.0,187.6
IR-12346,EXPRESS,NDLS,PRYJ,KNP-PRYJ-SEC-B,540.0,497.7,557.5,,,59.8,65.10046239803725,CLEAR,23.2,0.0,9.0,HIGH,5.0,NONE,2024-02-10T10:00:00Z,SIMULATED,60.0,175.1
IR-12346,EXPRESS,NDLS,PRYJ,KNP-PRYJ-SEC-B,540.0,483.7,539.7,,,56.0,66.98981488924467,CLEAR,25.6,0.0,9.0,HIGH,5.0,NONE,2024-03-11T10:00:00Z,SIMULATED,60.0,169.7
IR-12346,EXPRESS,NDLS,PRYJ,KNP-PRYJ-SEC-B,540.0,523.4,589.6,,,66.2,61.898952609084745,CLEAR,28.8,0.0,9.0,HIGH,5.0,NONE,2024-04-12T10:00:00Z,SIMULATED,60.0,184.4
IR-12346,EXPRESS,NDLS,PRYJ,KNP-PRYJ-SEC-B,540.0,487.1,544.1,,,57.0,66.51189383550226,CLEAR,32.0,0.0,9.0,HIGH,5.0,NONE,2024-05-13T10:00:00Z,SIMULATED,60.0,171.1
IR-12346,EXPRESS,NDLS,PRYJ,KNP-PRYJ-SEC-B,540.0,521.7,587.5,,,65.8,62.10391716649652,CLEAR,20.8,0.0,9.0,HIGH,5.0,NONE,2024-06-14T10:00:00Z,SIMULATED,60.0,183.8
IR-12346,EXPRESS,NDLS,PRYJ,KNP-PRYJ-SEC-B,540.0,515.7,580.1,,,64.4,62.82312618943103,CLEAR,23.2,0.0,9.0,HIGH,5.0,NONE,2024-07-15T10:00:00Z,SIMULATED,60.0,181.7
IR-12346,EXPRESS,NDLS,PRYJ,KNP-PRYJ-SEC-B,540.0,501.3,562.0,,,60.7,64.62946889109786,CLEAR,25.6,0.0,9.0,HIGH,5.0,NONE,2024-08-16T10:00:00Z,SIMULATED,60.0,176.4
IR-12346,EXPRESS,NDLS,PRYJ,KNP-PRYJ-SEC-B,540.0,520.5,586.0,,,65.5,62.2443723722506,CLEAR,28.8,0.0,9.0,HIGH,5.0,NONE,2024-09-17T10:00:00Z,SIMULATED,60.0,183.3
IR-12346,EXPRESS,NDLS,PRYJ,KNP-PRYJ-SEC-B,540.0,490.7,548.6,,,57.9,66.02815958194464,CLEAR,32.0,0.0,9.0,HIGH,5.0,NONE,2024-10-18T10:00:00Z,SIMULATED,60.0,172.4
IR-12346,EXPRESS,NDLS,PRYJ,KNP-PRYJ-SEC-B,540.0,527.8,595.0,,,67.2,61.386409225625286,FOGGY,20.8,0.0,1.5,HIGH,5.0,NONE,2024-11-19T10:00:00Z,SIMULATED,60.0,185.8
IR-12346,EXPRESS,NDLS,PRYJ,KNP-PRYJ-SEC-B,540.0,518.8,583.9,,,65.1,62.4471244701771,LIGHT RAIN,23.2,1.5,4.0,HIGH,5.0,NONE,2024-12-20T10:00:00Z,SIMULATED,60.0,182.7
IR-12346,EXPRESS,NDLS,PRYJ,KNP-PRYJ-SEC-B,540.0,505.3,567.1,,,61.8,64.1249857472505,LIGHT RAIN,25.6,1.5,4.0,HIGH,5.0,NONE,2024-01-21T10:00:00Z,SIMULATED,60.0,177.9
IR-12346,EXPRESS,NDLS,PRYJ,KNP-PRYJ-SEC-B,540.0,519.2,584.4,,,65.2,62.40885122205629,LIGHT RAIN,28.8,1.5,4.0,HIGH,5.0,NONE,2024-02-22T10:00:00Z,SIMULATED,60.0,182.9
IR-12346,EXPRESS,NDLS,PRYJ,KNP-PRYJ-SEC-B,540.0,498.2,558.1,,,59.9,65.03577962897961,LIGHT RAIN,32.0,1.5,4.0,HIGH,5.0,NONE,2024-03-23T10:00:00Z,SIMULATED,60.0,175.3
IR-12346,EXPRESS,NDLS,PRYJ,KNP-PRYJ-SEC-B,585.0,638.3,718.3,,,80.0,54.98877821337363,FOGGY,20.8,0.0,1.5,HIGH,5.0,NONE,2024-04-24T10:00:00Z,SIMULATED,15.0,161.4
IR-12346,EXPRESS,NDLS,PRYJ,KNP-PRYJ-SEC-B,585.0,585.8,656.0,,,70.2,59.91611756554624,LIGHT RAIN,23.2,1.5,4.0,HIGH,5.0,NONE,2024-05-25T10:00:00Z,SIMULATED,15.0,150.2
IR-12346,EXPRESS,NDLS,PRYJ,KNP-PRYJ-SEC-B,585.0,591.0,662.2,,,71.2,59.38933749836334,LIGHT RAIN,25.6,1.5,4.0,HIGH,5.0,NONE,2024-06-26T10:00:00Z,SIMULATED,15.0,151.4
IR-12346,EXPRESS,NDLS,PRYJ,KNP-PRYJ-SEC-B,585.0,616.8,693.0,,,76.2,56.909879126813685,LIGHT RAIN,28.8,1.5,4.0,HIGH,5.0,NONE,2024-07-27T10:00:00Z,SIMULATED,15.0,157.0
IR-12346,EXPRESS,NDLS,PRYJ,KNP-PRYJ-SEC-B,585.0,609.1,683.9,,,74.8,57.622434013712216,LIGHT RAIN,32.0,1.5,4.0,HIGH,5.0,NONE,2024-08-28T10:00:00Z,SIMULATED,15.0,155.4
IR-12346,EXPRESS,NDLS,PRYJ,KNP-PRYJ-SEC-B,585.0,624.4,702.0,,,77.6,56.21796621119193,CLEAR,20.8,0.0,9.0,HIGH,5.0,NONE,2024-09-01T10:00:00Z,SIMULATED,15.0,158.6
IR-12346,EXPRESS,NDLS,PRYJ,KNP-PRYJ-SEC-B,585.0,588.1,658.7,,,70.6,59.68541304386542,CLEAR,23.2,0.0,9.0,HIGH,5.0,NONE,2024-10-02T10:00:00Z,SIMULATED,15.0,150.7
IR-12346,EXPRESS,NDLS,PRYJ,KNP-PRYJ-SEC-B,585.0,593.6,665.3,,,71.7,59.128247513497314,CLEAR,25.6,0.0,9.0,HIGH,5.0,NONE,2024-11-03T10:00:00Z,SIMULATED,15.0,151.9
IR-12346,EXPRESS,NDLS,PRYJ,KNP-PRYJ-SEC-B,585.0,609.8,684.7,,,74.9,57.55574479181789,CLEAR,28.8,0.0,9.0,HIGH,5.0,NONE,2024-12-04T10:00:00Z,SIMULATED,15.0,155.5
IR-12346,EXPRESS,NDLS,PRYJ,KNP-PRYJ-SEC-B,585.0,568.1,634.5,,,66.4,61.78585572315668,CLEAR,32.0,0.0,9.0,HIGH,5.0,NONE,2024-01-05T10:00:00Z,SIMULATED,15.0,146.0
IR-12346,EXPRESS,NDLS,PRYJ,KNP-PRYJ-SEC-B,585.0,632.2,711.2,,,79.0,55.52269615149248,CLEAR,20.8,0.0,9.0,HIGH,5.0,NONE,2024-02-06T10:00:00Z,SIMULATED,15.0,160.2
IR-12346,EXPRESS,NDLS,PRYJ,KNP-PRYJ-SEC-B,585.0,583.9,653.7,,,69.8,60.1149224341414,CLEAR,23.2,0.0,9.0,HIGH,5.0,NONE,2024-03-07T10:00:00Z,SIMULATED,15.0,149.8
IR-12346,EXPRESS,NDLS,PRYJ,KNP-PRYJ-SEC-B,585.0,598.6,671.3,,,72.7,58.63940861821885,CLEAR,25.6,0.0,9.0,HIGH,5.0,NONE,2024-04-08T10:00:00Z,SIMULATED,15.0,153.0
IR-12346,EXPRESS,NDLS,PRYJ,KNP-PRYJ-SEC-B,585.0,621.9,699.0,,,77.1,56.43600995845632,CLEAR,28.8,0.0,9.0,HIGH,5.0,NONE,2024-05-09T10:00:00Z,SIMULATED,15.0,158.0
IR-12346,EXPRESS,NDLS,PRYJ,KNP-PRYJ-SEC-B,585.0,596.0,668.2,,,72.2,58.897210442860576,CLEAR,32.0,0.0,9.0,HIGH,5.0,NONE,2024-06-10T10:00:00Z,SIMULATED,15.0,152.5
IR-12346,EXPRESS,NDLS,PRYJ,KNP-PRYJ-SEC-B,585.0,643.6,724.5,,,80.9,54.54099329350653,FOGGY,20.8,0.0,1.5,HIGH,5.0,NONE,2024-07-11T10:00:00Z,SIMULATED,15.0,162.4
IR-12346,EXPRESS,NDLS,PRYJ,KNP-PRYJ-SEC-B,585.0,583.5,653.2,,,69.7,60.15912932394555,LIGHT RAIN,23.2,1.5,4.0,HIGH,5.0,NONE,2024-08-12T10:00:00Z,SIMULATED,15.0,149.7
IR-12346,EXPRESS,NDLS,PRYJ,KNP-PRYJ-SEC-B,585.0,603.7,677.4,,,73.7,58.146013314047394,LIGHT RAIN,25.6,1.5,4.0,HIGH,5.0,NONE,2024-09-13T10:00:00Z,SIMULATED,15.0,154.2
IR-12346,EXPRESS,NDLS,PRYJ,KNP-PRYJ-SEC-B,585.0,640.0,720.3,,,80.3,54.84203694697128,LIGHT RAIN,28.8,1.5,4.0,HIGH,5.0,NONE,2024-10-14T10:00:00Z,SIMULATED,15.0,161.7
IR-12346,EXPRESS,NDLS,PRYJ,KNP-PRYJ-SEC-B,585.0,601.9,675.3,,,73.4,58.31933498313322,LIGHT RAIN,32.0,1.5,4.0,HIGH,5.0,NONE,2024-11-15T10:00:00Z,SIMULATED,15.0,153.8
IR-12346,EXPRESS,NDLS,PRYJ,KNP-PRYJ-SEC-B,585.0,636.1,715.7,,,79.6,55.18212533842579,CLEAR,20.8,0.0,9.0,HIGH,5.0,NONE,2024-12-16T10:00:00Z,SIMULATED,15.0,160.9
IR-12346,EXPRESS,NDLS,PRYJ,KNP-PRYJ-SEC-B,585.0,607.0,681.3,,,74.3,57.829123270193264,CLEAR,23.2,0.0,9.0,HIGH,5.0,NONE,2024-01-17T10:00:00Z,SIMULATED,15.0,154.9
IR-12346,EXPRESS,NDLS,PRYJ,KNP-PRYJ-SEC-B,585.0,598.0,670.6,,,72.6,58.69527829693149,CLEAR,25.6,0.0,9.0,HIGH,5.0,NONE,2024-02-18T10:00:00Z,SIMULATED,15.0,152.9
IR-12346,EXPRESS,NDLS,PRYJ,KNP-PRYJ-SEC-B,585.0,631.8,710.7,,,78.9,55.55602235145429,CLEAR,28.8,0.0,9.0,HIGH,5.0,NONE,2024-03-19T10:00:00Z,SIMULATED,15.0,160.1
IR-12346,EXPRESS,NDLS,PRYJ,KNP-PRYJ-SEC-B,585.0,590.2,661.3,,,71.1,59.46769553051564,CLEAR,32.0,0.0,9.0,HIGH,5.0,NONE,2024-04-20T10:00:00Z,SIMULATED,15.0,151.2
IR-12346,EXPRESS,NDLS,PRYJ,KNP-PRYJ-SEC-B,585.0,622.3,699.5,,,77.2,56.40303556464212,CLEAR,20.8,0.0,9.0,HIGH,5.0,NONE,2024-05-21T10:00:00Z,SIMULATED,15.0,158.2
IR-12346,EXPRESS,NDLS,PRYJ,KNP-PRYJ-SEC-B,585.0,580.3,649.3,,,69.0,60.4874447453826,CLEAR,23.2,0.0,9.0,HIGH,5.0,NONE,2024-06-22T10:00:00Z,SIMULATED,15.0,148.9
IR-12346,EXPRESS,NDLS,PRYJ,KNP-PRYJ-SEC-B,585.0,590.8,662.0,,,71.2,59.4071288118228,CLEAR,25.6,0.0,9.0,HIGH,5.0,NONE,2024-07-23T10:00:00Z,SIMULATED,15.0,151.3
IR-12346,EXPRESS,NDLS,PRYJ,KNP-PRYJ-SEC-B,585.0,618.3,694.8,,,76.5,56.76739291328907,CLEAR,28.8,0.0,9.0,HIGH,5.0,NONE,2024-08-24T10:00:00Z,SIMULATED,15.0,157.4
IR-12346,EXPRESS,NDLS,PRYJ,KNP-PRYJ-SEC-B,585.0,576.1,644.3,,,68.2,60.92447369953588,CLEAR,32.0,0.0,9.0,HIGH,5.0,NONE,2024-09-25T10:00:00Z,SIMULATED,15.0,148.0
IR-12346,EXPRESS,NDLS,PRYJ,KNP-PRYJ-SEC-B,585.0,645.6,726.9,,,81.3,54.36568397277913,FOGGY,20.8,0.0,1.5,HIGH,5.0,NONE,2024-10-26T10:00:00Z,SIMULATED,15.0,162.9
IR-12346,EXPRESS,NDLS,PRYJ,KNP-PRYJ-SEC-B,585.0,600.8,674.0,,,73.2,58.42205729665147,LIGHT RAIN,23.2,1.5,4.0,HIGH,5.0,NONE,2024-11-27T10:00:00Z,SIMULATED,15.0,153.6
IR-12346,EXPRESS,NDLS,PRYJ,KNP-PRYJ-SEC-B,585.0,591.5,662.8,,,71.3,59.34109003339413,LIGHT RAIN,25.6,1.5,4.0,HIGH,5.0,NONE,2024-12-28T10:00:00Z,SIMULATED,15.0,151.5
IR-12346,EXPRESS,NDLS,PRYJ,KNP-PRYJ-SEC-B,585.0,623.9,701.4,,,77.5,56.26175407745041,LIGHT RAIN,28.8,1.5,4.0,HIGH,5.0,NONE,2024-01-01T10:00:00Z,SIMULATED,15.0,158.5
IR-12346,EXPRESS,NDLS,PRYJ,KNP-PRYJ-SEC-B,585.0,589.0,659.8,,,70.8,59.58763889914098,LIGHT RAIN,32.0,1.5,4.0,HIGH,5.0,NONE,2024-02-02T10:00:00Z,SIMULATED,15.0,150.9
IR-12346,EXPRESS,NDLS,PRYJ,KNP-PRYJ-SEC-B,630.0,612.1,678.6,,,66.5,61.75334205765167,FOGGY,20.8,0.0,1.5,HIGH,5.0,NONE,2024-03-03T10:00:00Z,SIMULATED,15.0,151.1
IR-12346,EXPRESS,NDLS,PRYJ,KNP-PRYJ-SEC-B,630.0,598.9,662.7,,,63.8,63.116118100901886,LIGHT RAIN,23.2,1.5,4.0,HIGH,5.0,NONE,2024-04-04T10:00:00Z,SIMULATED,15.0,148.1
IR-12346,EXPRESS,NDLS,PRYJ,KNP-PRYJ-SEC-B,630.0,587.2,648.5,,,61.3,64.36956082667052,LIGHT RAIN,25.6,1.5,4.0,HIGH,5.0,NONE,2024-05-05T10:00:00Z,SIMULATED,15.0,145.3
IR-12346,EXPRESS,NDLS,PRYJ,KNP-PRYJ-SEC-B,630.0,619.8,687.8,,,68.0,60.98911976990466,LIGHT RAIN,28.8,1.5,4.0,HIGH,5.0,NONE,2024-06-06T10:00:00Z,SIMULATED,15.0,152.8
IR-12346,EXPRESS,NDLS,PRYJ,KNP-PRYJ-SEC-B,630.0,578.0,637.2,,,59.2,65.39768350241502,LIGHT RAIN,32.0,1.5,4.0,HIGH,5.0,NONE,2024-07-07T10:00:00Z,SIMULATED,15.0,143.0
IR-12346,EXPRESS,NDLS,PRYJ,KNP-PRYJ-SEC-B,630.0,598.4,662.1,,,63.7,63.16786533037903,CLEAR,20.8,0.0,9.0,HIGH,5.0,NONE,2024-08-08T10:00:00Z,SIMULATED,15.0,147.9
IR-12346,EXPRESS,NDLS,PRYJ,KNP-PRYJ-SEC-B,630.0,566.2,622.7,,,56.5,66.76163640687389,CLEAR,23.2,0.0,9.0,HIGH,5.0,NONE,2024-09-09T10:00:00Z,SIMULATED,15.0,140.0
IR-12346,EXPRESS,NDLS,PRYJ,KNP-PRYJ-SEC-B,630.0,600.9,665.1,,,64.2,62.90319326377984,CLEAR,25.6,0.0,9.0,HIGH,5.0,NONE,2024-10-10T10:00:00Z,SIMULATED,15.0,148.5
IR-12346,EXPRESS,NDLS,PRYJ,KNP-PRYJ-SEC-B,630.0,603.6,668.4,,,64.8,62.62040556233791,CLEAR,28.8,0.0,9.0,HIGH,5.0,NONE,2024-11-11T10:00:00Z,SIMULATED,15.0,149.2
IR-12346,EXPRESS,NDLS,PRYJ,KNP-PRYJ-SEC-B,630.0,588.8,650.4,,,61.6,64.197353000166,CLEAR,32.0,0.0,9.0,HIGH,5.0,NONE,2024-12-12T10:00:00Z,SIMULATED,15.0,145.6
IR-12346,EXPRESS,NDLS,PRYJ,KNP-PRYJ-SEC-B,630.0,606.9,672.3,,,65.4,62.27970802751746,CLEAR,20.8,0.0,9.0,HIGH,5.0,NONE,2024-01-13T10:00:00Z,SIMULATED,15.0,149.9
IR-12346,EXPRESS,NDLS,PRYJ,KNP-PRYJ-SEC-B,630.0,556.1,610.2,,,54.1,67.96987623594013,CLEAR,23.2,0.0,9.0,HIGH,5.0,NONE,2024-02-14T10:00:00Z,SIMULATED,15.0,137.3
IR-12346,EXPRESS,NDLS,PRYJ,KNP-PRYJ-SEC-B,630.0,594.7,657.6,,,62.9,63.55861494200319,CLEAR,25.6,0.0,9.0,HIGH,5.0,NONE,2024-03-15T10:00:00Z,SIMULATED,15.0,147.1
IR-12346,EXPRESS,NDLS,PRYJ,KNP-PRYJ-SEC-B,630.0,599.8,663.7,,,63.9,63.02605765543228,CLEAR,28.8,0.0,9.0,HIGH,5.0,NONE,2024-04-16T10:00:00Z,SIMULATED,15.0,148.2
IR-12346,EXPRESS,NDLS,PRYJ,KNP-PRYJ-SEC-B,630.0,574.1,632.4,,,58.3,65.84187911831933,CLEAR,32.0,0.0,9.0,HIGH,5.0,NONE,2024-05-17T10:00:00Z,SIMULATED,15.0,142.0
IR-12346,EXPRESS,NDLS,PRYJ,KNP-PRYJ-SEC-B,630.0,628.1,697.7,,,69.6,60.17743537562317,FOGGY,20.8,0.0,1.5,HIGH,5.0,NONE,2024-06-18T10:00:00Z,SIMULATED,15.0,154.6
IR-12346,EXPRESS,NDLS,PRYJ,KNP-PRYJ-SEC-B,630.0,583.0,643.3,,,60.3,64.84082061686422,LIGHT RAIN,23.2,1.5,4.0,HIGH,5.0,NONE,2024-07-19T10:00:00Z,SIMULATED,15.0,144.2
IR-12346,EXPRESS,NDLS,PRYJ,KNP-PRYJ-SEC-B,630.0,589.4,651.1,,,61.7,64.13758647628119,LIGHT RAIN,25.6,1.5,4.0,HIGH,5.0,NONE,2024-08-20T10:00:00Z,SIMULATED,15.0,145.7
IR-12346,EXPRESS,NDLS,PRYJ,KNP-PRYJ-SEC-B,630.0,599.1,662.9,,,63.8,63.08969039273544,LIGHT RAIN,28.8,1.5,4.0,HIGH,5.0,NONE,2024-09-21T10:00:00Z,SIMULATED,15.0,148.1
IR-12346,EXPRESS,NDLS,PRYJ,KNP-PRYJ-SEC-B,630.0,591.5,653.7,,,62.2,63.90665002799007,LIGHT RAIN,32.0,1.5,4.0,HIGH,5.0,NONE,2024-10-22T10:00:00Z,SIMULATED,15.0,146.3
IR-12346,EXPRESS,NDLS,PRYJ,KNP-PRYJ-SEC-B,630.0,573.9,632.2,,,58.3,65.86072330708475,CLEAR,20.8,0.0,9.0,HIGH,5.0,NONE,2024-11-23T10:00:00Z,SIMULATED,15.0,142.0
IR-12346,EXPRESS,NDLS,PRYJ,KNP-PRYJ-SEC-B,630.0,585.9,646.9,,,61.0,64.51319157548086,CLEAR,23.2,0.0,9.0,HIGH,5.0,NONE,2024-12-24T10:00:00Z,SIMULATED,15.0,145.0
IR-12346,EXPRESS,NDLS,PRYJ,KNP-PRYJ-SEC-B,630.0,570.2,627.6,,,57.4,66.29185573312655,CLEAR,25.6,0.0,9.0,HIGH,5.0,NONE,2024-01-25T10:00:00Z,SIMULATED,15.0,141.0
IR-12346,EXPRESS,NDLS,PRYJ,KNP-PRYJ-SEC-B,630.0,605.7,670.9,,,65.2,62.41035268445075,CLEAR,28.8,0.0,9.0,HIGH,5.0,NONE,2024-02-26T10:00:00Z,SIMULATED,15.0,149.6
IR-12346,EXPRESS,NDLS,PRYJ,KNP-PRYJ-SEC-B,630.0,568.5,625.5,,,57.0,66.4932411704001,CLEAR,32.0,0.0,9.0,HIGH,5.0,NONE,2024-03-27T10:00:00Z,SIMULATED,15.0,140.5
IR-12346,EXPRESS,NDLS,PRYJ,KNP-PRYJ-SEC-B,630.0,610.1,676.2,,,66.1,61.95230102885829,CLEAR,20.8,0.0,9.0,HIGH,5.0,NONE,2024-04-28T10:00:00Z,SIMULATED,15.0,150.6
IR-12346,EXPRESS,NDLS,PRYJ,KNP-PRYJ-SEC-B,630.0,566.9,623.5,,,56.6,66.68340151012309,CLEAR,23.2,0.0,9.0,HIGH,5.0,NONE,2024-05-01T10:00:00Z,SIMULATED,15.0,140.1
IR-12346,EXPRESS,NDLS,PRYJ,KNP-PRYJ-SEC-B,630.0,571.4,629.1,,,57.7,66.147944774835,CLEAR,25.6,0.0,9.0,HIGH,5.0,NONE,2024-06-02T10:00:00Z,SIMULATED,15.0,141.3
IR-12346,EXPRESS,NDLS,PRYJ,KNP-PRYJ-SEC-B,630.0,576.9,635.8,,,58.9,65.52645685698715,CLEAR,28.8,0.0,9.0,HIGH,5.0,NONE,2024-07-03T10:00:00Z,SIMULATED,15.0,142.6
IR-12346,EXPRESS,NDLS,PRYJ,KNP-PRYJ-SEC-B,630.0,566.2,622.7,,,56.5,66.75845079367983,CLEAR,32.0,0.0,9.0,HIGH,5.0,NONE,2024-08-04T10:00:00Z,SIMULATED,15.0,140.0
IR-12346,EXPRESS,NDLS,PRYJ,KNP-PRYJ-SEC-B,630.0,630.1,700.1,,,70.0,59.99359128490618,FOGGY,20.8,0.0,1.5,HIGH,5.0,NONE,2024-09-05T10:00:00Z,SIMULATED,15.0,155.0
IR-12346,EXPRESS,NDLS,PRYJ,KNP-PRYJ-SEC-B,630.0,570.5,628.0,,,57.5,66.2559383946624,LIGHT RAIN,23.2,1.5,4.0,HIGH,5.0,NONE,2024-10-06T10:00:00Z,SIMULATED,15.0,141.1
IR-12346,EXPRESS,NDLS,PRYJ,KNP-PRYJ-SEC-B,630.0,583.9,644.4,,,60.5,64.74163272299202,LIGHT RAIN,25.6,1.5,4.0,HIGH,5.0,NONE,2024-11-07T10:00:00Z,SIMULATED,15.0,144.4
IR-12346,EXPRESS,NDLS,PRYJ,KNP-PRYJ-SEC-B,630.0,618.9,686.8,,,67.9,61.07233875053672,LIGHT RAIN,28.8,1.5,4.0,HIGH,5.0,NONE,2024-12-08T10:00:00Z,SIMULATED,15.0,152.6
IR-12346,EXPRESS,NDLS,PRYJ,KNP-PRYJ-SEC-B,630.0,580.9,640.8,,,59.9,65.07407104933328,LIGHT RAIN,32.0,1.5,4.0,HIGH,5.0,NONE,2024-01-09T10:00:00Z,SIMULATED,15.0,143.7
IR-12346,EXPRESS,NDLS,PRYJ,KNP-PRYJ-SEC-B,675.0,622.7,682.6,,,59.9,65.03904832629694,FOGGY,20.8,0.0,1.5,HIGH,5.0,NONE,2024-02-10T10:00:00Z,SIMULATED,15.0,148.7
IR-12346,EXPRESS,NDLS,PRYJ,KNP-PRYJ-SEC-B,675.0,566.8,613.9,,,47.1,71.45691396019298,LIGHT RAIN,23.2,1.5,4.0,HIGH,5.0,NONE,2024-03-11T10:00:00Z,SIMULATED,15.0,134.7
IR-12346,EXPRESS,NDLS,PRYJ,KNP-PRYJ-SEC-B,675.0,579.0,629.1,,,50.1,69.94877496259488,LIGHT RAIN,25.6,1.5,4.0,HIGH,5.0,NONE,2024-04-12T10:00:00Z,SIMULATED,15.0,138.0
IR-12346,EXPRESS,NDLS,PRYJ,KNP-PRYJ-SEC-B,675.0,619.4,678.6,,,59.2,65.38252085903162,LIGHT RAIN,28.8,1.5,4.0,HIGH,5.0,NONE,2024-05-13T10:00:00Z,SIMULATED,15.0,148.0
IR-12346,EXPRESS,NDLS,PRYJ,KNP-PRYJ-SEC-B,675.0,571.0,619.1,,,48.1,70.92526570497674,LIGHT RAIN,32.0,1.5,4.0,HIGH,5.0,NONE,2024-06-14T10:00:00Z,SIMULATED,15.0,135.8
IR-12346,EXPRESS,NDLS,PRYJ,KNP-PRYJ-SEC-B,675.0,611.6,669.2,,,57.6,66.21632441499011,CLEAR,20.8,0.0,9.0,HIGH,5.0,NONE,2024-07-15T10:00:00Z,SIMULATED,15.0,146.2
IR-12346,EXPRESS,NDLS,PRYJ,KNP-PRYJ-SEC-B,675.0,567.1,614.3,,,47.2,71.41703553605653,CLEAR,23.2,0.0,9.0,HIGH,5.0,NONE,2024-08-16T10:00:00Z,SIMULATED,15.0,134.8
IR-12346,EXPRESS,NDLS,PRYJ,KNP-PRYJ-SEC-B,675.0,553.2,596.8,,,43.6,73.2133021884836,CLEAR,25.6,0.0,9.0,HIGH,5.0,NONE,2024-09-17T10:00:00Z,SIMULATED,15.0,130.9
IR-12346,EXPRESS,NDLS,PRYJ,KNP-PRYJ-SEC-B,675.0,586.9,638.9,,,52.0,69.01018378345283,CLEAR,28.8,0.0,9.0,HIGH,5.0,NONE,2024-10-18T10:00:00Z,SIMULATED,15.0,140.0
IR-12346,EXPRESS,NDLS,PRYJ,KNP-PRYJ-SEC-B,675.0,581.8,632.6,,,50.8,69.60939663980956,CLEAR,32.0,0.0,9.0,HIGH,5.0,NONE,2024-11-19T10:00:00Z,SIMULATED,15.0,138.7
IR-12346,EXPRESS,NDLS,PRYJ,KNP-PRYJ-SEC-B,675.0,599.7,654.6,,,54.9,67.53753427202824,CLEAR,20.8,0.0,9.0,HIGH,5.0,NONE,2024-12-20T10:00:00Z,SIMULATED,15.0,143.2
IR-12346,EXPRESS,NDLS,PRYJ,KNP-PRYJ-SEC-B,675.0,577.9,627.7,,,49.8,70.08304952511594,CLEAR,23.2,0.0,9.0,HIGH,5.0,NONE,2024-01-21T10:00:00Z,SIMULATED,15.0,137.6
IR-12346,EXPRESS,NDLS,PRYJ,KNP-PRYJ-SEC-B,675.0,565.9,612.8,,,46.9,71.57005689786897,CLEAR,25.6,0.0,9.0,HIGH,5.0,NONE,2024-02-22T10:00:00Z,SIMULATED,15.0,134.5
IR-12346,EXPRESS,NDLS,PRYJ,KNP-PRYJ-SEC-B,675.0,599.0,653.8,,,54.8,67.61683094045489,CLEAR,28.8,0.0,9.0,HIGH,5.0,NONE,2024-03-23T10:00:00Z,SIMULATED,15.0,143.1
IR-12346,EXPRESS,NDLS,PRYJ,KNP-PRYJ-SEC-B,675.0,580.6,631.1,,,50.5,69.74977322658543,CLEAR,32.0,0.0,9.0,HIGH,5.0,NONE,2024-04-24T10:00:00Z,SIMULATED,15.0,138.4
IR-12346,EXPRESS,NDLS,PRYJ,KNP-PRYJ-SEC-B,675.0,631.0,692.6,,,61.6,64.17891872785913,FOGGY,20.8,0.0,1.5,HIGH,5.0,NONE,2024-05-25T10:00:00Z,SIMULATED,15.0,150.6
IR-12346,EXPRESS,NDLS,PRYJ,KNP-PRYJ-SEC-B,675.0,594.4,648.1,,,53.7,68.13604854881429,LIGHT RAIN,23.2,1.5,4.0,HIGH,5.0,NONE,2024-06-26T10:00:00Z,SIMULATED,15.0,141.9
IR-12346,EXPRESS,NDLS,PRYJ,KNP-PRYJ-SEC-B,675.0,580.8,631.3,,,50.5,69.72925376008297,LIGHT RAIN,25.6,1.5,4.0,HIGH,5.0,NONE,2024-07-27T10:00:00Z,SIMULATED,15.0,138.4
IR-12346,EXPRESS,NDLS,PRYJ,KNP-PRYJ-SEC-B,675.0,616.0,674.5,,,58.5,65.74540267548048,LIGHT RAIN,28.8,1.5,4.0,HIGH,5.0,NONE,2024-08-28T10:00:00Z,SIMULATED,15.0,147.2
IR-12346,EXPRESS,NDLS,PRYJ,KNP-PRYJ-SEC-B,675.0,568.4,615.9,,,47.5,71.24826279135348,LIGHT RAIN,32.0,1.5,4.0,HIGH,5.0,NONE,2024-09-01T10:00:00Z,SIMULATED,15.0,135.1
IR-12346,EXPRESS,NDLS,PRYJ,KNP-PRYJ-SEC-B,675.0,606.1,662.5,,,56.4,66.8156251490871,CLEAR,20.8,0.0,9.0,HIGH,5.0,NONE,2024-10-02T10:00:00Z,SIMULATED,15.0,144.9
IR-12346,EXPRESS,NDLS,PRYJ,KNP-PRYJ-SEC-B,675.0,569.2,616.9,,,47.7,71.15501088614268,CLEAR,23.2,0.0,9.0,HIGH,5.0,NONE,2024-11-03T10:00:00Z,SIMULATED,15.0,135.3
IR-12346,EXPRESS,NDLS,PRYJ,KNP-PRYJ-SEC-B,675.0,592.4,645.7,,,53.3,68.36083792217407,CLEAR,25.6,0.0,9.0,HIGH,5.0,NONE,2024-12-04T10:00:00Z,SIMULATED,15.0,141.5
IR-12346,EXPRESS,NDLS,PRYJ,KNP-PRYJ-SEC-B,675.0,608.6,665.5,,,56.9,66.54922032548077,CLEAR,28.8,0.0,9.0,HIGH,5.0,NONE,2024-01-05T10:00:00Z,SIMULATED,15.0,145.4
IR-12346,EXPRESS,NDLS,PRYJ,KNP-PRYJ-SEC-B,675.0,592.8,646.2,,,53.4,68.31727264171705,CLEAR,32.0,0.0,9.0,HIGH,5.0,NONE,2024-02-06T10:00:00Z,SIMULATED,15.0,141.6
IR-12346,EXPRESS,NDLS,PRYJ,KNP-PRYJ-SEC-B,675.0,617.0,675.7,,,58.7,65.63622601516543,CLEAR,20.8,0.0,9.0,HIGH,5.0,NONE,2024-03-07T10:00:00Z,SIMULATED,15.0,147.4
IR-12346,EXPRESS,NDLS,PRYJ,KNP-PRYJ-SEC-B,675.0,581.7,632.5,,,50.8,69.62342950738145,CLEAR,23.2,0.0,9.0,HIGH,5.0,NONE,2024-04-08T10:00:00Z,SIMULATED,15.0,138.7
IR-12346,EXPRESS,NDLS,PRYJ,KNP-PRYJ-SEC-B,675.0,577.5,627.2,,,49.7,70.13018213528318,CLEAR,25.6,0.0,9.0,HIGH,5.0,NONE,2024-05-09T10:00:00Z,SIMULATED,15.0,137.5
IR-12346,EXPRESS,NDLS,PRYJ,KNP-PRYJ-SEC-B,675.0,619.4,678.6,,,59.2,65.38407318408382,CLEAR,28.8,0.0,9.0,HIGH,5.0,NONE,2024-06-10T10:00:00Z,SIMULATED,15.0,148.0
IR-12346,EXPRESS,NDLS,PRYJ,KNP-PRYJ-SEC-B,675.0,579.5,629.7,,,50.2,69.88726108361598,CLEAR,32.0,0.0,9.0,HIGH,5.0,NONE,2024-07-11T10:00:00Z,SIMULATED,15.0,138.1
IR-12346,EXPRESS,NDLS,PRYJ,KNP-PRYJ-SEC-B,675.0,639.1,702.4,,,63.3,63.36847100941169,FOGGY,20.8,0.0,1.5,HIGH,5.0,NONE,2024-08-12T10:00:00Z,SIMULATED,15.0,152.5
IR-12346,EXPRESS,NDLS,PRYJ,KNP-PRYJ-SEC-B,675.0,601.5,656.8,,,55.3,67.32759512744923,LIGHT RAIN,23.2,1.5,4.0,HIGH,5.0,NONE,2024-09-13T10:00:00Z,SIMULATED,15.0,143.7
IR-12346,EXPRESS,NDLS,PRYJ,KNP-PRYJ-SEC-B,675.0,580.7,631.2,,,50.5,69.74741329098782,LIGHT RAIN,25.6,1.5,4.0,HIGH,5.0,NONE,2024-10-14T10:00:00Z,SIMULATED,15.0,138.4
IR-12346,EXPRESS,NDLS,PRYJ,KNP-PRYJ-SEC-B,675.0,610.4,667.7,,,57.3,66.3450949833722,LIGHT RAIN,28.8,1.5,4.0,HIGH,5.0,NONE,2024-11-15T10:00:00Z,SIMULATED,15.0,145.9
IR-12346,EXPRESS,NDLS,PRYJ,KNP-PRYJ-SEC-B,675.0,568.2,615.7,,,47.5,71.27489336381569,LIGHT RAIN,32.0,1.5,4.0,HIGH,5.0,NONE,2024-12-16T10:00:00Z,SIMULATED,15.0,135.1
